# Blender 4.4.3
# www.blender.org
o Building
v -0.611949 2.542769 0.464907
v -0.464907 2.542769 0.611949
v -0.592249 2.542769 0.538428
v -0.538428 2.542769 0.592249
v -0.797087 2.375611 0.655331
v -0.655331 2.375611 0.797087
v -0.778095 2.375611 0.726209
v -0.726209 2.375611 0.778095
v -0.704518 2.520374 0.558674
v -0.558674 2.520374 0.704518
v -0.684978 2.520374 0.631596
v -0.631596 2.520374 0.684978
v -0.772283 2.459190 0.628878
v -0.628878 2.459190 0.772283
v -0.753070 2.459190 0.700580
v -0.700580 2.459190 0.753070
v -0.464907 2.542769 -0.611949
v -0.611949 2.542769 -0.464907
v -0.538428 2.542769 -0.592249
v -0.592249 2.542769 -0.538428
v -0.655331 2.375611 -0.797087
v -0.797087 2.375611 -0.655331
v -0.726209 2.375611 -0.778095
v -0.778095 2.375611 -0.726209
v -0.558674 2.520374 -0.704518
v -0.704518 2.520374 -0.558674
v -0.631596 2.520374 -0.684978
v -0.684978 2.520374 -0.631596
v -0.628878 2.459190 -0.772283
v -0.772283 2.459190 -0.628878
v -0.700580 2.459190 -0.753070
v -0.753070 2.459190 -0.700580
v 0.464907 2.542769 0.611949
v 0.611949 2.542769 0.464907
v 0.538428 2.542769 0.592249
v 0.592249 2.542769 0.538428
v 0.655331 2.375611 0.797087
v 0.797087 2.375611 0.655331
v 0.726209 2.375611 0.778095
v 0.778095 2.375611 0.726209
v 0.558674 2.520374 0.704518
v 0.704518 2.520374 0.558674
v 0.631596 2.520374 0.684978
v 0.684978 2.520374 0.631596
v 0.628878 2.459190 0.772283
v 0.772283 2.459190 0.628878
v 0.700580 2.459190 0.753070
v 0.753070 2.459190 0.700580
v 0.611949 2.542769 -0.464907
v 0.464907 2.542769 -0.611949
v 0.592249 2.542769 -0.538428
v 0.538428 2.542769 -0.592249
v 0.797087 2.375611 -0.655331
v 0.655331 2.375611 -0.797087
v 0.778095 2.375611 -0.726209
v 0.726209 2.375611 -0.778095
v 0.704518 2.520374 -0.558674
v 0.558674 2.520374 -0.704518
v 0.684978 2.520374 -0.631596
v 0.631596 2.520374 -0.684978
v 0.772283 2.459190 -0.628878
v 0.628878 2.459190 -0.772283
v 0.753070 2.459190 -0.700580
v 0.700580 2.459190 -0.753070
v -0.643773 0.057317 0.704959
v -0.655879 0.149444 0.797087
v -0.649835 0.069659 0.751023
v -0.654266 0.103380 0.784744
v -0.704959 0.057317 0.643773
v -0.797087 0.149444 0.655879
v -0.751023 0.069659 0.649835
v -0.784744 0.103380 0.654266
v -0.678806 0.057317 0.695572
v -0.726483 0.149444 0.778169
v -0.702648 0.069659 0.736872
v -0.720100 0.103380 0.767104
v -0.695572 0.057317 0.678806
v -0.778169 0.149444 0.726483
v -0.736872 0.069659 0.702648
v -0.767104 0.103380 0.720100
v -0.704959 0.057317 -0.643773
v -0.797087 0.149444 -0.655879
v -0.751023 0.069659 -0.649835
v -0.784744 0.103380 -0.654266
v -0.643773 0.057317 -0.704959
v -0.655879 0.149444 -0.797087
v -0.649835 0.069659 -0.751023
v -0.654266 0.103380 -0.784744
v -0.695572 0.057317 -0.678806
v -0.778169 0.149444 -0.726483
v -0.736872 0.069659 -0.702648
v -0.767104 0.103380 -0.720100
v -0.678806 0.057317 -0.695572
v -0.726483 0.149444 -0.778169
v -0.702648 0.069659 -0.736872
v -0.720100 0.103380 -0.767104
v 0.704959 0.057317 0.643773
v 0.797087 0.149444 0.655879
v 0.751023 0.069659 0.649835
v 0.784744 0.103380 0.654266
v 0.643773 0.057317 0.704959
v 0.655879 0.149444 0.797087
v 0.649835 0.069659 0.751023
v 0.654266 0.103380 0.784744
v 0.695572 0.057317 0.678806
v 0.778169 0.149444 0.726483
v 0.736872 0.069659 0.702648
v 0.767104 0.103380 0.720100
v 0.678806 0.057317 0.695572
v 0.726483 0.149444 0.778169
v 0.702648 0.069659 0.736872
v 0.720100 0.103380 0.767104
v 0.643773 0.057317 -0.704959
v 0.655879 0.149444 -0.797087
v 0.649835 0.069659 -0.751023
v 0.654266 0.103380 -0.784744
v 0.704959 0.057317 -0.643773
v 0.797087 0.149444 -0.655879
v 0.751023 0.069659 -0.649835
v 0.784744 0.103380 -0.654266
v 0.678806 0.057317 -0.695572
v 0.726483 0.149444 -0.778169
v 0.702648 0.069659 -0.736872
v 0.720100 0.103380 -0.767104
v 0.695572 0.057317 -0.678806
v 0.778169 0.149444 -0.726483
v 0.736872 0.069659 -0.702648
v 0.767104 0.103380 -0.720100
vn -0.1199 0.9927 0.0084
vn -0.0084 0.9927 0.1199
vn -0.0922 0.9946 0.0465
vn -0.0465 0.9946 0.0922
vn -0.9771 0.1615 0.1384
vn -0.1384 0.1615 0.9771
vn -0.8467 0.1893 0.4973
vn -0.4973 0.1893 0.8467
vn -0.4491 0.8923 0.0457
vn -0.0457 0.8923 0.4491
vn -0.3517 0.9169 0.1886
vn -0.1886 0.9169 0.3517
vn -0.8174 0.5656 0.1091
vn -0.1091 0.5656 0.8174
vn -0.6840 0.6150 0.3923
vn -0.3923 0.6150 0.6840
vn -0.0084 0.9927 -0.1199
vn -0.1199 0.9927 -0.0084
vn -0.0465 0.9946 -0.0922
vn -0.0922 0.9946 -0.0465
vn -0.1384 0.1615 -0.9771
vn -0.9771 0.1615 -0.1384
vn -0.4973 0.1893 -0.8467
vn -0.8467 0.1893 -0.4973
vn -0.0457 0.8923 -0.4491
vn -0.4491 0.8923 -0.0457
vn -0.1886 0.9169 -0.3517
vn -0.3517 0.9169 -0.1886
vn -0.1091 0.5656 -0.8174
vn -0.8174 0.5656 -0.1091
vn -0.3923 0.6150 -0.6840
vn -0.6840 0.6150 -0.3923
vn 0.0084 0.9927 0.1199
vn 0.1199 0.9927 0.0084
vn 0.0465 0.9946 0.0922
vn 0.0922 0.9946 0.0465
vn 0.1384 0.1615 0.9771
vn 0.9771 0.1615 0.1384
vn 0.4973 0.1893 0.8467
vn 0.8467 0.1893 0.4973
vn 0.0457 0.8923 0.4491
vn 0.4491 0.8923 0.0457
vn 0.1886 0.9169 0.3517
vn 0.3517 0.9169 0.1886
vn 0.1091 0.5656 0.8174
vn 0.8174 0.5656 0.1091
vn 0.3923 0.6150 0.6840
vn 0.6840 0.6150 0.3923
vn 0.1199 0.9927 -0.0084
vn 0.0084 0.9927 -0.1199
vn 0.0922 0.9946 -0.0465
vn 0.0465 0.9946 -0.0922
vn 0.9771 0.1615 -0.1384
vn 0.1384 0.1615 -0.9771
vn 0.8467 0.1893 -0.4973
vn 0.4973 0.1893 -0.8467
vn 0.4491 0.8923 -0.0457
vn 0.0457 0.8923 -0.4491
vn 0.3517 0.9169 -0.1886
vn 0.1886 0.9169 -0.3517
vn 0.8174 0.5656 -0.1091
vn 0.1091 0.5656 -0.8174
vn 0.6840 0.6150 -0.3923
vn 0.3923 0.6150 -0.6840
vn -0.0183 -0.9901 0.1388
vn -0.1294 -0.1302 0.9830
vn -0.0670 -0.8584 0.5086
vn -0.1135 -0.4936 0.8622
vn -0.1388 -0.9901 0.0183
vn -0.9830 -0.1302 0.1294
vn -0.5086 -0.8584 0.0670
vn -0.8622 -0.4936 0.1135
vn -0.0734 -0.9892 0.1272
vn -0.4956 -0.1319 0.8585
vn -0.2598 -0.8544 0.4501
vn -0.4350 -0.4930 0.7535
vn -0.1272 -0.9892 0.0734
vn -0.8585 -0.1319 0.4956
vn -0.4501 -0.8544 0.2598
vn -0.7535 -0.4930 0.4350
vn -0.1388 -0.9901 -0.0183
vn -0.9830 -0.1302 -0.1294
vn -0.5086 -0.8584 -0.0670
vn -0.8622 -0.4936 -0.1135
vn -0.0183 -0.9901 -0.1388
vn -0.1294 -0.1302 -0.9830
vn -0.0670 -0.8584 -0.5086
vn -0.1135 -0.4936 -0.8622
vn -0.1272 -0.9892 -0.0734
vn -0.8585 -0.1319 -0.4956
vn -0.4501 -0.8544 -0.2598
vn -0.7535 -0.4930 -0.4350
vn -0.0734 -0.9892 -0.1272
vn -0.4956 -0.1319 -0.8585
vn -0.2598 -0.8544 -0.4501
vn -0.4350 -0.4930 -0.7535
vn 0.1388 -0.9901 0.0183
vn 0.9830 -0.1302 0.1294
vn 0.5086 -0.8584 0.0670
vn 0.8622 -0.4936 0.1135
vn 0.0183 -0.9901 0.1388
vn 0.1294 -0.1302 0.9830
vn 0.0670 -0.8584 0.5086
vn 0.1135 -0.4936 0.8622
vn 0.1272 -0.9892 0.0734
vn 0.8585 -0.1319 0.4956
vn 0.4501 -0.8544 0.2598
vn 0.7535 -0.4930 0.4350
vn 0.0734 -0.9892 0.1272
vn 0.4956 -0.1319 0.8585
vn 0.2598 -0.8544 0.4501
vn 0.4350 -0.4930 0.7535
vn 0.0183 -0.9901 -0.1388
vn 0.1294 -0.1302 -0.9830
vn 0.0670 -0.8584 -0.5086
vn 0.1135 -0.4936 -0.8622
vn 0.1388 -0.9901 -0.0183
vn 0.9830 -0.1302 -0.1294
vn 0.5086 -0.8584 -0.0670
vn 0.8622 -0.4936 -0.1135
vn 0.0734 -0.9892 -0.1272
vn 0.4956 -0.1319 -0.8585
vn 0.2598 -0.8544 -0.4501
vn 0.4350 -0.4930 -0.7535
vn 0.1272 -0.9892 -0.0734
vn 0.8585 -0.1319 -0.4956
vn 0.4501 -0.8544 -0.2598
vn 0.7535 -0.4930 -0.4350
vt 0.633032 0.178845
vt 0.661927 0.178845
vt 0.662534 0.180827
vt 0.632424 0.180827
vt 0.636799 0.175104
vt 0.658160 0.175104
vt 0.660314 0.177230
vt 0.634645 0.177230
vt 0.667261 0.142734
vt 0.717872 0.142734
vt 0.717872 0.144356
vt 0.667261 0.144362
vt 0.667261 0.176101
vt 0.717872 0.176113
vt 0.717872 0.177735
vt 0.667261 0.177729
vt 0.630790 0.231438
vt 0.630796 0.180827
vt 0.632412 0.231438
vt 0.633421 0.150365
vt 0.633857 0.148676
vt 0.635110 0.147423
vt 0.636799 0.146987
vt 0.658160 0.146987
vt 0.659849 0.147423
vt 0.661102 0.148676
vt 0.661538 0.150365
vt 0.661538 0.171726
vt 0.661102 0.173415
vt 0.659849 0.174668
vt 0.635110 0.174668
vt 0.633857 0.173415
vt 0.633421 0.171726
vt 0.663664 0.173880
vt 0.663664 0.148211
vt 0.665279 0.146598
vt 0.665279 0.175493
vt 0.661927 0.143246
vt 0.633032 0.143246
vt 0.632424 0.141264
vt 0.662534 0.141264
vt 0.631294 0.173880
vt 0.631294 0.148211
vt 0.660314 0.144860
vt 0.634645 0.144860
vt 0.629680 0.146598
vt 0.629680 0.175493
vt 0.627698 0.176101
vt 0.627698 0.145990
vt 0.667261 0.145990
vt 0.717872 0.179357
vt 0.667261 0.179357
vt 0.661989 0.176890
vt 0.663324 0.175555
vt 0.661989 0.145201
vt 0.663324 0.146536
vt 0.663574 0.178593
vt 0.665027 0.177140
vt 0.663574 0.143498
vt 0.665027 0.144951
vt 0.665221 0.178845
vt 0.665636 0.180290
vt 0.666723 0.179202
vt 0.665279 0.178787
vt 0.665155 0.177140
vt 0.667138 0.177729
vt 0.665636 0.141801
vt 0.665221 0.143246
vt 0.665279 0.143304
vt 0.666723 0.142888
vt 0.667138 0.144362
vt 0.665155 0.144951
vt 0.631635 0.146536
vt 0.632970 0.145201
vt 0.629932 0.144951
vt 0.631385 0.143498
vt 0.628235 0.142888
vt 0.629680 0.143304
vt 0.629738 0.143246
vt 0.629322 0.141801
vt 0.630796 0.141387
vt 0.631385 0.143370
vt 0.632970 0.176890
vt 0.631635 0.175555
vt 0.631385 0.178593
vt 0.629932 0.177140
vt 0.630796 0.180704
vt 0.631385 0.178721
vt 0.629322 0.180290
vt 0.629738 0.178845
vt 0.629680 0.178787
vt 0.628235 0.179202
vt 0.577087 0.145978
vt 0.577087 0.176113
vt 0.630796 0.141264
vt 0.630790 0.090653
vt 0.632412 0.090653
vt 0.629168 0.231438
vt 0.629168 0.180827
vt 0.717872 0.145978
vt 0.662547 0.231438
vt 0.662547 0.090653
vt 0.627698 0.179357
vt 0.577087 0.179357
vt 0.665791 0.090653
vt 0.665791 0.141264
vt 0.629168 0.141264
vt 0.629168 0.090653
vt 0.577087 0.142734
vt 0.627698 0.142734
vt 0.665791 0.180827
vt 0.665791 0.231438
vt 0.631500 0.054652
vt 0.631284 0.055457
vt 0.630226 0.055318
vt 0.630551 0.054105
vt 0.629177 0.055143
vt 0.629583 0.053630
vt 0.574992 0.179210
vt 0.574992 0.176185
vt 0.631885 0.054267
vt 0.631337 0.053318
vt 0.629656 0.053503
vt 0.630736 0.052423
vt 0.630716 0.233533
vt 0.629241 0.233533
vt 0.632690 0.054052
vt 0.632551 0.052993
vt 0.630863 0.052350
vt 0.632375 0.051945
vt 0.632375 0.233533
vt 0.630863 0.233533
vt 0.663674 0.055457
vt 0.663459 0.054652
vt 0.664408 0.054105
vt 0.664733 0.055318
vt 0.665376 0.053630
vt 0.665781 0.055143
vt 0.719967 0.176149
vt 0.719967 0.177662
vt 0.663074 0.054267
vt 0.663621 0.053318
vt 0.664223 0.052423
vt 0.665303 0.053503
vt 0.719967 0.177809
vt 0.719967 0.179284
vt 0.662269 0.054052
vt 0.662408 0.052993
vt 0.662583 0.051945
vt 0.664096 0.052350
vt 0.665644 0.233533
vt 0.662619 0.233533
vt 0.662269 0.086442
vt 0.663074 0.086226
vt 0.663621 0.087175
vt 0.662408 0.087500
vt 0.664096 0.088144
vt 0.662583 0.088549
vt 0.662619 0.088558
vt 0.665644 0.088558
vt 0.663459 0.085841
vt 0.664408 0.086389
vt 0.665303 0.086990
vt 0.664223 0.088070
vt 0.719967 0.142807
vt 0.719967 0.144282
vt 0.663674 0.085036
vt 0.664733 0.085175
vt 0.665781 0.085351
vt 0.665376 0.086863
vt 0.719967 0.144429
vt 0.719967 0.145942
vt 0.631284 0.085036
vt 0.631500 0.085841
vt 0.630551 0.086389
vt 0.630226 0.085175
vt 0.629583 0.086863
vt 0.629177 0.085351
vt 0.574992 0.145906
vt 0.574992 0.142881
vt 0.631885 0.086226
vt 0.631337 0.087175
vt 0.630736 0.088070
vt 0.629656 0.086990
vt 0.629241 0.088558
vt 0.630716 0.088558
vt 0.632690 0.086442
vt 0.632551 0.087500
vt 0.632412 0.089606
vt 0.630863 0.089606
vt 0.719967 0.146015
vt 0.719967 0.176076
vt 0.665791 0.055216
vt 0.665791 0.085277
vt 0.662510 0.089606
vt 0.574992 0.176076
vt 0.574992 0.146015
vt 0.629168 0.085277
vt 0.629168 0.055216
vt 0.662510 0.233533
vt 0.632449 0.233533
vt 0.632449 0.051935
vt 0.662510 0.051935
s 1
f 45/1/45 14/2/14 6/3/6 37/4/37
f 33/5/33 2/6/2 10/7/10 41/8/41
f 23/9/23 94/10/94 90/11/90 24/12/24
f 5/13/5 70/14/70 78/15/78 7/16/7
f 110/17/110 39/18/39 37/4/37 102/19/102
f 49/20/49 51/21/51 52/22/52 50/23/50 17/24/17 19/25/19 20/26/20 18/27/18 1/28/1 3/29/3 4/30/4 2/6/2 33/5/33 35/31/35 36/32/36 34/33/34
f 41/8/41 10/7/10 14/2/14 45/1/45
f 9/34/9 26/35/26 30/36/30 13/37/13
f 29/38/29 62/39/62 54/40/54 21/41/21
f 49/20/49 34/33/34 42/42/42 57/43/57
f 25/44/25 58/45/58 62/39/62 29/38/29
f 61/46/61 46/47/46 38/48/38 53/49/53
f 57/43/57 42/42/42 46/47/46 61/46/61
f 1/28/1 18/27/18 26/35/26 9/34/9
f 17/24/17 50/23/50 58/45/58 25/44/25
f 13/37/13 30/36/30 22/50/22 5/13/5
f 7/16/7 78/15/78 74/51/74 8/52/8
f 10/7/10 2/6/2 4/30/4 12/53/12
f 12/53/12 4/30/4 3/29/3 11/54/11
f 11/54/11 3/29/3 1/28/1 9/34/9
f 17/24/17 25/44/25 27/55/27 19/25/19
f 19/25/19 27/55/27 28/56/28 20/26/20
f 20/26/20 28/56/28 26/35/26 18/27/18
f 14/2/14 10/7/10 12/53/12 16/57/16
f 16/57/16 12/53/12 11/54/11 15/58/15
f 15/58/15 11/54/11 9/34/9 13/37/13
f 25/44/25 29/38/29 31/59/31 27/55/27
f 27/55/27 31/59/31 32/60/32 28/56/28
f 28/56/28 32/60/32 30/36/30 26/35/26
f 6/3/6 14/2/14 16/61/16 8/62/8
f 8/63/8 16/64/16 15/65/15 7/66/7
f 7/66/7 15/65/15 13/37/13 5/13/5
f 29/38/29 21/41/21 23/67/23 31/68/31
f 31/69/31 23/70/23 24/71/24 32/72/32
f 32/72/32 24/71/24 22/50/22 30/36/30
f 49/20/49 57/43/57 59/73/59 51/21/51
f 51/21/51 59/73/59 60/74/60 52/22/52
f 52/22/52 60/74/60 58/45/58 50/23/50
f 57/43/57 61/46/61 63/75/63 59/73/59
f 59/73/59 63/75/63 64/76/64 60/74/60
f 60/74/60 64/76/64 62/39/62 58/45/58
f 61/46/61 53/49/53 55/77/55 63/78/63
f 63/79/63 55/80/55 56/81/56 64/82/64
f 64/82/64 56/81/56 54/40/54 62/39/62
f 33/5/33 41/8/41 43/83/43 35/31/35
f 35/31/35 43/83/43 44/84/44 36/32/36
f 36/32/36 44/84/44 42/42/42 34/33/34
f 41/8/41 45/1/45 47/85/47 43/83/43
f 43/83/43 47/85/47 48/86/48 44/84/44
f 44/84/44 48/86/48 46/47/46 42/42/42
f 45/1/45 37/4/37 39/87/39 47/88/47
f 47/88/47 39/87/39 40/89/40 48/90/48
f 48/91/48 40/92/40 38/48/38 46/47/46
f 118/93/118 53/49/53 38/48/38 98/94/98
f 56/95/56 122/96/122 114/97/114 54/40/54
f 106/98/106 40/99/40 39/18/39 110/17/110
f 70/14/70 5/13/5 22/50/22 82/100/82
f 24/12/24 90/11/90 82/100/82 22/50/22
f 102/19/102 37/4/37 6/3/6 66/101/66
f 86/102/86 21/41/21 54/40/54 114/97/114
f 98/94/98 38/48/38 40/103/40 106/104/106
f 21/41/21 86/102/86 94/105/94 23/106/23
f 55/107/55 126/108/126 122/96/122 56/95/56
f 53/49/53 118/93/118 126/109/126 55/110/55
f 8/111/8 74/112/74 66/101/66 6/3/6
f 105/113/105 97/114/97 99/115/99 107/116/107
f 107/116/107 99/115/99 100/117/100 108/118/108
f 108/119/108 100/120/100 98/94/98 106/104/106
f 109/121/109 105/113/105 107/116/107 111/122/111
f 111/122/111 107/116/107 108/123/108 112/124/112
f 112/125/112 108/126/108 106/98/106 110/17/110
f 101/127/101 109/121/109 111/122/111 103/128/103
f 103/128/103 111/122/111 112/129/112 104/130/104
f 104/131/104 112/132/112 110/17/110 102/19/102
f 69/133/69 77/134/77 79/135/79 71/136/71
f 71/136/71 79/135/79 80/137/80 72/138/72
f 72/139/72 80/140/80 78/15/78 70/14/70
f 77/134/77 73/141/73 75/142/75 79/135/79
f 79/135/79 75/142/75 76/143/76 80/144/80
f 80/145/80 76/146/76 74/51/74 78/15/78
f 73/141/73 65/147/65 67/148/67 75/142/75
f 75/142/75 67/148/67 68/149/68 76/150/76
f 76/151/76 68/152/68 66/101/66 74/112/74
f 85/153/85 93/154/93 95/155/95 87/156/87
f 87/156/87 95/155/95 96/157/96 88/158/88
f 88/159/88 96/160/96 94/105/94 86/102/86
f 93/154/93 89/161/89 91/162/91 95/155/95
f 95/155/95 91/162/91 92/163/92 96/164/96
f 96/165/96 92/166/92 90/11/90 94/10/94
f 89/161/89 81/167/81 83/168/83 91/162/91
f 91/162/91 83/168/83 84/169/84 92/170/92
f 92/171/92 84/172/84 82/100/82 90/11/90
f 117/173/117 125/174/125 127/175/127 119/176/119
f 119/176/119 127/175/127 128/177/128 120/178/120
f 120/179/120 128/180/128 126/109/126 118/93/118
f 125/174/125 121/181/121 123/182/123 127/175/127
f 127/175/127 123/182/123 124/183/124 128/184/128
f 128/185/128 124/186/124 122/96/122 126/108/126
f 121/181/121 113/187/113 115/188/115 123/182/123
f 123/182/123 115/188/115 116/189/116 124/190/124
f 124/190/124 116/189/116 114/97/114 122/96/122
f 70/14/70 82/100/82 84/191/84 72/192/72
f 72/193/72 84/194/84 83/168/83 71/136/71
f 71/136/71 83/168/83 81/167/81 69/133/69
f 86/102/86 114/97/114 116/189/116 88/195/88
f 88/195/88 116/189/116 115/188/115 87/156/87
f 87/156/87 115/188/115 113/187/113 85/153/85
f 118/93/118 98/94/98 100/196/100 120/197/120
f 120/198/120 100/199/100 99/115/99 119/176/119
f 119/176/119 99/115/99 97/114/97 117/173/117
f 102/19/102 66/101/66 68/200/68 104/201/104
f 104/202/104 68/203/68 67/148/67 103/128/103
f 103/128/103 67/148/67 65/147/65 101/127/101
f 81/167/81 89/161/89 93/154/93 85/153/85 113/187/113 121/181/121 125/174/125 117/173/117 97/114/97 105/113/105 109/121/109 101/127/101 65/147/65 73/141/73 77/134/77 69/133/69
o Building.003
v -0.568505 2.296162 0.870115
v -0.519317 2.296162 0.879918
v -0.561915 2.296162 0.875017
v -0.543911 2.296162 0.878605
v -0.630438 2.257674 0.882810
v -0.583018 2.257674 0.892261
v -0.624085 2.257674 0.887536
v -0.606728 2.257674 0.890995
v -0.599472 2.291005 0.876366
v -0.550684 2.291005 0.886090
v -0.592936 2.291005 0.881228
v -0.575078 2.291005 0.884787
v -0.622141 2.276918 0.881047
v -0.574169 2.276918 0.890607
v -0.615714 2.276918 0.885827
v -0.598155 2.276918 0.889326
v -0.519317 2.296162 0.798323
v -0.568505 2.296162 0.808126
v -0.543911 2.296162 0.799636
v -0.561915 2.296162 0.803224
v -0.583018 2.257674 0.785980
v -0.630438 2.257674 0.795430
v -0.606728 2.257674 0.787246
v -0.624085 2.257674 0.790705
v -0.550684 2.291005 0.792151
v -0.599472 2.291005 0.801874
v -0.575078 2.291005 0.793454
v -0.592936 2.291005 0.797013
v -0.574169 2.276918 0.787633
v -0.622141 2.276918 0.797194
v -0.598155 2.276918 0.788914
v -0.615714 2.276918 0.792414
v -0.208273 2.296162 0.879918
v -0.159084 2.296162 0.870115
v -0.183678 2.296162 0.878605
v -0.165674 2.296162 0.875017
v -0.144571 2.257674 0.892261
v -0.097151 2.257674 0.882810
v -0.120861 2.257674 0.890995
v -0.103504 2.257674 0.887536
v -0.176905 2.291005 0.886090
v -0.128117 2.291005 0.876366
v -0.152511 2.291005 0.884787
v -0.134654 2.291005 0.881228
v -0.153421 2.276918 0.890607
v -0.105448 2.276918 0.881047
v -0.129434 2.276918 0.889326
v -0.111875 2.276918 0.885827
v -0.159084 2.296162 0.808126
v -0.208273 2.296162 0.798323
v -0.165674 2.296162 0.803224
v -0.183678 2.296162 0.799636
v -0.097151 2.257674 0.795430
v -0.144571 2.257674 0.785980
v -0.103504 2.257674 0.790705
v -0.120861 2.257674 0.787246
v -0.128117 2.291005 0.801874
v -0.176905 2.291005 0.792151
v -0.134654 2.291005 0.797013
v -0.152511 2.291005 0.793454
v -0.105448 2.276918 0.797194
v -0.153421 2.276918 0.787633
v -0.111875 2.276918 0.792414
v -0.129434 2.276918 0.788914
v -0.579151 1.723899 0.886119
v -0.583201 1.745111 0.892261
v -0.581179 1.726741 0.889190
v -0.582661 1.734505 0.891438
v -0.599620 1.723899 0.882040
v -0.630438 1.745111 0.882847
v -0.615029 1.726741 0.882444
v -0.626310 1.734505 0.882739
v -0.590871 1.723899 0.885493
v -0.606820 1.745111 0.891000
v -0.598847 1.726741 0.888247
v -0.604684 1.734505 0.890262
v -0.596479 1.723899 0.884375
v -0.624110 1.745111 0.887554
v -0.610295 1.726741 0.885965
v -0.620408 1.734505 0.887128
v -0.599620 1.723899 0.796201
v -0.630438 1.745111 0.795394
v -0.615029 1.726741 0.795797
v -0.626310 1.734505 0.795501
v -0.579151 1.723899 0.792122
v -0.583201 1.745111 0.785980
v -0.581179 1.726741 0.789051
v -0.582661 1.734505 0.786803
v -0.596479 1.723899 0.793865
v -0.624110 1.745111 0.790687
v -0.610295 1.726741 0.792276
v -0.620408 1.734505 0.791112
v -0.590871 1.723899 0.792748
v -0.606820 1.745111 0.787241
v -0.598847 1.726741 0.789994
v -0.604684 1.734505 0.787979
v -0.127970 1.723899 0.882040
v -0.097151 1.745111 0.882847
v -0.112560 1.726741 0.882444
v -0.101280 1.734505 0.882739
v -0.148438 1.723899 0.886119
v -0.144388 1.745111 0.892261
v -0.146410 1.726741 0.889190
v -0.144928 1.734505 0.891438
v -0.131110 1.723899 0.884375
v -0.103479 1.745111 0.887554
v -0.117294 1.726741 0.885965
v -0.107181 1.734505 0.887128
v -0.136719 1.723899 0.885493
v -0.120769 1.745111 0.891000
v -0.128743 1.726741 0.888247
v -0.122905 1.734505 0.890262
v -0.148438 1.723899 0.792122
v -0.144388 1.745111 0.785980
v -0.146410 1.726741 0.789051
v -0.144928 1.734505 0.786803
v -0.127970 1.723899 0.796201
v -0.097151 1.745111 0.795394
v -0.112560 1.726741 0.795797
v -0.101280 1.734505 0.795501
v -0.136719 1.723899 0.792748
v -0.120769 1.745111 0.787241
v -0.128743 1.726741 0.789994
v -0.122905 1.734505 0.787979
v -0.131110 1.723899 0.793865
v -0.103479 1.745111 0.790687
v -0.117294 1.726741 0.792276
v -0.107181 1.734505 0.791112
vn -0.0828 0.9961 0.0292
vn -0.0054 0.9229 0.3851
vn -0.0629 0.9852 0.1592
vn -0.0307 0.9519 0.3049
vn -0.8000 0.1921 0.5684
vn -0.0282 0.0478 0.9985
vn -0.3196 0.1038 0.9419
vn -0.1160 0.0642 0.9912
vn -0.3228 0.9320 0.1650
vn -0.0176 0.4986 0.8666
vn -0.2104 0.7970 0.5662
vn -0.0850 0.6003 0.7953
vn -0.6376 0.6410 0.4272
vn -0.0261 0.1964 0.9802
vn -0.3017 0.3941 0.8681
vn -0.1099 0.2504 0.9619
vn -0.0054 0.9229 -0.3851
vn -0.0828 0.9961 -0.0292
vn -0.0307 0.9519 -0.3049
vn -0.0629 0.9852 -0.1592
vn -0.0282 0.0478 -0.9985
vn -0.8000 0.1921 -0.5684
vn -0.1160 0.0642 -0.9912
vn -0.3196 0.1038 -0.9419
vn -0.0176 0.4986 -0.8666
vn -0.3228 0.9320 -0.1650
vn -0.0850 0.6003 -0.7953
vn -0.2104 0.7970 -0.5662
vn -0.0261 0.1964 -0.9802
vn -0.6376 0.6410 -0.4272
vn -0.1099 0.2504 -0.9619
vn -0.3017 0.3941 -0.8681
vn 0.0054 0.9229 0.3851
vn 0.0828 0.9961 0.0292
vn 0.0307 0.9519 0.3049
vn 0.0629 0.9852 0.1592
vn 0.0282 0.0478 0.9985
vn 0.8000 0.1921 0.5684
vn 0.1160 0.0642 0.9912
vn 0.3196 0.1038 0.9419
vn 0.0176 0.4986 0.8666
vn 0.3228 0.9320 0.1650
vn 0.0850 0.6003 0.7953
vn 0.2104 0.7970 0.5662
vn 0.0261 0.1964 0.9802
vn 0.6376 0.6410 0.4272
vn 0.1099 0.2504 0.9619
vn 0.3017 0.3941 0.8681
vn 0.0828 0.9961 -0.0292
vn 0.0054 0.9229 -0.3851
vn 0.0629 0.9852 -0.1592
vn 0.0307 0.9519 -0.3049
vn 0.8000 0.1921 -0.5684
vn 0.0282 0.0478 -0.9985
vn 0.3196 0.1038 -0.9419
vn 0.1160 0.0642 -0.9912
vn 0.3228 0.9320 -0.1650
vn 0.0176 0.4986 -0.8666
vn 0.2104 0.7970 -0.5662
vn 0.0850 0.6003 -0.7953
vn 0.6376 0.6410 -0.4272
vn 0.0261 0.1964 -0.9802
vn 0.3017 0.3941 -0.8681
vn 0.1099 0.2504 -0.9619
vn -0.0114 -0.9000 0.4358
vn -0.0262 -0.0383 0.9989
vn -0.0236 -0.4389 0.8982
vn -0.0259 -0.1635 0.9862
vn -0.0959 -0.9934 0.0633
vn -0.8238 -0.1585 0.5442
vn -0.3664 -0.8984 0.2421
vn -0.6855 -0.5701 0.4528
vn -0.0467 -0.9129 0.4055
vn -0.1142 -0.0442 0.9925
vn -0.1003 -0.4793 0.8719
vn -0.1123 -0.1850 0.9763
vn -0.0854 -0.9651 0.2475
vn -0.3254 -0.0727 0.9428
vn -0.2425 -0.6689 0.7026
vn -0.3116 -0.2963 0.9028
vn -0.0959 -0.9934 -0.0633
vn -0.8238 -0.1585 -0.5442
vn -0.3664 -0.8984 -0.2421
vn -0.6855 -0.5701 -0.4528
vn -0.0114 -0.9000 -0.4358
vn -0.0262 -0.0383 -0.9989
vn -0.0236 -0.4389 -0.8982
vn -0.0259 -0.1635 -0.9862
vn -0.0854 -0.9651 -0.2475
vn -0.3254 -0.0727 -0.9428
vn -0.2425 -0.6689 -0.7026
vn -0.3116 -0.2963 -0.9028
vn -0.0467 -0.9129 -0.4055
vn -0.1142 -0.0442 -0.9925
vn -0.1003 -0.4793 -0.8719
vn -0.1123 -0.1850 -0.9763
vn 0.0959 -0.9934 0.0633
vn 0.8238 -0.1585 0.5442
vn 0.3664 -0.8984 0.2421
vn 0.6855 -0.5701 0.4528
vn 0.0114 -0.9000 0.4358
vn 0.0262 -0.0383 0.9989
vn 0.0236 -0.4389 0.8982
vn 0.0259 -0.1635 0.9862
vn 0.0854 -0.9651 0.2475
vn 0.3254 -0.0727 0.9428
vn 0.2425 -0.6689 0.7026
vn 0.3116 -0.2963 0.9028
vn 0.0467 -0.9129 0.4055
vn 0.1142 -0.0442 0.9925
vn 0.1003 -0.4793 0.8719
vn 0.1123 -0.1850 0.9763
vn 0.0114 -0.9000 -0.4358
vn 0.0262 -0.0383 -0.9989
vn 0.0236 -0.4389 -0.8982
vn 0.0259 -0.1635 -0.9862
vn 0.0959 -0.9934 -0.0633
vn 0.8238 -0.1585 -0.5442
vn 0.3664 -0.8984 -0.2421
vn 0.6855 -0.5701 -0.4528
vn 0.0467 -0.9129 -0.4055
vn 0.1142 -0.0442 -0.9925
vn 0.1003 -0.4793 -0.8719
vn 0.1123 -0.1850 -0.9763
vn 0.0854 -0.9651 -0.2475
vn 0.3254 -0.0727 -0.9428
vn 0.2425 -0.6689 -0.7026
vn 0.3116 -0.2963 -0.9028
vt 0.884164 0.681988
vt 0.906804 0.681988
vt 0.907280 0.683541
vt 0.883688 0.683541
vt 0.887115 0.679056
vt 0.903852 0.679056
vt 0.905540 0.680723
vt 0.885428 0.680723
vt 0.910984 0.653693
vt 0.950639 0.653693
vt 0.950639 0.654964
vt 0.910984 0.654969
vt 0.910984 0.679837
vt 0.950639 0.679847
vt 0.950639 0.681118
vt 0.910984 0.681113
vt 0.882407 0.723196
vt 0.882412 0.683541
vt 0.883678 0.723196
vt 0.884469 0.659673
vt 0.884810 0.658349
vt 0.885792 0.657367
vt 0.887115 0.657026
vt 0.903852 0.657026
vt 0.905176 0.657367
vt 0.906158 0.658349
vt 0.906499 0.659673
vt 0.906499 0.676410
vt 0.906158 0.677733
vt 0.905176 0.678715
vt 0.885792 0.678715
vt 0.884810 0.677733
vt 0.884469 0.676409
vt 0.908165 0.678097
vt 0.908165 0.657985
vt 0.909431 0.656721
vt 0.909431 0.679361
vt 0.906804 0.654094
vt 0.884164 0.654094
vt 0.883688 0.652541
vt 0.907280 0.652541
vt 0.884469 0.676410
vt 0.882802 0.678097
vt 0.882802 0.657985
vt 0.905540 0.655359
vt 0.885428 0.655359
vt 0.881537 0.656721
vt 0.881537 0.679361
vt 0.879984 0.679837
vt 0.879984 0.656245
vt 0.910984 0.656245
vt 0.950639 0.682389
vt 0.910984 0.682389
vt 0.906853 0.680456
vt 0.907899 0.679410
vt 0.906853 0.655626
vt 0.907899 0.656672
vt 0.908095 0.681790
vt 0.909233 0.680652
vt 0.908095 0.654292
vt 0.909233 0.655430
vt 0.909385 0.681988
vt 0.909711 0.683119
vt 0.910562 0.682268
vt 0.909431 0.681942
vt 0.909333 0.680652
vt 0.910887 0.681113
vt 0.909711 0.652963
vt 0.909385 0.654094
vt 0.909431 0.654140
vt 0.910562 0.653814
vt 0.910887 0.654969
vt 0.909333 0.655430
vt 0.883069 0.656672
vt 0.884115 0.655626
vt 0.881735 0.655430
vt 0.882873 0.654292
vt 0.880405 0.653814
vt 0.881537 0.654140
vt 0.881582 0.654094
vt 0.881257 0.652963
vt 0.882412 0.652637
vt 0.882873 0.654192
vt 0.884115 0.680456
vt 0.883069 0.679410
vt 0.882873 0.681790
vt 0.881735 0.680652
vt 0.882412 0.683445
vt 0.882873 0.681890
vt 0.881257 0.683119
vt 0.881582 0.681988
vt 0.881537 0.681942
vt 0.880405 0.682268
vt 0.840328 0.656235
vt 0.840328 0.679847
vt 0.882412 0.652541
vt 0.882407 0.612886
vt 0.883678 0.612886
vt 0.881136 0.723196
vt 0.881136 0.683541
vt 0.950639 0.656235
vt 0.907290 0.723196
vt 0.907290 0.612886
vt 0.840328 0.679847
vt 0.879984 0.682389
vt 0.840328 0.682389
vt 0.909832 0.612886
vt 0.909832 0.652541
vt 0.881136 0.652541
vt 0.881136 0.612886
vt 0.840328 0.653693
vt 0.879984 0.653693
vt 0.909832 0.683541
vt 0.909832 0.723196
vt 0.882963 0.584678
vt 0.882794 0.585308
vt 0.881965 0.585199
vt 0.882220 0.584249
vt 0.881144 0.585062
vt 0.881461 0.583877
vt 0.838687 0.682274
vt 0.838687 0.679904
vt 0.883265 0.584376
vt 0.882836 0.583633
vt 0.881519 0.583777
vt 0.882365 0.582931
vt 0.882349 0.724838
vt 0.881194 0.724838
vt 0.883896 0.584207
vt 0.883787 0.583378
vt 0.882464 0.582874
vt 0.883649 0.582556
vt 0.883649 0.724838
vt 0.882464 0.724838
vt 0.908173 0.585308
vt 0.908005 0.584678
vt 0.908748 0.584249
vt 0.909003 0.585199
vt 0.909507 0.583877
vt 0.909824 0.585062
vt 0.952281 0.679876
vt 0.952281 0.681061
vt 0.907703 0.584376
vt 0.908132 0.583633
vt 0.908603 0.582931
vt 0.909449 0.583777
vt 0.952281 0.681176
vt 0.952281 0.682331
vt 0.907072 0.584207
vt 0.907181 0.583378
vt 0.907318 0.582556
vt 0.908504 0.582874
vt 0.909717 0.724838
vt 0.907347 0.724838
vt 0.907072 0.609586
vt 0.907703 0.609417
vt 0.908132 0.610161
vt 0.907181 0.610415
vt 0.908504 0.610919
vt 0.907318 0.611237
vt 0.907347 0.611244
vt 0.909717 0.611244
vt 0.908005 0.609115
vt 0.908748 0.609545
vt 0.909449 0.610016
vt 0.908603 0.610862
vt 0.952281 0.653751
vt 0.952281 0.654906
vt 0.908173 0.608485
vt 0.909003 0.608594
vt 0.909824 0.608731
vt 0.909507 0.609916
vt 0.952281 0.655021
vt 0.952281 0.656206
vt 0.882794 0.608485
vt 0.882963 0.609115
vt 0.882220 0.609545
vt 0.881965 0.608594
vt 0.881461 0.609916
vt 0.881144 0.608731
vt 0.838687 0.656178
vt 0.838687 0.653808
vt 0.883265 0.609417
vt 0.882836 0.610161
vt 0.882365 0.610862
vt 0.881519 0.610016
vt 0.881194 0.611244
vt 0.882349 0.611244
vt 0.883896 0.609586
vt 0.883787 0.610415
vt 0.883678 0.612065
vt 0.882464 0.612065
vt 0.952281 0.656264
vt 0.952281 0.679818
vt 0.909832 0.585120
vt 0.909832 0.608674
vt 0.907261 0.612065
vt 0.838687 0.679818
vt 0.838687 0.656264
vt 0.881136 0.608674
vt 0.881136 0.585120
vt 0.907261 0.724838
vt 0.883707 0.724838
vt 0.883707 0.582549
vt 0.907261 0.582549
s 1
f 173/204/173 142/205/142 134/206/134 165/207/165
f 161/208/161 130/209/130 138/210/138 169/211/169
f 151/212/151 222/213/222 218/214/218 152/215/152
f 133/216/133 198/217/198 206/218/206 135/219/135
f 238/220/238 167/221/167 165/207/165 230/222/230
f 177/223/177 179/224/179 180/225/180 178/226/178 145/227/145 147/228/147 148/229/148 146/230/146 129/231/129 131/232/131 132/233/132 130/209/130 161/208/161 163/234/163 164/235/164 162/236/162
f 169/211/169 138/210/138 142/205/142 173/204/173
f 137/237/137 154/238/154 158/239/158 141/240/141
f 157/241/157 190/242/190 182/243/182 149/244/149
f 177/223/177 162/245/162 170/246/170 185/247/185
f 153/248/153 186/249/186 190/242/190 157/241/157
f 189/250/189 174/251/174 166/252/166 181/253/181
f 185/247/185 170/246/170 174/251/174 189/250/189
f 129/231/129 146/230/146 154/238/154 137/237/137
f 145/227/145 178/226/178 186/249/186 153/248/153
f 141/240/141 158/239/158 150/254/150 133/216/133
f 135/219/135 206/218/206 202/255/202 136/256/136
f 138/210/138 130/209/130 132/233/132 140/257/140
f 140/257/140 132/233/132 131/232/131 139/258/139
f 139/258/139 131/232/131 129/231/129 137/237/137
f 145/227/145 153/248/153 155/259/155 147/228/147
f 147/228/147 155/259/155 156/260/156 148/229/148
f 148/229/148 156/260/156 154/238/154 146/230/146
f 142/205/142 138/210/138 140/257/140 144/261/144
f 144/261/144 140/257/140 139/258/139 143/262/143
f 143/262/143 139/258/139 137/237/137 141/240/141
f 153/248/153 157/241/157 159/263/159 155/259/155
f 155/259/155 159/263/159 160/264/160 156/260/156
f 156/260/156 160/264/160 158/239/158 154/238/154
f 134/206/134 142/205/142 144/265/144 136/266/136
f 136/267/136 144/268/144 143/269/143 135/270/135
f 135/270/135 143/269/143 141/240/141 133/216/133
f 157/241/157 149/244/149 151/271/151 159/272/159
f 159/273/159 151/274/151 152/275/152 160/276/160
f 160/276/160 152/275/152 150/254/150 158/239/158
f 177/223/177 185/247/185 187/277/187 179/224/179
f 179/224/179 187/277/187 188/278/188 180/225/180
f 180/225/180 188/278/188 186/249/186 178/226/178
f 185/247/185 189/250/189 191/279/191 187/277/187
f 187/277/187 191/279/191 192/280/192 188/278/188
f 188/278/188 192/280/192 190/242/190 186/249/186
f 189/250/189 181/253/181 183/281/183 191/282/191
f 191/283/191 183/284/183 184/285/184 192/286/192
f 192/286/192 184/285/184 182/243/182 190/242/190
f 161/208/161 169/211/169 171/287/171 163/234/163
f 163/234/163 171/287/171 172/288/172 164/235/164
f 164/235/164 172/288/172 170/246/170 162/245/162
f 169/211/169 173/204/173 175/289/175 171/287/171
f 171/287/171 175/289/175 176/290/176 172/288/172
f 172/288/172 176/290/176 174/251/174 170/246/170
f 173/204/173 165/207/165 167/291/167 175/292/175
f 175/292/175 167/291/167 168/293/168 176/294/176
f 176/295/176 168/296/168 166/252/166 174/251/174
f 246/297/246 181/253/181 166/252/166 226/298/226
f 184/299/184 250/300/250 242/301/242 182/243/182
f 234/302/234 168/303/168 167/221/167 238/220/238
f 198/217/198 133/216/133 150/254/150 210/304/210
f 152/215/152 218/214/218 210/304/210 150/254/150
f 230/222/230 165/207/165 134/206/134 194/305/194
f 214/306/214 149/244/149 182/243/182 242/301/242
f 226/307/226 166/252/166 168/308/168 234/309/234
f 149/244/149 214/306/214 222/310/222 151/311/151
f 183/312/183 254/313/254 250/300/250 184/299/184
f 181/253/181 246/297/246 254/314/254 183/315/183
f 136/316/136 202/317/202 194/305/194 134/206/134
f 233/318/233 225/319/225 227/320/227 235/321/235
f 235/321/235 227/320/227 228/322/228 236/323/236
f 236/324/236 228/325/228 226/307/226 234/309/234
f 237/326/237 233/318/233 235/321/235 239/327/239
f 239/327/239 235/321/235 236/328/236 240/329/240
f 240/330/240 236/331/236 234/302/234 238/220/238
f 229/332/229 237/326/237 239/327/239 231/333/231
f 231/333/231 239/327/239 240/334/240 232/335/232
f 232/336/232 240/337/240 238/220/238 230/222/230
f 197/338/197 205/339/205 207/340/207 199/341/199
f 199/341/199 207/340/207 208/342/208 200/343/200
f 200/344/200 208/345/208 206/218/206 198/217/198
f 205/339/205 201/346/201 203/347/203 207/340/207
f 207/340/207 203/347/203 204/348/204 208/349/208
f 208/350/208 204/351/204 202/255/202 206/218/206
f 201/346/201 193/352/193 195/353/195 203/347/203
f 203/347/203 195/353/195 196/354/196 204/355/204
f 204/356/204 196/357/196 194/305/194 202/317/202
f 213/358/213 221/359/221 223/360/223 215/361/215
f 215/361/215 223/360/223 224/362/224 216/363/216
f 216/364/216 224/365/224 222/310/222 214/306/214
f 221/359/221 217/366/217 219/367/219 223/360/223
f 223/360/223 219/367/219 220/368/220 224/369/224
f 224/370/224 220/371/220 218/214/218 222/213/222
f 217/366/217 209/372/209 211/373/211 219/367/219
f 219/367/219 211/373/211 212/374/212 220/375/220
f 220/376/220 212/377/212 210/304/210 218/214/218
f 245/378/245 253/379/253 255/380/255 247/381/247
f 247/381/247 255/380/255 256/382/256 248/383/248
f 248/384/248 256/385/256 254/314/254 246/297/246
f 253/379/253 249/386/249 251/387/251 255/380/255
f 255/380/255 251/387/251 252/388/252 256/389/256
f 256/390/256 252/391/252 250/300/250 254/313/254
f 249/386/249 241/392/241 243/393/243 251/387/251
f 251/387/251 243/393/243 244/394/244 252/395/252
f 252/395/252 244/394/244 242/301/242 250/300/250
f 198/217/198 210/304/210 212/396/212 200/397/200
f 200/398/200 212/399/212 211/373/211 199/341/199
f 199/341/199 211/373/211 209/372/209 197/338/197
f 214/306/214 242/301/242 244/394/244 216/400/216
f 216/400/216 244/394/244 243/393/243 215/361/215
f 215/361/215 243/393/243 241/392/241 213/358/213
f 246/297/246 226/298/226 228/401/228 248/402/248
f 248/403/248 228/404/228 227/320/227 247/381/247
f 247/381/247 227/320/227 225/319/225 245/378/245
f 230/222/230 194/305/194 196/405/196 232/406/232
f 232/407/232 196/408/196 195/353/195 231/333/231
f 231/333/231 195/353/195 193/352/193 229/332/229
f 209/372/209 217/366/217 221/359/221 213/358/213 241/392/241 249/386/249 253/379/253 245/378/245 225/319/225 233/318/233 237/326/237 229/332/229 193/352/193 201/346/201 205/339/205 197/338/197
o Building.002
v 0.116272 2.296162 0.870115
v 0.165461 2.296162 0.879918
v 0.122863 2.296162 0.875017
v 0.140867 2.296162 0.878605
v 0.054339 2.257674 0.882810
v 0.101760 2.257674 0.892261
v 0.060693 2.257674 0.887536
v 0.078050 2.257674 0.890995
v 0.085306 2.291005 0.876366
v 0.134094 2.291005 0.886090
v 0.091842 2.291005 0.881228
v 0.109700 2.291005 0.884787
v 0.062637 2.276918 0.881047
v 0.110609 2.276918 0.890607
v 0.069064 2.276918 0.885827
v 0.086623 2.276918 0.889326
v 0.165461 2.296162 0.798323
v 0.116272 2.296162 0.808126
v 0.140867 2.296162 0.799636
v 0.122863 2.296162 0.803224
v 0.101760 2.257674 0.785980
v 0.054339 2.257674 0.795430
v 0.078050 2.257674 0.787246
v 0.060693 2.257674 0.790705
v 0.134094 2.291005 0.792151
v 0.085306 2.291005 0.801874
v 0.109700 2.291005 0.793454
v 0.091842 2.291005 0.797013
v 0.110609 2.276918 0.787633
v 0.062637 2.276918 0.797194
v 0.086623 2.276918 0.788914
v 0.069064 2.276918 0.792414
v 0.476505 2.296162 0.879918
v 0.525694 2.296162 0.870115
v 0.501100 2.296162 0.878605
v 0.519104 2.296162 0.875017
v 0.540207 2.257674 0.892261
v 0.587627 2.257674 0.882810
v 0.563917 2.257674 0.890995
v 0.581274 2.257674 0.887536
v 0.507873 2.291005 0.886090
v 0.556661 2.291005 0.876366
v 0.532267 2.291005 0.884787
v 0.550124 2.291005 0.881228
v 0.531357 2.276918 0.890607
v 0.579330 2.276918 0.881047
v 0.555343 2.276918 0.889326
v 0.572903 2.276918 0.885827
v 0.525694 2.296162 0.808126
v 0.476505 2.296162 0.798323
v 0.519104 2.296162 0.803224
v 0.501100 2.296162 0.799636
v 0.587627 2.257674 0.795430
v 0.540207 2.257674 0.785980
v 0.581274 2.257674 0.790705
v 0.563917 2.257674 0.787246
v 0.556661 2.291005 0.801874
v 0.507873 2.291005 0.792151
v 0.550124 2.291005 0.797013
v 0.532267 2.291005 0.793454
v 0.579330 2.276918 0.797194
v 0.531357 2.276918 0.787633
v 0.572903 2.276918 0.792414
v 0.555343 2.276918 0.788914
v 0.105626 1.723899 0.886119
v 0.101577 1.745111 0.892261
v 0.103599 1.726741 0.889190
v 0.102116 1.734505 0.891438
v 0.085158 1.723899 0.882040
v 0.054339 1.745111 0.882847
v 0.069749 1.726741 0.882444
v 0.058468 1.734505 0.882739
v 0.093907 1.723899 0.885493
v 0.077958 1.745111 0.891000
v 0.085931 1.726741 0.888247
v 0.080093 1.734505 0.890262
v 0.088298 1.723899 0.884375
v 0.060668 1.745111 0.887554
v 0.074483 1.726741 0.885965
v 0.064369 1.734505 0.887128
v 0.085158 1.723899 0.796201
v 0.054339 1.745111 0.795394
v 0.069749 1.726741 0.795797
v 0.058468 1.734505 0.795501
v 0.105626 1.723899 0.792122
v 0.101577 1.745111 0.785980
v 0.103599 1.726741 0.789051
v 0.102116 1.734505 0.786803
v 0.088298 1.723899 0.793865
v 0.060668 1.745111 0.790687
v 0.074483 1.726741 0.792276
v 0.064369 1.734505 0.791112
v 0.093907 1.723899 0.792748
v 0.077958 1.745111 0.787241
v 0.085931 1.726741 0.789994
v 0.080093 1.734505 0.787979
v 0.556808 1.723899 0.882040
v 0.587627 1.745111 0.882847
v 0.572218 1.726741 0.882444
v 0.583498 1.734505 0.882739
v 0.536340 1.723899 0.886119
v 0.540390 1.745111 0.892261
v 0.538368 1.726741 0.889190
v 0.539850 1.734505 0.891438
v 0.553668 1.723899 0.884375
v 0.581298 1.745111 0.887554
v 0.567484 1.726741 0.885965
v 0.577597 1.734505 0.887128
v 0.548059 1.723899 0.885493
v 0.564008 1.745111 0.891000
v 0.556035 1.726741 0.888247
v 0.561873 1.734505 0.890262
v 0.536340 1.723899 0.792122
v 0.540390 1.745111 0.785980
v 0.538368 1.726741 0.789051
v 0.539850 1.734505 0.786803
v 0.556808 1.723899 0.796201
v 0.587627 1.745111 0.795394
v 0.572218 1.726741 0.795797
v 0.583498 1.734505 0.795501
v 0.548059 1.723899 0.792748
v 0.564008 1.745111 0.787241
v 0.556035 1.726741 0.789994
v 0.561873 1.734505 0.787979
v 0.553668 1.723899 0.793865
v 0.581298 1.745111 0.790687
v 0.567484 1.726741 0.792276
v 0.577597 1.734505 0.791112
vn -0.0828 0.9961 0.0292
vn -0.0054 0.9229 0.3851
vn -0.0629 0.9852 0.1592
vn -0.0307 0.9519 0.3049
vn -0.8000 0.1921 0.5684
vn -0.0282 0.0478 0.9985
vn -0.3196 0.1038 0.9419
vn -0.1160 0.0642 0.9912
vn -0.3228 0.9320 0.1650
vn -0.0176 0.4986 0.8666
vn -0.2104 0.7970 0.5662
vn -0.0850 0.6003 0.7953
vn -0.6376 0.6410 0.4272
vn -0.0261 0.1964 0.9802
vn -0.3017 0.3941 0.8681
vn -0.1099 0.2504 0.9619
vn -0.0054 0.9229 -0.3851
vn -0.0828 0.9961 -0.0292
vn -0.0307 0.9519 -0.3049
vn -0.0629 0.9852 -0.1592
vn -0.0282 0.0478 -0.9985
vn -0.8000 0.1921 -0.5684
vn -0.1160 0.0642 -0.9912
vn -0.3196 0.1038 -0.9419
vn -0.0176 0.4986 -0.8666
vn -0.3228 0.9320 -0.1650
vn -0.0850 0.6003 -0.7953
vn -0.2104 0.7970 -0.5662
vn -0.0261 0.1964 -0.9802
vn -0.6376 0.6410 -0.4272
vn -0.1099 0.2504 -0.9619
vn -0.3017 0.3941 -0.8681
vn 0.0054 0.9229 0.3851
vn 0.0828 0.9961 0.0292
vn 0.0307 0.9519 0.3049
vn 0.0629 0.9852 0.1592
vn 0.0282 0.0478 0.9985
vn 0.8000 0.1921 0.5684
vn 0.1160 0.0642 0.9912
vn 0.3196 0.1038 0.9419
vn 0.0176 0.4986 0.8666
vn 0.3228 0.9320 0.1650
vn 0.0850 0.6003 0.7953
vn 0.2104 0.7970 0.5662
vn 0.0261 0.1964 0.9802
vn 0.6376 0.6410 0.4272
vn 0.1099 0.2504 0.9619
vn 0.3017 0.3941 0.8681
vn 0.0828 0.9961 -0.0292
vn 0.0054 0.9229 -0.3851
vn 0.0629 0.9852 -0.1592
vn 0.0307 0.9519 -0.3049
vn 0.8000 0.1921 -0.5684
vn 0.0282 0.0478 -0.9985
vn 0.3196 0.1038 -0.9419
vn 0.1160 0.0642 -0.9912
vn 0.3228 0.9320 -0.1650
vn 0.0176 0.4986 -0.8666
vn 0.2104 0.7970 -0.5662
vn 0.0850 0.6003 -0.7953
vn 0.6376 0.6410 -0.4272
vn 0.0261 0.1964 -0.9802
vn 0.3017 0.3941 -0.8681
vn 0.1099 0.2504 -0.9619
vn -0.0114 -0.9000 0.4358
vn -0.0262 -0.0383 0.9989
vn -0.0236 -0.4389 0.8982
vn -0.0259 -0.1635 0.9862
vn -0.0959 -0.9934 0.0633
vn -0.8238 -0.1585 0.5442
vn -0.3664 -0.8984 0.2421
vn -0.6855 -0.5701 0.4528
vn -0.0467 -0.9129 0.4055
vn -0.1142 -0.0442 0.9925
vn -0.1003 -0.4793 0.8719
vn -0.1123 -0.1850 0.9763
vn -0.0854 -0.9651 0.2475
vn -0.3254 -0.0727 0.9428
vn -0.2425 -0.6689 0.7026
vn -0.3116 -0.2963 0.9028
vn -0.0959 -0.9934 -0.0633
vn -0.8238 -0.1585 -0.5442
vn -0.3664 -0.8984 -0.2421
vn -0.6855 -0.5701 -0.4528
vn -0.0114 -0.9000 -0.4358
vn -0.0262 -0.0383 -0.9989
vn -0.0236 -0.4389 -0.8982
vn -0.0259 -0.1635 -0.9862
vn -0.0854 -0.9651 -0.2475
vn -0.3254 -0.0727 -0.9428
vn -0.2425 -0.6689 -0.7026
vn -0.3116 -0.2963 -0.9028
vn -0.0467 -0.9129 -0.4055
vn -0.1142 -0.0442 -0.9925
vn -0.1003 -0.4793 -0.8719
vn -0.1123 -0.1850 -0.9763
vn 0.0959 -0.9934 0.0633
vn 0.8238 -0.1585 0.5442
vn 0.3664 -0.8984 0.2421
vn 0.6855 -0.5701 0.4528
vn 0.0114 -0.9000 0.4358
vn 0.0262 -0.0383 0.9989
vn 0.0236 -0.4389 0.8982
vn 0.0259 -0.1635 0.9862
vn 0.0854 -0.9651 0.2475
vn 0.3254 -0.0727 0.9428
vn 0.2425 -0.6689 0.7026
vn 0.3116 -0.2963 0.9028
vn 0.0467 -0.9129 0.4055
vn 0.1142 -0.0442 0.9925
vn 0.1003 -0.4793 0.8719
vn 0.1123 -0.1850 0.9763
vn 0.0114 -0.9000 -0.4358
vn 0.0262 -0.0383 -0.9989
vn 0.0236 -0.4389 -0.8982
vn 0.0259 -0.1635 -0.9862
vn 0.0959 -0.9934 -0.0633
vn 0.8238 -0.1585 -0.5442
vn 0.3664 -0.8984 -0.2421
vn 0.6855 -0.5701 -0.4528
vn 0.0467 -0.9129 -0.4055
vn 0.1142 -0.0442 -0.9925
vn 0.1003 -0.4793 -0.8719
vn 0.1123 -0.1850 -0.9763
vn 0.0854 -0.9651 -0.2475
vn 0.3254 -0.0727 -0.9428
vn 0.2425 -0.6689 -0.7026
vn 0.3116 -0.2963 -0.9028
vt 0.870067 0.679509
vt 0.896339 0.679509
vt 0.896892 0.681312
vt 0.869515 0.681312
vt 0.873492 0.676108
vt 0.892914 0.676108
vt 0.894873 0.678041
vt 0.871534 0.678041
vt 0.901190 0.646676
vt 0.947207 0.646676
vt 0.947207 0.648151
vt 0.901190 0.648156
vt 0.901190 0.677014
vt 0.947207 0.677025
vt 0.947207 0.678500
vt 0.901190 0.678494
vt 0.868029 0.727329
vt 0.868034 0.681312
vt 0.869503 0.727329
vt 0.870421 0.653614
vt 0.870817 0.652079
vt 0.871957 0.650939
vt 0.873492 0.650543
vt 0.892914 0.650543
vt 0.894450 0.650939
vt 0.895589 0.652079
vt 0.895986 0.653614
vt 0.895986 0.673036
vt 0.895589 0.674572
vt 0.894450 0.675711
vt 0.871957 0.675711
vt 0.870817 0.674572
vt 0.870421 0.673036
vt 0.897919 0.674995
vt 0.897919 0.651656
vt 0.899388 0.650189
vt 0.899388 0.676461
vt 0.896339 0.647141
vt 0.870067 0.647141
vt 0.869515 0.645339
vt 0.896892 0.645339
vt 0.870421 0.673036
vt 0.868487 0.674995
vt 0.868487 0.651656
vt 0.894873 0.648609
vt 0.871534 0.648609
vt 0.867019 0.650189
vt 0.867019 0.676461
vt 0.865217 0.677014
vt 0.865217 0.649637
vt 0.901190 0.649637
vt 0.947207 0.679975
vt 0.901190 0.679975
vt 0.896396 0.677732
vt 0.897610 0.676518
vt 0.896396 0.648919
vt 0.897610 0.650133
vt 0.897837 0.679280
vt 0.899158 0.677959
vt 0.897837 0.647370
vt 0.899158 0.648692
vt 0.899335 0.679509
vt 0.899712 0.680823
vt 0.900701 0.679834
vt 0.899388 0.679457
vt 0.899275 0.677959
vt 0.901078 0.678494
vt 0.899712 0.645828
vt 0.899335 0.647141
vt 0.899388 0.647194
vt 0.900701 0.646816
vt 0.901078 0.648156
vt 0.899275 0.648692
vt 0.868797 0.650133
vt 0.870011 0.648919
vt 0.867249 0.648692
vt 0.868570 0.647370
vt 0.865706 0.646816
vt 0.867019 0.647194
vt 0.867072 0.647141
vt 0.866694 0.645828
vt 0.868034 0.645451
vt 0.868570 0.647254
vt 0.870011 0.677732
vt 0.868797 0.676518
vt 0.868570 0.679280
vt 0.867249 0.677959
vt 0.868034 0.681200
vt 0.868570 0.679397
vt 0.866694 0.680823
vt 0.867072 0.679509
vt 0.867019 0.679457
vt 0.865706 0.679834
vt 0.819200 0.649625
vt 0.819200 0.677025
vt 0.868034 0.645339
vt 0.868029 0.599322
vt 0.869503 0.599322
vt 0.866554 0.727329
vt 0.866554 0.681312
vt 0.947207 0.649625
vt 0.896903 0.727329
vt 0.896903 0.599322
vt 0.865217 0.679975
vt 0.819200 0.679975
vt 0.896904 0.599322
vt 0.899853 0.599322
vt 0.899853 0.645339
vt 0.866554 0.645339
vt 0.866554 0.599322
vt 0.819200 0.646676
vt 0.865217 0.646676
vt 0.899853 0.681312
vt 0.899853 0.727329
vt 0.868674 0.566589
vt 0.868478 0.567321
vt 0.867516 0.567194
vt 0.867812 0.566091
vt 0.866563 0.567035
vt 0.866931 0.565660
vt 0.817295 0.679841
vt 0.817295 0.677091
vt 0.869025 0.566239
vt 0.868526 0.565376
vt 0.866998 0.565544
vt 0.867980 0.564562
vt 0.867962 0.729233
vt 0.866621 0.729233
vt 0.869756 0.566043
vt 0.869630 0.565080
vt 0.868095 0.564495
vt 0.869470 0.564127
vt 0.869470 0.729233
vt 0.868095 0.729233
vt 0.897929 0.567321
vt 0.897732 0.566589
vt 0.898595 0.566091
vt 0.898891 0.567194
vt 0.899476 0.565660
vt 0.899844 0.567035
vt 0.949111 0.677058
vt 0.949111 0.678433
vt 0.897382 0.566239
vt 0.897880 0.565376
vt 0.898427 0.564562
vt 0.899409 0.565544
vt 0.949111 0.678567
vt 0.949111 0.679908
vt 0.896651 0.566043
vt 0.896777 0.565080
vt 0.896936 0.564127
vt 0.898312 0.564495
vt 0.899719 0.729233
vt 0.896969 0.729233
vt 0.896651 0.595493
vt 0.897382 0.595297
vt 0.897880 0.596160
vt 0.896777 0.596455
vt 0.898312 0.597040
vt 0.896936 0.597409
vt 0.896969 0.597417
vt 0.899719 0.597417
vt 0.897732 0.594947
vt 0.898595 0.595445
vt 0.899409 0.595992
vt 0.898427 0.596973
vt 0.949111 0.646742
vt 0.949111 0.648084
vt 0.897929 0.594215
vt 0.898891 0.594342
vt 0.899844 0.594501
vt 0.899476 0.595876
vt 0.949111 0.648217
vt 0.949111 0.649592
vt 0.868478 0.594215
vt 0.868674 0.594947
vt 0.867812 0.595445
vt 0.867516 0.594342
vt 0.866931 0.595876
vt 0.866563 0.594501
vt 0.817295 0.649560
vt 0.817295 0.646809
vt 0.869025 0.595297
vt 0.868526 0.596160
vt 0.867980 0.596973
vt 0.866998 0.595992
vt 0.866621 0.597417
vt 0.867962 0.597417
vt 0.869756 0.595493
vt 0.869630 0.596455
vt 0.869504 0.598370
vt 0.868095 0.598370
vt 0.949111 0.649659
vt 0.949111 0.676992
vt 0.899853 0.567101
vt 0.899853 0.594434
vt 0.896870 0.598369
vt 0.817295 0.676992
vt 0.817295 0.649659
vt 0.866554 0.594434
vt 0.866554 0.567101
vt 0.896870 0.729233
vt 0.869537 0.729233
vt 0.869537 0.564118
vt 0.896870 0.564118
s 1
f 301/409/301 270/410/270 262/411/262 293/412/293
f 289/413/289 258/414/258 266/415/266 297/416/297
f 279/417/279 350/418/350 346/419/346 280/420/280
f 261/421/261 326/422/326 334/423/334 263/424/263
f 366/425/366 295/426/295 293/412/293 358/427/358
f 305/428/305 307/429/307 308/430/308 306/431/306 273/432/273 275/433/275 276/434/276 274/435/274 257/436/257 259/437/259 260/438/260 258/414/258 289/413/289 291/439/291 292/440/292 290/441/290
f 297/416/297 266/415/266 270/410/270 301/409/301
f 265/442/265 282/443/282 286/444/286 269/445/269
f 285/446/285 318/447/318 310/448/310 277/449/277
f 305/428/305 290/450/290 298/451/298 313/452/313
f 281/453/281 314/454/314 318/447/318 285/446/285
f 317/455/317 302/456/302 294/457/294 309/458/309
f 313/452/313 298/451/298 302/456/302 317/455/317
f 257/436/257 274/435/274 282/443/282 265/442/265
f 273/432/273 306/431/306 314/454/314 281/453/281
f 269/445/269 286/444/286 278/459/278 261/421/261
f 263/424/263 334/423/334 330/460/330 264/461/264
f 266/415/266 258/414/258 260/438/260 268/462/268
f 268/462/268 260/438/260 259/437/259 267/463/267
f 267/463/267 259/437/259 257/436/257 265/442/265
f 273/432/273 281/453/281 283/464/283 275/433/275
f 275/433/275 283/464/283 284/465/284 276/434/276
f 276/434/276 284/465/284 282/443/282 274/435/274
f 270/410/270 266/415/266 268/462/268 272/466/272
f 272/466/272 268/462/268 267/463/267 271/467/271
f 271/467/271 267/463/267 265/442/265 269/445/269
f 281/453/281 285/446/285 287/468/287 283/464/283
f 283/464/283 287/468/287 288/469/288 284/465/284
f 284/465/284 288/469/288 286/444/286 282/443/282
f 262/411/262 270/410/270 272/470/272 264/471/264
f 264/472/264 272/473/272 271/474/271 263/475/263
f 263/475/263 271/474/271 269/445/269 261/421/261
f 285/446/285 277/449/277 279/476/279 287/477/287
f 287/478/287 279/479/279 280/480/280 288/481/288
f 288/481/288 280/480/280 278/459/278 286/444/286
f 305/428/305 313/452/313 315/482/315 307/429/307
f 307/429/307 315/482/315 316/483/316 308/430/308
f 308/430/308 316/483/316 314/454/314 306/431/306
f 313/452/313 317/455/317 319/484/319 315/482/315
f 315/482/315 319/484/319 320/485/320 316/483/316
f 316/483/316 320/485/320 318/447/318 314/454/314
f 317/455/317 309/458/309 311/486/311 319/487/319
f 319/488/319 311/489/311 312/490/312 320/491/320
f 320/491/320 312/490/312 310/448/310 318/447/318
f 289/413/289 297/416/297 299/492/299 291/439/291
f 291/439/291 299/492/299 300/493/300 292/440/292
f 292/440/292 300/493/300 298/451/298 290/450/290
f 297/416/297 301/409/301 303/494/303 299/492/299
f 299/492/299 303/494/303 304/495/304 300/493/300
f 300/493/300 304/495/304 302/456/302 298/451/298
f 301/409/301 293/412/293 295/496/295 303/497/303
f 303/497/303 295/496/295 296/498/296 304/499/304
f 304/500/304 296/501/296 294/457/294 302/456/302
f 374/502/374 309/458/309 294/457/294 354/503/354
f 312/504/312 378/505/378 370/506/370 310/448/310
f 362/507/362 296/508/296 295/426/295 366/425/366
f 326/422/326 261/421/261 278/459/278 338/509/338
f 280/420/280 346/419/346 338/509/338 278/459/278
f 358/427/358 293/412/293 262/411/262 322/510/322
f 342/511/342 277/449/277 310/448/310 370/506/370
f 354/503/354 294/457/294 296/512/296 362/513/362
f 277/449/277 342/514/342 350/515/350 279/516/279
f 311/517/311 382/518/382 378/505/378 312/504/312
f 309/458/309 374/502/374 382/519/382 311/520/311
f 264/521/264 330/522/330 322/510/322 262/411/262
f 361/523/361 353/524/353 355/525/355 363/526/363
f 363/526/363 355/525/355 356/527/356 364/528/364
f 364/529/364 356/530/356 354/503/354 362/513/362
f 365/531/365 361/523/361 363/526/363 367/532/367
f 367/532/367 363/526/363 364/533/364 368/534/368
f 368/535/368 364/536/364 362/507/362 366/425/366
f 357/537/357 365/531/365 367/532/367 359/538/359
f 359/538/359 367/532/367 368/539/368 360/540/360
f 360/541/360 368/542/368 366/425/366 358/427/358
f 325/543/325 333/544/333 335/545/335 327/546/327
f 327/546/327 335/545/335 336/547/336 328/548/328
f 328/549/328 336/550/336 334/423/334 326/422/326
f 333/544/333 329/551/329 331/552/331 335/545/335
f 335/545/335 331/552/331 332/553/332 336/554/336
f 336/555/336 332/556/332 330/460/330 334/423/334
f 329/551/329 321/557/321 323/558/323 331/552/331
f 331/552/331 323/558/323 324/559/324 332/560/332
f 332/561/332 324/562/324 322/510/322 330/522/330
f 341/563/341 349/564/349 351/565/351 343/566/343
f 343/566/343 351/565/351 352/567/352 344/568/344
f 344/569/344 352/570/352 350/515/350 342/514/342
f 349/564/349 345/571/345 347/572/347 351/565/351
f 351/565/351 347/572/347 348/573/348 352/574/352
f 352/575/352 348/576/348 346/419/346 350/418/350
f 345/571/345 337/577/337 339/578/339 347/572/347
f 347/572/347 339/578/339 340/579/340 348/580/348
f 348/581/348 340/582/340 338/509/338 346/419/346
f 373/583/373 381/584/381 383/585/383 375/586/375
f 375/586/375 383/585/383 384/587/384 376/588/376
f 376/589/376 384/590/384 382/519/382 374/502/374
f 381/584/381 377/591/377 379/592/379 383/585/383
f 383/585/383 379/592/379 380/593/380 384/594/384
f 384/595/384 380/596/380 378/505/378 382/518/382
f 377/591/377 369/597/369 371/598/371 379/592/379
f 379/592/379 371/598/371 372/599/372 380/600/380
f 380/600/380 372/599/372 370/506/370 378/505/378
f 326/422/326 338/509/338 340/601/340 328/602/328
f 328/603/328 340/604/340 339/578/339 327/546/327
f 327/546/327 339/578/339 337/577/337 325/543/325
f 342/511/342 370/506/370 372/599/372 344/605/344
f 344/605/344 372/599/372 371/598/371 343/566/343
f 343/566/343 371/598/371 369/597/369 341/563/341
f 374/502/374 354/503/354 356/606/356 376/607/376
f 376/608/376 356/609/356 355/525/355 375/586/375
f 375/586/375 355/525/355 353/524/353 373/583/373
f 358/427/358 322/510/322 324/610/324 360/611/360
f 360/612/360 324/613/324 323/558/323 359/538/359
f 359/538/359 323/558/323 321/557/321 357/537/357
f 337/577/337 345/571/345 349/564/349 341/563/341 369/597/369 377/591/377 381/584/381 373/583/373 353/524/353 361/523/361 365/531/365 357/537/357 321/557/321 329/551/329 333/544/333 325/543/325
o Building.004
v -0.568505 1.553761 0.870115
v -0.519317 1.553761 0.879918
v -0.561915 1.553761 0.875017
v -0.543911 1.553761 0.878605
v -0.630438 1.515274 0.882810
v -0.583018 1.515274 0.892261
v -0.624085 1.515274 0.887536
v -0.606728 1.515274 0.890995
v -0.599472 1.548605 0.876366
v -0.550684 1.548605 0.886090
v -0.592936 1.548605 0.881228
v -0.575078 1.548605 0.884787
v -0.622141 1.534518 0.881047
v -0.574169 1.534518 0.890607
v -0.615714 1.534518 0.885827
v -0.598155 1.534518 0.889326
v -0.519317 1.553761 0.798323
v -0.568505 1.553761 0.808126
v -0.543911 1.553761 0.799636
v -0.561915 1.553761 0.803224
v -0.583018 1.515274 0.785980
v -0.630438 1.515274 0.795430
v -0.606728 1.515274 0.787246
v -0.624085 1.515274 0.790705
v -0.550684 1.548605 0.792151
v -0.599472 1.548605 0.801874
v -0.575078 1.548605 0.793454
v -0.592936 1.548605 0.797013
v -0.574169 1.534518 0.787633
v -0.622141 1.534518 0.797194
v -0.598155 1.534518 0.788914
v -0.615714 1.534518 0.792414
v -0.208273 1.553761 0.879918
v -0.159084 1.553761 0.870115
v -0.183678 1.553761 0.878605
v -0.165674 1.553761 0.875017
v -0.144571 1.515274 0.892261
v -0.097151 1.515274 0.882810
v -0.120861 1.515274 0.890995
v -0.103504 1.515274 0.887536
v -0.176905 1.548605 0.886090
v -0.128117 1.548605 0.876366
v -0.152511 1.548605 0.884787
v -0.134654 1.548605 0.881228
v -0.153421 1.534518 0.890607
v -0.105448 1.534518 0.881047
v -0.129434 1.534518 0.889326
v -0.111875 1.534518 0.885827
v -0.159084 1.553761 0.808126
v -0.208273 1.553761 0.798323
v -0.165674 1.553761 0.803224
v -0.183678 1.553761 0.799636
v -0.097151 1.515274 0.795430
v -0.144571 1.515274 0.785980
v -0.103504 1.515274 0.790705
v -0.120861 1.515274 0.787246
v -0.128117 1.548605 0.801874
v -0.176905 1.548605 0.792151
v -0.134654 1.548605 0.797013
v -0.152511 1.548605 0.793454
v -0.105448 1.534518 0.797194
v -0.153421 1.534518 0.787633
v -0.111875 1.534518 0.792414
v -0.129434 1.534518 0.788914
v -0.579151 0.981498 0.886119
v -0.583201 1.002710 0.892261
v -0.581179 0.984340 0.889190
v -0.582661 0.992104 0.891438
v -0.599620 0.981498 0.882040
v -0.630438 1.002710 0.882847
v -0.615029 0.984340 0.882444
v -0.626310 0.992104 0.882739
v -0.590871 0.981498 0.885493
v -0.606820 1.002710 0.891000
v -0.598847 0.984340 0.888247
v -0.604684 0.992104 0.890262
v -0.596479 0.981498 0.884375
v -0.624110 1.002710 0.887554
v -0.610295 0.984340 0.885965
v -0.620408 0.992104 0.887128
v -0.599620 0.981498 0.796201
v -0.630438 1.002710 0.795394
v -0.615029 0.984340 0.795797
v -0.626310 0.992104 0.795501
v -0.579151 0.981498 0.792122
v -0.583201 1.002710 0.785980
v -0.581179 0.984340 0.789051
v -0.582661 0.992104 0.786803
v -0.596479 0.981498 0.793865
v -0.624110 1.002710 0.790687
v -0.610295 0.984340 0.792276
v -0.620408 0.992104 0.791112
v -0.590871 0.981498 0.792748
v -0.606820 1.002710 0.787241
v -0.598847 0.984340 0.789994
v -0.604684 0.992104 0.787979
v -0.127970 0.981498 0.882040
v -0.097151 1.002710 0.882847
v -0.112560 0.984340 0.882444
v -0.101280 0.992104 0.882739
v -0.148438 0.981498 0.886119
v -0.144388 1.002710 0.892261
v -0.146410 0.984340 0.889190
v -0.144928 0.992104 0.891438
v -0.131110 0.981498 0.884375
v -0.103479 1.002710 0.887554
v -0.117294 0.984340 0.885965
v -0.107181 0.992104 0.887128
v -0.136719 0.981498 0.885493
v -0.120769 1.002710 0.891000
v -0.128743 0.984340 0.888247
v -0.122905 0.992104 0.890262
v -0.148438 0.981498 0.792122
v -0.144388 1.002710 0.785980
v -0.146410 0.984340 0.789051
v -0.144928 0.992104 0.786803
v -0.127970 0.981498 0.796201
v -0.097151 1.002710 0.795394
v -0.112560 0.984340 0.795797
v -0.101280 0.992104 0.795501
v -0.136719 0.981498 0.792748
v -0.120769 1.002710 0.787241
v -0.128743 0.984340 0.789994
v -0.122905 0.992104 0.787979
v -0.131110 0.981498 0.793865
v -0.103479 1.002710 0.790687
v -0.117294 0.984340 0.792276
v -0.107181 0.992104 0.791112
vn -0.0828 0.9961 0.0292
vn -0.0054 0.9229 0.3851
vn -0.0629 0.9852 0.1592
vn -0.0307 0.9519 0.3049
vn -0.8000 0.1921 0.5684
vn -0.0282 0.0478 0.9985
vn -0.3196 0.1038 0.9419
vn -0.1160 0.0642 0.9912
vn -0.3228 0.9320 0.1650
vn -0.0176 0.4986 0.8666
vn -0.2104 0.7970 0.5662
vn -0.0850 0.6003 0.7953
vn -0.6376 0.6410 0.4272
vn -0.0261 0.1964 0.9802
vn -0.3017 0.3941 0.8681
vn -0.1099 0.2504 0.9619
vn -0.0054 0.9229 -0.3851
vn -0.0828 0.9961 -0.0292
vn -0.0307 0.9519 -0.3049
vn -0.0629 0.9852 -0.1592
vn -0.0282 0.0478 -0.9985
vn -0.8000 0.1921 -0.5684
vn -0.1160 0.0642 -0.9912
vn -0.3196 0.1038 -0.9419
vn -0.0176 0.4986 -0.8666
vn -0.3228 0.9320 -0.1650
vn -0.0850 0.6003 -0.7953
vn -0.2104 0.7970 -0.5662
vn -0.0261 0.1964 -0.9802
vn -0.6376 0.6410 -0.4272
vn -0.1099 0.2504 -0.9619
vn -0.3017 0.3941 -0.8681
vn 0.0054 0.9229 0.3851
vn 0.0828 0.9961 0.0292
vn 0.0307 0.9519 0.3049
vn 0.0629 0.9852 0.1592
vn 0.0282 0.0478 0.9985
vn 0.8000 0.1921 0.5684
vn 0.1160 0.0642 0.9912
vn 0.3196 0.1038 0.9419
vn 0.0176 0.4986 0.8666
vn 0.3228 0.9320 0.1650
vn 0.0850 0.6003 0.7953
vn 0.2104 0.7970 0.5662
vn 0.0261 0.1964 0.9802
vn 0.6376 0.6410 0.4272
vn 0.1099 0.2504 0.9619
vn 0.3017 0.3941 0.8681
vn 0.0828 0.9961 -0.0292
vn 0.0054 0.9229 -0.3851
vn 0.0629 0.9852 -0.1592
vn 0.0307 0.9519 -0.3049
vn 0.8000 0.1921 -0.5684
vn 0.0282 0.0478 -0.9985
vn 0.3196 0.1038 -0.9419
vn 0.1160 0.0642 -0.9912
vn 0.3228 0.9320 -0.1650
vn 0.0176 0.4986 -0.8666
vn 0.2104 0.7970 -0.5662
vn 0.0850 0.6003 -0.7953
vn 0.6376 0.6410 -0.4272
vn 0.0261 0.1964 -0.9802
vn 0.3017 0.3941 -0.8681
vn 0.1099 0.2504 -0.9619
vn -0.0114 -0.9000 0.4358
vn -0.0262 -0.0383 0.9989
vn -0.0236 -0.4389 0.8982
vn -0.0259 -0.1635 0.9862
vn -0.0959 -0.9934 0.0633
vn -0.8238 -0.1585 0.5442
vn -0.3664 -0.8984 0.2421
vn -0.6855 -0.5701 0.4528
vn -0.0467 -0.9129 0.4055
vn -0.1142 -0.0442 0.9925
vn -0.1003 -0.4793 0.8719
vn -0.1123 -0.1850 0.9763
vn -0.0854 -0.9651 0.2475
vn -0.3254 -0.0727 0.9428
vn -0.2425 -0.6689 0.7026
vn -0.3116 -0.2963 0.9028
vn -0.0959 -0.9934 -0.0633
vn -0.8238 -0.1585 -0.5442
vn -0.3664 -0.8984 -0.2421
vn -0.6855 -0.5701 -0.4528
vn -0.0114 -0.9000 -0.4358
vn -0.0262 -0.0383 -0.9989
vn -0.0236 -0.4389 -0.8982
vn -0.0259 -0.1635 -0.9862
vn -0.0854 -0.9651 -0.2475
vn -0.3254 -0.0727 -0.9428
vn -0.2425 -0.6689 -0.7026
vn -0.3116 -0.2963 -0.9028
vn -0.0467 -0.9129 -0.4055
vn -0.1142 -0.0442 -0.9925
vn -0.1003 -0.4793 -0.8719
vn -0.1123 -0.1850 -0.9763
vn 0.0959 -0.9934 0.0633
vn 0.8238 -0.1585 0.5442
vn 0.3664 -0.8984 0.2421
vn 0.6855 -0.5701 0.4528
vn 0.0114 -0.9000 0.4358
vn 0.0262 -0.0383 0.9989
vn 0.0236 -0.4389 0.8982
vn 0.0259 -0.1635 0.9862
vn 0.0854 -0.9651 0.2475
vn 0.3254 -0.0727 0.9428
vn 0.2425 -0.6689 0.7026
vn 0.3116 -0.2963 0.9028
vn 0.0467 -0.9129 0.4055
vn 0.1142 -0.0442 0.9925
vn 0.1003 -0.4793 0.8719
vn 0.1123 -0.1850 0.9763
vn 0.0114 -0.9000 -0.4358
vn 0.0262 -0.0383 -0.9989
vn 0.0236 -0.4389 -0.8982
vn 0.0259 -0.1635 -0.9862
vn 0.0959 -0.9934 -0.0633
vn 0.8238 -0.1585 -0.5442
vn 0.3664 -0.8984 -0.2421
vn 0.6855 -0.5701 -0.4528
vn 0.0467 -0.9129 -0.4055
vn 0.1142 -0.0442 -0.9925
vn 0.1003 -0.4793 -0.8719
vn 0.1123 -0.1850 -0.9763
vn 0.0854 -0.9651 -0.2475
vn 0.3254 -0.0727 -0.9428
vn 0.2425 -0.6689 -0.7026
vn 0.3116 -0.2963 -0.9028
vt 0.861462 0.677340
vt 0.887402 0.677340
vt 0.887947 0.679120
vt 0.860916 0.679120
vt 0.864843 0.673982
vt 0.884020 0.673982
vt 0.885954 0.675891
vt 0.862909 0.675891
vt 0.892191 0.644921
vt 0.937627 0.644921
vt 0.937627 0.646378
vt 0.892191 0.646383
vt 0.892191 0.674876
vt 0.937627 0.674888
vt 0.937627 0.676344
vt 0.892191 0.676338
vt 0.859448 0.724556
vt 0.859454 0.679120
vt 0.860905 0.724556
vt 0.861811 0.651772
vt 0.862202 0.650256
vt 0.863327 0.649131
vt 0.864843 0.648740
vt 0.884020 0.648740
vt 0.885536 0.649131
vt 0.886661 0.650256
vt 0.887053 0.651772
vt 0.887053 0.670949
vt 0.886661 0.672465
vt 0.885536 0.673590
vt 0.863327 0.673590
vt 0.862202 0.672465
vt 0.861811 0.670949
vt 0.888962 0.672883
vt 0.888962 0.649838
vt 0.890411 0.648391
vt 0.890411 0.674331
vt 0.887402 0.645381
vt 0.861462 0.645381
vt 0.860916 0.643602
vt 0.887947 0.643602
vt 0.859901 0.672883
vt 0.859901 0.649838
vt 0.885954 0.646831
vt 0.862909 0.646830
vt 0.858452 0.648391
vt 0.858452 0.674331
vt 0.856672 0.674876
vt 0.856672 0.647845
vt 0.892191 0.647845
vt 0.937627 0.677800
vt 0.892191 0.677800
vt 0.887458 0.675585
vt 0.888656 0.674387
vt 0.887458 0.647136
vt 0.888656 0.648335
vt 0.888880 0.677114
vt 0.890185 0.675810
vt 0.888880 0.645607
vt 0.890185 0.646912
vt 0.890359 0.677340
vt 0.890732 0.678637
vt 0.891708 0.677661
vt 0.890411 0.677288
vt 0.890300 0.675810
vt 0.892080 0.676338
vt 0.890732 0.644084
vt 0.890359 0.645381
vt 0.890411 0.645433
vt 0.891708 0.645060
vt 0.892080 0.646383
vt 0.890300 0.646912
vt 0.860207 0.648335
vt 0.861405 0.647136
vt 0.858678 0.646912
vt 0.859983 0.645607
vt 0.857155 0.645060
vt 0.858452 0.645433
vt 0.858504 0.645381
vt 0.858131 0.644084
vt 0.859454 0.643712
vt 0.859983 0.645492
vt 0.861405 0.675585
vt 0.860207 0.674387
vt 0.859983 0.677114
vt 0.858678 0.675810
vt 0.859454 0.679009
vt 0.859983 0.677229
vt 0.858131 0.678637
vt 0.858504 0.677340
vt 0.858452 0.677288
vt 0.857155 0.677661
vt 0.811236 0.647834
vt 0.811236 0.674888
vt 0.859454 0.643602
vt 0.859448 0.598166
vt 0.860905 0.598166
vt 0.857992 0.724556
vt 0.857992 0.679120
vt 0.937627 0.674888
vt 0.937627 0.647834
vt 0.887959 0.724556
vt 0.887959 0.598166
vt 0.856672 0.677800
vt 0.811236 0.677800
vt 0.890871 0.598166
vt 0.890871 0.643602
vt 0.857992 0.643602
vt 0.857992 0.598166
vt 0.811236 0.644921
vt 0.856672 0.644921
vt 0.890871 0.679120
vt 0.890871 0.724556
vt 0.860086 0.565846
vt 0.859892 0.566569
vt 0.858942 0.566444
vt 0.859234 0.565354
vt 0.858001 0.566286
vt 0.858365 0.564929
vt 0.809356 0.677668
vt 0.809356 0.674952
vt 0.860432 0.565500
vt 0.859940 0.564649
vt 0.858431 0.564814
vt 0.859400 0.563845
vt 0.859382 0.726436
vt 0.858058 0.726436
vt 0.861154 0.565307
vt 0.861029 0.564357
vt 0.859514 0.563779
vt 0.860872 0.563415
vt 0.860872 0.726436
vt 0.859514 0.726436
vt 0.888971 0.566569
vt 0.888777 0.565846
vt 0.889629 0.565354
vt 0.889921 0.566444
vt 0.890498 0.564929
vt 0.890862 0.566286
vt 0.939507 0.674920
vt 0.939507 0.676278
vt 0.888431 0.565500
vt 0.888923 0.564649
vt 0.889463 0.563845
vt 0.890433 0.564814
vt 0.939507 0.676410
vt 0.939507 0.677734
vt 0.887709 0.565307
vt 0.887834 0.564357
vt 0.887991 0.563415
vt 0.889349 0.563779
vt 0.890739 0.726436
vt 0.888023 0.726436
vt 0.887709 0.594385
vt 0.888431 0.594192
vt 0.888923 0.595043
vt 0.887834 0.595335
vt 0.889349 0.595913
vt 0.887991 0.596277
vt 0.888023 0.596285
vt 0.890739 0.596285
vt 0.888777 0.593846
vt 0.889629 0.594337
vt 0.890433 0.594877
vt 0.889463 0.595847
vt 0.939507 0.644987
vt 0.939507 0.646312
vt 0.888971 0.593123
vt 0.889921 0.593248
vt 0.890862 0.593406
vt 0.890498 0.594763
vt 0.939507 0.646443
vt 0.939507 0.647801
vt 0.859892 0.593123
vt 0.860086 0.593846
vt 0.859234 0.594337
vt 0.858942 0.593248
vt 0.858365 0.594763
vt 0.858001 0.593406
vt 0.809356 0.647769
vt 0.809356 0.645053
vt 0.860432 0.594192
vt 0.859940 0.595043
vt 0.859400 0.595847
vt 0.858431 0.594877
vt 0.858058 0.596285
vt 0.859382 0.596285
vt 0.861154 0.594385
vt 0.861029 0.595335
vt 0.860905 0.597225
vt 0.859514 0.597225
vt 0.939507 0.647867
vt 0.939507 0.674854
vt 0.890871 0.566352
vt 0.890871 0.593340
vt 0.887925 0.597225
vt 0.809356 0.674854
vt 0.809356 0.647867
vt 0.857992 0.593340
vt 0.857992 0.566352
vt 0.887925 0.726436
vt 0.860938 0.726436
vt 0.860938 0.563407
vt 0.887925 0.563407
s 1
f 429/614/429 398/615/398 390/616/390 421/617/421
f 417/618/417 386/619/386 394/620/394 425/621/425
f 407/622/407 478/623/478 474/624/474 408/625/408
f 389/626/389 454/627/454 462/628/462 391/629/391
f 494/630/494 423/631/423 421/617/421 486/632/486
f 433/633/433 435/634/435 436/635/436 434/636/434 401/637/401 403/638/403 404/639/404 402/640/402 385/641/385 387/642/387 388/643/388 386/619/386 417/618/417 419/644/419 420/645/420 418/646/418
f 425/621/425 394/620/394 398/615/398 429/614/429
f 393/647/393 410/648/410 414/649/414 397/650/397
f 413/651/413 446/652/446 438/653/438 405/654/405
f 433/633/433 418/646/418 426/655/426 441/656/441
f 409/657/409 442/658/442 446/652/446 413/651/413
f 445/659/445 430/660/430 422/661/422 437/662/437
f 441/656/441 426/655/426 430/660/430 445/659/445
f 385/641/385 402/640/402 410/648/410 393/647/393
f 401/637/401 434/636/434 442/658/442 409/657/409
f 397/650/397 414/649/414 406/663/406 389/626/389
f 391/629/391 462/628/462 458/664/458 392/665/392
f 394/620/394 386/619/386 388/643/388 396/666/396
f 396/666/396 388/643/388 387/642/387 395/667/395
f 395/667/395 387/642/387 385/641/385 393/647/393
f 401/637/401 409/657/409 411/668/411 403/638/403
f 403/638/403 411/668/411 412/669/412 404/639/404
f 404/639/404 412/669/412 410/648/410 402/640/402
f 398/615/398 394/620/394 396/666/396 400/670/400
f 400/670/400 396/666/396 395/667/395 399/671/399
f 399/671/399 395/667/395 393/647/393 397/650/397
f 409/657/409 413/651/413 415/672/415 411/668/411
f 411/668/411 415/672/415 416/673/416 412/669/412
f 412/669/412 416/673/416 414/649/414 410/648/410
f 390/616/390 398/615/398 400/674/400 392/675/392
f 392/676/392 400/677/400 399/678/399 391/679/391
f 391/679/391 399/678/399 397/650/397 389/626/389
f 413/651/413 405/654/405 407/680/407 415/681/415
f 415/682/415 407/683/407 408/684/408 416/685/416
f 416/685/416 408/684/408 406/663/406 414/649/414
f 433/633/433 441/656/441 443/686/443 435/634/435
f 435/634/435 443/686/443 444/687/444 436/635/436
f 436/635/436 444/687/444 442/658/442 434/636/434
f 441/656/441 445/659/445 447/688/447 443/686/443
f 443/686/443 447/688/447 448/689/448 444/687/444
f 444/687/444 448/689/448 446/652/446 442/658/442
f 445/659/445 437/662/437 439/690/439 447/691/447
f 447/692/447 439/693/439 440/694/440 448/695/448
f 448/695/448 440/694/440 438/653/438 446/652/446
f 417/618/417 425/621/425 427/696/427 419/644/419
f 419/644/419 427/696/427 428/697/428 420/645/420
f 420/645/420 428/697/428 426/655/426 418/646/418
f 425/621/425 429/614/429 431/698/431 427/696/427
f 427/696/427 431/698/431 432/699/432 428/697/428
f 428/697/428 432/699/432 430/660/430 426/655/426
f 429/614/429 421/617/421 423/700/423 431/701/431
f 431/701/431 423/700/423 424/702/424 432/703/432
f 432/704/432 424/705/424 422/661/422 430/660/430
f 502/706/502 437/662/437 422/661/422 482/707/482
f 440/708/440 506/709/506 498/710/498 438/653/438
f 490/711/490 424/712/424 423/631/423 494/630/494
f 454/713/454 389/626/389 406/663/406 466/714/466
f 408/625/408 474/624/474 466/714/466 406/663/406
f 486/632/486 421/617/421 390/616/390 450/715/450
f 470/716/470 405/654/405 438/653/438 498/710/498
f 482/707/482 422/661/422 424/717/424 490/718/490
f 405/654/405 470/716/470 478/719/478 407/720/407
f 439/721/439 510/722/510 506/709/506 440/708/440
f 437/662/437 502/706/502 510/723/510 439/724/439
f 392/725/392 458/726/458 450/715/450 390/616/390
f 489/727/489 481/728/481 483/729/483 491/730/491
f 491/730/491 483/729/483 484/731/484 492/732/492
f 492/733/492 484/734/484 482/707/482 490/718/490
f 493/735/493 489/727/489 491/730/491 495/736/495
f 495/736/495 491/730/491 492/737/492 496/738/496
f 496/739/496 492/740/492 490/711/490 494/630/494
f 485/741/485 493/735/493 495/736/495 487/742/487
f 487/742/487 495/736/495 496/743/496 488/744/488
f 488/745/488 496/746/496 494/630/494 486/632/486
f 453/747/453 461/748/461 463/749/463 455/750/455
f 455/750/455 463/749/463 464/751/464 456/752/456
f 456/753/456 464/754/464 462/628/462 454/627/454
f 461/748/461 457/755/457 459/756/459 463/749/463
f 463/749/463 459/756/459 460/757/460 464/758/464
f 464/759/464 460/760/460 458/664/458 462/628/462
f 457/755/457 449/761/449 451/762/451 459/756/459
f 459/756/459 451/762/451 452/763/452 460/764/460
f 460/765/460 452/766/452 450/715/450 458/726/458
f 469/767/469 477/768/477 479/769/479 471/770/471
f 471/770/471 479/769/479 480/771/480 472/772/472
f 472/773/472 480/774/480 478/719/478 470/716/470
f 477/768/477 473/775/473 475/776/475 479/769/479
f 479/769/479 475/776/475 476/777/476 480/778/480
f 480/779/480 476/780/476 474/624/474 478/623/478
f 473/775/473 465/781/465 467/782/467 475/776/475
f 475/776/475 467/782/467 468/783/468 476/784/476
f 476/785/476 468/786/468 466/714/466 474/624/474
f 501/787/501 509/788/509 511/789/511 503/790/503
f 503/790/503 511/789/511 512/791/512 504/792/504
f 504/793/504 512/794/512 510/723/510 502/706/502
f 509/788/509 505/795/505 507/796/507 511/789/511
f 511/789/511 507/796/507 508/797/508 512/798/512
f 512/799/512 508/800/508 506/709/506 510/722/510
f 505/795/505 497/801/497 499/802/499 507/796/507
f 507/796/507 499/802/499 500/803/500 508/804/508
f 508/804/508 500/803/500 498/710/498 506/709/506
f 454/713/454 466/714/466 468/805/468 456/806/456
f 456/807/456 468/808/468 467/782/467 455/750/455
f 455/750/455 467/782/467 465/781/465 453/747/453
f 470/716/470 498/710/498 500/803/500 472/809/472
f 472/809/472 500/803/500 499/802/499 471/770/471
f 471/770/471 499/802/499 497/801/497 469/767/469
f 502/706/502 482/707/482 484/810/484 504/811/504
f 504/812/504 484/813/484 483/729/483 503/790/503
f 503/790/503 483/729/483 481/728/481 501/787/501
f 486/632/486 450/715/450 452/814/452 488/815/488
f 488/816/488 452/817/452 451/762/451 487/742/487
f 487/742/487 451/762/451 449/761/449 485/741/485
f 465/781/465 473/775/473 477/768/477 469/767/469 497/801/497 505/795/505 509/788/509 501/787/501 481/728/481 489/727/489 493/735/493 485/741/485 449/761/449 457/755/457 461/748/461 453/747/453
o Building.005
v 0.116272 1.553761 0.870115
v 0.165461 1.553761 0.879918
v 0.122863 1.553761 0.875017
v 0.140867 1.553761 0.878605
v 0.054339 1.515274 0.882810
v 0.101760 1.515274 0.892261
v 0.060693 1.515274 0.887536
v 0.078050 1.515274 0.890995
v 0.085306 1.548605 0.876366
v 0.134094 1.548605 0.886090
v 0.091842 1.548605 0.881228
v 0.109700 1.548605 0.884787
v 0.062637 1.534518 0.881047
v 0.110609 1.534518 0.890607
v 0.069064 1.534518 0.885827
v 0.086623 1.534518 0.889326
v 0.165461 1.553761 0.798323
v 0.116272 1.553761 0.808126
v 0.140867 1.553761 0.799636
v 0.122863 1.553761 0.803224
v 0.101760 1.515274 0.785980
v 0.054339 1.515274 0.795430
v 0.078050 1.515274 0.787246
v 0.060693 1.515274 0.790705
v 0.134094 1.548605 0.792151
v 0.085306 1.548605 0.801874
v 0.109700 1.548605 0.793454
v 0.091842 1.548605 0.797013
v 0.110609 1.534518 0.787633
v 0.062637 1.534518 0.797194
v 0.086623 1.534518 0.788914
v 0.069064 1.534518 0.792414
v 0.476505 1.553761 0.879918
v 0.525694 1.553761 0.870115
v 0.501100 1.553761 0.878605
v 0.519104 1.553761 0.875017
v 0.540207 1.515274 0.892261
v 0.587627 1.515274 0.882810
v 0.563917 1.515274 0.890995
v 0.581274 1.515274 0.887536
v 0.507873 1.548605 0.886090
v 0.556661 1.548605 0.876366
v 0.532267 1.548605 0.884787
v 0.550124 1.548605 0.881228
v 0.531357 1.534518 0.890607
v 0.579330 1.534518 0.881047
v 0.555343 1.534518 0.889326
v 0.572903 1.534518 0.885827
v 0.525694 1.553761 0.808126
v 0.476505 1.553761 0.798323
v 0.519104 1.553761 0.803224
v 0.501100 1.553761 0.799636
v 0.587627 1.515274 0.795430
v 0.540207 1.515274 0.785980
v 0.581274 1.515274 0.790705
v 0.563917 1.515274 0.787246
v 0.556661 1.548605 0.801874
v 0.507873 1.548605 0.792151
v 0.550124 1.548605 0.797013
v 0.532267 1.548605 0.793454
v 0.579330 1.534518 0.797194
v 0.531357 1.534518 0.787633
v 0.572903 1.534518 0.792414
v 0.555343 1.534518 0.788914
v 0.105626 0.981498 0.886119
v 0.101577 1.002710 0.892261
v 0.103599 0.984340 0.889190
v 0.102116 0.992104 0.891438
v 0.085158 0.981498 0.882040
v 0.054339 1.002710 0.882847
v 0.069749 0.984340 0.882444
v 0.058468 0.992104 0.882739
v 0.093907 0.981498 0.885493
v 0.077958 1.002710 0.891000
v 0.085931 0.984340 0.888247
v 0.080093 0.992104 0.890262
v 0.088298 0.981498 0.884375
v 0.060668 1.002710 0.887554
v 0.074483 0.984340 0.885965
v 0.064369 0.992104 0.887128
v 0.085158 0.981498 0.796201
v 0.054339 1.002710 0.795394
v 0.069749 0.984340 0.795797
v 0.058468 0.992104 0.795501
v 0.105626 0.981498 0.792122
v 0.101577 1.002710 0.785980
v 0.103599 0.984340 0.789051
v 0.102116 0.992104 0.786803
v 0.088298 0.981498 0.793865
v 0.060668 1.002710 0.790687
v 0.074483 0.984340 0.792276
v 0.064369 0.992104 0.791112
v 0.093907 0.981498 0.792748
v 0.077958 1.002710 0.787241
v 0.085931 0.984340 0.789994
v 0.080093 0.992104 0.787979
v 0.556808 0.981498 0.882040
v 0.587627 1.002710 0.882847
v 0.572218 0.984340 0.882444
v 0.583498 0.992104 0.882739
v 0.536340 0.981498 0.886119
v 0.540390 1.002710 0.892261
v 0.538368 0.984340 0.889190
v 0.539850 0.992104 0.891438
v 0.553668 0.981498 0.884375
v 0.581298 1.002710 0.887554
v 0.567484 0.984340 0.885965
v 0.577597 0.992104 0.887128
v 0.548059 0.981498 0.885493
v 0.564008 1.002710 0.891000
v 0.556035 0.984340 0.888247
v 0.561873 0.992104 0.890262
v 0.536340 0.981498 0.792122
v 0.540390 1.002710 0.785980
v 0.538368 0.984340 0.789051
v 0.539850 0.992104 0.786803
v 0.556808 0.981498 0.796201
v 0.587627 1.002710 0.795394
v 0.572218 0.984340 0.795797
v 0.583498 0.992104 0.795501
v 0.548059 0.981498 0.792748
v 0.564008 1.002710 0.787241
v 0.556035 0.984340 0.789994
v 0.561873 0.992104 0.787979
v 0.553668 0.981498 0.793865
v 0.581298 1.002710 0.790687
v 0.567484 0.984340 0.792276
v 0.577597 0.992104 0.791112
vn -0.0828 0.9961 0.0292
vn -0.0054 0.9229 0.3851
vn -0.0629 0.9852 0.1592
vn -0.0307 0.9519 0.3049
vn -0.8000 0.1921 0.5684
vn -0.0282 0.0478 0.9985
vn -0.3196 0.1038 0.9419
vn -0.1160 0.0642 0.9912
vn -0.3228 0.9320 0.1650
vn -0.0176 0.4986 0.8666
vn -0.2104 0.7970 0.5662
vn -0.0850 0.6003 0.7953
vn -0.6376 0.6410 0.4272
vn -0.0261 0.1964 0.9802
vn -0.3017 0.3941 0.8681
vn -0.1099 0.2504 0.9619
vn -0.0054 0.9229 -0.3851
vn -0.0828 0.9961 -0.0292
vn -0.0307 0.9519 -0.3049
vn -0.0629 0.9852 -0.1592
vn -0.0282 0.0478 -0.9985
vn -0.8000 0.1921 -0.5684
vn -0.1160 0.0642 -0.9912
vn -0.3196 0.1038 -0.9419
vn -0.0176 0.4986 -0.8666
vn -0.3228 0.9320 -0.1650
vn -0.0850 0.6003 -0.7953
vn -0.2104 0.7970 -0.5662
vn -0.0261 0.1964 -0.9802
vn -0.6376 0.6410 -0.4272
vn -0.1099 0.2504 -0.9619
vn -0.3017 0.3941 -0.8681
vn 0.0054 0.9229 0.3851
vn 0.0828 0.9961 0.0292
vn 0.0307 0.9519 0.3049
vn 0.0629 0.9852 0.1592
vn 0.0282 0.0478 0.9985
vn 0.8000 0.1921 0.5684
vn 0.1160 0.0642 0.9912
vn 0.3196 0.1038 0.9419
vn 0.0176 0.4986 0.8666
vn 0.3228 0.9320 0.1650
vn 0.0850 0.6003 0.7953
vn 0.2104 0.7970 0.5662
vn 0.0261 0.1964 0.9802
vn 0.6376 0.6410 0.4272
vn 0.1099 0.2504 0.9619
vn 0.3017 0.3941 0.8681
vn 0.0828 0.9961 -0.0292
vn 0.0054 0.9229 -0.3851
vn 0.0629 0.9852 -0.1592
vn 0.0307 0.9519 -0.3049
vn 0.8000 0.1921 -0.5684
vn 0.0282 0.0478 -0.9985
vn 0.3196 0.1038 -0.9419
vn 0.1160 0.0642 -0.9912
vn 0.3228 0.9320 -0.1650
vn 0.0176 0.4986 -0.8666
vn 0.2104 0.7970 -0.5662
vn 0.0850 0.6003 -0.7953
vn 0.6376 0.6410 -0.4272
vn 0.0261 0.1964 -0.9802
vn 0.3017 0.3941 -0.8681
vn 0.1099 0.2504 -0.9619
vn -0.0114 -0.9000 0.4358
vn -0.0262 -0.0383 0.9989
vn -0.0236 -0.4389 0.8982
vn -0.0259 -0.1635 0.9862
vn -0.0959 -0.9934 0.0633
vn -0.8238 -0.1585 0.5442
vn -0.3664 -0.8984 0.2421
vn -0.6855 -0.5701 0.4528
vn -0.0467 -0.9129 0.4055
vn -0.1142 -0.0442 0.9925
vn -0.1003 -0.4793 0.8719
vn -0.1123 -0.1850 0.9763
vn -0.0854 -0.9651 0.2475
vn -0.3254 -0.0727 0.9428
vn -0.2425 -0.6689 0.7026
vn -0.3116 -0.2963 0.9028
vn -0.0959 -0.9934 -0.0633
vn -0.8238 -0.1585 -0.5442
vn -0.3664 -0.8984 -0.2421
vn -0.6855 -0.5701 -0.4528
vn -0.0114 -0.9000 -0.4358
vn -0.0262 -0.0383 -0.9989
vn -0.0236 -0.4389 -0.8982
vn -0.0259 -0.1635 -0.9862
vn -0.0854 -0.9651 -0.2475
vn -0.3254 -0.0727 -0.9428
vn -0.2425 -0.6689 -0.7026
vn -0.3116 -0.2963 -0.9028
vn -0.0467 -0.9129 -0.4055
vn -0.1142 -0.0442 -0.9925
vn -0.1003 -0.4793 -0.8719
vn -0.1123 -0.1850 -0.9763
vn 0.0959 -0.9934 0.0633
vn 0.8238 -0.1585 0.5442
vn 0.3664 -0.8984 0.2421
vn 0.6855 -0.5701 0.4528
vn 0.0114 -0.9000 0.4358
vn 0.0262 -0.0383 0.9989
vn 0.0236 -0.4389 0.8982
vn 0.0259 -0.1635 0.9862
vn 0.0854 -0.9651 0.2475
vn 0.3254 -0.0727 0.9428
vn 0.2425 -0.6689 0.7026
vn 0.3116 -0.2963 0.9028
vn 0.0467 -0.9129 0.4055
vn 0.1142 -0.0442 0.9925
vn 0.1003 -0.4793 0.8719
vn 0.1123 -0.1850 0.9763
vn 0.0114 -0.9000 -0.4358
vn 0.0262 -0.0383 -0.9989
vn 0.0236 -0.4389 -0.8982
vn 0.0259 -0.1635 -0.9862
vn 0.0959 -0.9934 -0.0633
vn 0.8238 -0.1585 -0.5442
vn 0.3664 -0.8984 -0.2421
vn 0.6855 -0.5701 -0.4528
vn 0.0467 -0.9129 -0.4055
vn 0.1142 -0.0442 -0.9925
vn 0.1003 -0.4793 -0.8719
vn 0.1123 -0.1850 -0.9763
vn 0.0854 -0.9651 -0.2475
vn 0.3254 -0.0727 -0.9428
vn 0.2425 -0.6689 -0.7026
vn 0.3116 -0.2963 -0.9028
vt 0.887788 0.672928
vt 0.910197 0.672928
vt 0.910669 0.674465
vt 0.887316 0.674465
vt 0.890709 0.670026
vt 0.907276 0.670026
vt 0.908947 0.671676
vt 0.889039 0.671676
vt 0.914335 0.644921
vt 0.953587 0.644921
vt 0.953587 0.646179
vt 0.914335 0.646184
vt 0.914335 0.670799
vt 0.953587 0.670809
vt 0.953587 0.672067
vt 0.914335 0.672062
vt 0.886049 0.713718
vt 0.886054 0.674465
vt 0.887307 0.713718
vt 0.888089 0.650840
vt 0.888427 0.649530
vt 0.889399 0.648558
vt 0.890709 0.648220
vt 0.907276 0.648220
vt 0.908586 0.648558
vt 0.909558 0.649530
vt 0.909896 0.650840
vt 0.909896 0.667407
vt 0.909558 0.668717
vt 0.908586 0.669688
vt 0.889399 0.669688
vt 0.888427 0.668717
vt 0.888089 0.667407
vt 0.911545 0.669077
vt 0.911545 0.649169
vt 0.912798 0.647918
vt 0.912798 0.670328
vt 0.910197 0.645318
vt 0.887788 0.645318
vt 0.887316 0.643781
vt 0.910669 0.643781
vt 0.886440 0.669077
vt 0.886440 0.649169
vt 0.908947 0.646571
vt 0.889039 0.646571
vt 0.885188 0.647918
vt 0.885188 0.670328
vt 0.883651 0.670799
vt 0.883651 0.647447
vt 0.914335 0.647447
vt 0.953587 0.673325
vt 0.914335 0.673325
vt 0.910246 0.671412
vt 0.911281 0.670377
vt 0.910246 0.646835
vt 0.911281 0.647870
vt 0.911475 0.672733
vt 0.912602 0.671606
vt 0.911475 0.645514
vt 0.912602 0.646641
vt 0.912753 0.672928
vt 0.913075 0.674048
vt 0.913918 0.673205
vt 0.912798 0.672883
vt 0.912701 0.671606
vt 0.914240 0.672062
vt 0.913075 0.644198
vt 0.912753 0.645318
vt 0.912798 0.645363
vt 0.913918 0.645041
vt 0.914240 0.646184
vt 0.912701 0.646641
vt 0.886704 0.647870
vt 0.887739 0.646835
vt 0.885383 0.646641
vt 0.886510 0.645514
vt 0.884068 0.645041
vt 0.885188 0.645363
vt 0.885233 0.645318
vt 0.884911 0.644198
vt 0.886054 0.643876
vt 0.886510 0.645415
vt 0.887739 0.671412
vt 0.886704 0.670377
vt 0.886510 0.672733
vt 0.885383 0.671606
vt 0.886054 0.674370
vt 0.886510 0.672832
vt 0.884911 0.674048
vt 0.885233 0.672928
vt 0.885188 0.672883
vt 0.884068 0.673205
vt 0.844398 0.647437
vt 0.844398 0.670809
vt 0.886054 0.643781
vt 0.886049 0.604529
vt 0.887307 0.604529
vt 0.884791 0.713718
vt 0.884791 0.674465
vt 0.953587 0.647437
vt 0.910679 0.713718
vt 0.910679 0.604529
vt 0.883651 0.673325
vt 0.844398 0.673325
vt 0.913195 0.604529
vt 0.913195 0.643781
vt 0.884791 0.643781
vt 0.884791 0.604529
vt 0.844398 0.644921
vt 0.883651 0.644921
vt 0.913195 0.674465
vt 0.913195 0.713718
vt 0.886600 0.576608
vt 0.886432 0.577232
vt 0.885612 0.577124
vt 0.885864 0.576183
vt 0.884798 0.576989
vt 0.885113 0.575815
vt 0.842774 0.673211
vt 0.842774 0.670865
vt 0.886898 0.576309
vt 0.886473 0.575574
vt 0.885170 0.575717
vt 0.886007 0.574879
vt 0.885992 0.715342
vt 0.884848 0.715342
vt 0.887522 0.576142
vt 0.887414 0.575322
vt 0.886106 0.574823
vt 0.887279 0.574508
vt 0.887279 0.715342
vt 0.886106 0.715342
vt 0.911553 0.577232
vt 0.911386 0.576608
vt 0.912122 0.576183
vt 0.912374 0.577124
vt 0.912873 0.575815
vt 0.913187 0.576989
vt 0.955211 0.670837
vt 0.955211 0.672010
vt 0.911087 0.576310
vt 0.911512 0.575574
vt 0.911978 0.574879
vt 0.912816 0.575717
vt 0.955211 0.672124
vt 0.955211 0.673268
vt 0.910463 0.576142
vt 0.910571 0.575322
vt 0.910707 0.574508
vt 0.911880 0.574823
vt 0.913080 0.715342
vt 0.910735 0.715342
vt 0.910463 0.601263
vt 0.911087 0.601096
vt 0.911512 0.601832
vt 0.910571 0.602084
vt 0.911880 0.602583
vt 0.910707 0.602897
vt 0.910735 0.602905
vt 0.913081 0.602905
vt 0.911386 0.600797
vt 0.912122 0.601222
vt 0.912816 0.601688
vt 0.911978 0.602526
vt 0.955211 0.644978
vt 0.955211 0.646122
vt 0.911553 0.600173
vt 0.912374 0.600281
vt 0.913187 0.600417
vt 0.912873 0.601590
vt 0.955211 0.646236
vt 0.955211 0.647409
vt 0.886432 0.600173
vt 0.886600 0.600797
vt 0.885864 0.601222
vt 0.885612 0.600281
vt 0.885113 0.601590
vt 0.884798 0.600417
vt 0.842774 0.647381
vt 0.842774 0.645035
vt 0.886898 0.601096
vt 0.886473 0.601832
vt 0.886007 0.602526
vt 0.885170 0.601688
vt 0.884848 0.602905
vt 0.885992 0.602905
vt 0.887522 0.601263
vt 0.887414 0.602084
vt 0.887307 0.603717
vt 0.886106 0.603717
vt 0.955211 0.647466
vt 0.955211 0.670780
vt 0.913195 0.577045
vt 0.913195 0.600360
vt 0.910650 0.603717
vt 0.842774 0.670780
vt 0.842774 0.647466
vt 0.884791 0.600360
vt 0.884791 0.577045
vt 0.910650 0.715342
vt 0.887336 0.715342
vt 0.887336 0.574501
vt 0.910650 0.574501
s 1
f 557/818/557 526/819/526 518/820/518 549/821/549
f 545/822/545 514/823/514 522/824/522 553/825/553
f 535/826/535 606/827/606 602/828/602 536/829/536
f 517/830/517 582/831/582 590/832/590 519/833/519
f 622/834/622 551/835/551 549/821/549 614/836/614
f 561/837/561 563/838/563 564/839/564 562/840/562 529/841/529 531/842/531 532/843/532 530/844/530 513/845/513 515/846/515 516/847/516 514/823/514 545/822/545 547/848/547 548/849/548 546/850/546
f 553/825/553 522/824/522 526/819/526 557/818/557
f 521/851/521 538/852/538 542/853/542 525/854/525
f 541/855/541 574/856/574 566/857/566 533/858/533
f 561/837/561 546/850/546 554/859/554 569/860/569
f 537/861/537 570/862/570 574/856/574 541/855/541
f 573/863/573 558/864/558 550/865/550 565/866/565
f 569/860/569 554/859/554 558/864/558 573/863/573
f 513/845/513 530/844/530 538/852/538 521/851/521
f 529/841/529 562/840/562 570/862/570 537/861/537
f 525/854/525 542/853/542 534/867/534 517/830/517
f 519/833/519 590/832/590 586/868/586 520/869/520
f 522/824/522 514/823/514 516/847/516 524/870/524
f 524/870/524 516/847/516 515/846/515 523/871/523
f 523/871/523 515/846/515 513/845/513 521/851/521
f 529/841/529 537/861/537 539/872/539 531/842/531
f 531/842/531 539/872/539 540/873/540 532/843/532
f 532/843/532 540/873/540 538/852/538 530/844/530
f 526/819/526 522/824/522 524/870/524 528/874/528
f 528/874/528 524/870/524 523/871/523 527/875/527
f 527/875/527 523/871/523 521/851/521 525/854/525
f 537/861/537 541/855/541 543/876/543 539/872/539
f 539/872/539 543/876/543 544/877/544 540/873/540
f 540/873/540 544/877/544 542/853/542 538/852/538
f 518/820/518 526/819/526 528/878/528 520/879/520
f 520/880/520 528/881/528 527/882/527 519/883/519
f 519/883/519 527/882/527 525/854/525 517/830/517
f 541/855/541 533/858/533 535/884/535 543/885/543
f 543/886/543 535/887/535 536/888/536 544/889/544
f 544/889/544 536/888/536 534/867/534 542/853/542
f 561/837/561 569/860/569 571/890/571 563/838/563
f 563/838/563 571/890/571 572/891/572 564/839/564
f 564/839/564 572/891/572 570/862/570 562/840/562
f 569/860/569 573/863/573 575/892/575 571/890/571
f 571/890/571 575/892/575 576/893/576 572/891/572
f 572/891/572 576/893/576 574/856/574 570/862/570
f 573/863/573 565/866/565 567/894/567 575/895/575
f 575/896/575 567/897/567 568/898/568 576/899/576
f 576/899/576 568/898/568 566/857/566 574/856/574
f 545/822/545 553/825/553 555/900/555 547/848/547
f 547/848/547 555/900/555 556/901/556 548/849/548
f 548/849/548 556/901/556 554/859/554 546/850/546
f 553/825/553 557/818/557 559/902/559 555/900/555
f 555/900/555 559/902/559 560/903/560 556/901/556
f 556/901/556 560/903/560 558/864/558 554/859/554
f 557/818/557 549/821/549 551/904/551 559/905/559
f 559/905/559 551/904/551 552/906/552 560/907/560
f 560/908/560 552/909/552 550/865/550 558/864/558
f 630/910/630 565/866/565 550/865/550 610/911/610
f 568/912/568 634/913/634 626/914/626 566/857/566
f 618/915/618 552/916/552 551/835/551 622/834/622
f 582/831/582 517/830/517 534/867/534 594/917/594
f 536/829/536 602/828/602 594/917/594 534/867/534
f 614/836/614 549/821/549 518/820/518 578/918/578
f 598/919/598 533/858/533 566/857/566 626/914/626
f 610/911/610 550/865/550 552/920/552 618/921/618
f 533/858/533 598/919/598 606/922/606 535/923/535
f 567/924/567 638/925/638 634/913/634 568/912/568
f 565/866/565 630/910/630 638/926/638 567/927/567
f 520/928/520 586/929/586 578/918/578 518/820/518
f 617/930/617 609/931/609 611/932/611 619/933/619
f 619/933/619 611/932/611 612/934/612 620/935/620
f 620/936/620 612/937/612 610/911/610 618/921/618
f 621/938/621 617/930/617 619/933/619 623/939/623
f 623/939/623 619/933/619 620/940/620 624/941/624
f 624/942/624 620/943/620 618/915/618 622/834/622
f 613/944/613 621/938/621 623/939/623 615/945/615
f 615/945/615 623/939/623 624/946/624 616/947/616
f 616/948/616 624/949/624 622/834/622 614/836/614
f 581/950/581 589/951/589 591/952/591 583/953/583
f 583/953/583 591/952/591 592/954/592 584/955/584
f 584/956/584 592/957/592 590/832/590 582/831/582
f 589/951/589 585/958/585 587/959/587 591/952/591
f 591/952/591 587/959/587 588/960/588 592/961/592
f 592/962/592 588/963/588 586/868/586 590/832/590
f 585/958/585 577/964/577 579/965/579 587/959/587
f 587/959/587 579/965/579 580/966/580 588/967/588
f 588/968/588 580/969/580 578/918/578 586/929/586
f 597/970/597 605/971/605 607/972/607 599/973/599
f 599/973/599 607/972/607 608/974/608 600/975/600
f 600/976/600 608/977/608 606/922/606 598/919/598
f 605/971/605 601/978/601 603/979/603 607/972/607
f 607/972/607 603/979/603 604/980/604 608/981/608
f 608/982/608 604/983/604 602/828/602 606/827/606
f 601/978/601 593/984/593 595/985/595 603/979/603
f 603/979/603 595/985/595 596/986/596 604/987/604
f 604/988/604 596/989/596 594/917/594 602/828/602
f 629/990/629 637/991/637 639/992/639 631/993/631
f 631/993/631 639/992/639 640/994/640 632/995/632
f 632/996/632 640/997/640 638/926/638 630/910/630
f 637/991/637 633/998/633 635/999/635 639/992/639
f 639/992/639 635/999/635 636/1000/636 640/1001/640
f 640/1002/640 636/1003/636 634/913/634 638/925/638
f 633/998/633 625/1004/625 627/1005/627 635/999/635
f 635/999/635 627/1005/627 628/1006/628 636/1007/636
f 636/1007/636 628/1006/628 626/914/626 634/913/634
f 582/831/582 594/917/594 596/1008/596 584/1009/584
f 584/1010/584 596/1011/596 595/985/595 583/953/583
f 583/953/583 595/985/595 593/984/593 581/950/581
f 598/919/598 626/914/626 628/1006/628 600/1012/600
f 600/1012/600 628/1006/628 627/1005/627 599/973/599
f 599/973/599 627/1005/627 625/1004/625 597/970/597
f 630/910/630 610/911/610 612/1013/612 632/1014/632
f 632/1015/632 612/1016/612 611/932/611 631/993/631
f 631/993/631 611/932/611 609/931/609 629/990/629
f 614/836/614 578/918/578 580/1017/580 616/1018/616
f 616/1019/616 580/1020/580 579/965/579 615/945/615
f 615/945/615 579/965/579 577/964/577 613/944/613
f 593/984/593 601/978/601 605/971/605 597/970/597 625/1004/625 633/998/633 637/991/637 629/990/629 609/931/609 617/930/617 621/938/621 613/944/613 577/964/577 585/958/585 589/951/589 581/950/581
o Building.007
v -0.553380 2.296162 -0.799806
v -0.504191 2.296162 -0.790003
v -0.546790 2.296162 -0.794905
v -0.528785 2.296162 -0.791316
v -0.615313 2.257674 -0.787111
v -0.567892 2.257674 -0.777660
v -0.608959 2.257674 -0.782385
v -0.591602 2.257674 -0.778926
v -0.584346 2.291005 -0.793555
v -0.535558 2.291005 -0.783832
v -0.577810 2.291005 -0.788693
v -0.559952 2.291005 -0.785134
v -0.607015 2.276918 -0.788874
v -0.559043 2.276918 -0.779314
v -0.600588 2.276918 -0.784094
v -0.583029 2.276918 -0.780595
v -0.504191 2.296162 -0.871598
v -0.553380 2.296162 -0.861795
v -0.528785 2.296162 -0.870285
v -0.546790 2.296162 -0.866697
v -0.567892 2.257674 -0.883941
v -0.615313 2.257674 -0.874491
v -0.591602 2.257674 -0.882675
v -0.608959 2.257674 -0.879216
v -0.535558 2.291005 -0.877770
v -0.584346 2.291005 -0.868047
v -0.559952 2.291005 -0.876467
v -0.577810 2.291005 -0.872908
v -0.559043 2.276918 -0.882288
v -0.607015 2.276918 -0.872727
v -0.583029 2.276918 -0.881007
v -0.600588 2.276918 -0.877507
v 0.476505 2.296162 -0.790003
v 0.525694 2.296162 -0.799806
v 0.501100 2.296162 -0.791316
v 0.519104 2.296162 -0.794905
v 0.540207 2.257674 -0.777660
v 0.587627 2.257674 -0.787111
v 0.563917 2.257674 -0.778926
v 0.581274 2.257674 -0.782385
v 0.507873 2.291005 -0.783832
v 0.556661 2.291005 -0.793555
v 0.532267 2.291005 -0.785134
v 0.550124 2.291005 -0.788693
v 0.531357 2.276918 -0.779314
v 0.579330 2.276918 -0.788874
v 0.555343 2.276918 -0.780595
v 0.572903 2.276918 -0.784094
v 0.525694 2.296162 -0.861795
v 0.476505 2.296162 -0.871598
v 0.519104 2.296162 -0.866697
v 0.501100 2.296162 -0.870285
v 0.587627 2.257674 -0.874491
v 0.540207 2.257674 -0.883941
v 0.581274 2.257674 -0.879216
v 0.563917 2.257674 -0.882675
v 0.556661 2.291005 -0.868047
v 0.507873 2.291005 -0.877770
v 0.550124 2.291005 -0.872908
v 0.532267 2.291005 -0.876467
v 0.579330 2.276918 -0.872727
v 0.531357 2.276918 -0.882288
v 0.572903 2.276918 -0.877507
v 0.555343 2.276918 -0.881007
v -0.564026 1.723899 -0.783802
v -0.568075 1.745111 -0.777660
v -0.566053 1.726741 -0.780731
v -0.567536 1.734505 -0.778483
v -0.584494 1.723899 -0.787881
v -0.615313 1.745111 -0.787074
v -0.599903 1.726741 -0.787477
v -0.611184 1.734505 -0.787182
v -0.575745 1.723899 -0.784428
v -0.591694 1.745111 -0.778921
v -0.583721 1.726741 -0.781675
v -0.589559 1.734505 -0.779659
v -0.581354 1.723899 -0.785546
v -0.608984 1.745111 -0.782367
v -0.595169 1.726741 -0.783956
v -0.605283 1.734505 -0.782793
v -0.584494 1.723899 -0.873720
v -0.615313 1.745111 -0.874527
v -0.599903 1.726741 -0.874124
v -0.611184 1.734505 -0.874420
v -0.564026 1.723899 -0.877799
v -0.568075 1.745111 -0.883941
v -0.566053 1.726741 -0.880870
v -0.567536 1.734505 -0.883119
v -0.581354 1.723899 -0.876056
v -0.608984 1.745111 -0.879234
v -0.595169 1.726741 -0.877645
v -0.605283 1.734505 -0.878809
v -0.575745 1.723899 -0.877174
v -0.591694 1.745111 -0.882680
v -0.583721 1.726741 -0.879927
v -0.589559 1.734505 -0.881942
v 0.556808 1.723899 -0.787881
v 0.587627 1.745111 -0.787074
v 0.572218 1.726741 -0.787477
v 0.583498 1.734505 -0.787182
v 0.536340 1.723899 -0.783802
v 0.540390 1.745111 -0.777660
v 0.538368 1.726741 -0.780731
v 0.539850 1.734505 -0.778483
v 0.553668 1.723899 -0.785546
v 0.581298 1.745111 -0.782367
v 0.567484 1.726741 -0.783956
v 0.577597 1.734505 -0.782793
v 0.548059 1.723899 -0.784428
v 0.564008 1.745111 -0.778921
v 0.556035 1.726741 -0.781675
v 0.561873 1.734505 -0.779659
v 0.536340 1.723899 -0.877799
v 0.540390 1.745111 -0.883941
v 0.538368 1.726741 -0.880870
v 0.539850 1.734505 -0.883119
v 0.556808 1.723899 -0.873720
v 0.587627 1.745111 -0.874527
v 0.572218 1.726741 -0.874124
v 0.583498 1.734505 -0.874420
v 0.548059 1.723899 -0.877174
v 0.564008 1.745111 -0.882680
v 0.556035 1.726741 -0.879927
v 0.561873 1.734505 -0.881942
v 0.553668 1.723899 -0.876056
v 0.581298 1.745111 -0.879234
v 0.567484 1.726741 -0.877645
v 0.577597 1.734505 -0.878809
vn -0.0828 0.9961 0.0292
vn -0.0054 0.9229 0.3851
vn -0.0629 0.9852 0.1592
vn -0.0307 0.9519 0.3049
vn -0.8000 0.1921 0.5685
vn -0.0282 0.0478 0.9985
vn -0.3196 0.1038 0.9419
vn -0.1160 0.0642 0.9912
vn -0.3228 0.9320 0.1650
vn -0.0176 0.4986 0.8666
vn -0.2104 0.7970 0.5662
vn -0.0850 0.6003 0.7953
vn -0.6376 0.6410 0.4272
vn -0.0261 0.1964 0.9802
vn -0.3017 0.3941 0.8681
vn -0.1099 0.2504 0.9619
vn -0.0054 0.9229 -0.3851
vn -0.0828 0.9961 -0.0292
vn -0.0307 0.9519 -0.3049
vn -0.0629 0.9852 -0.1592
vn -0.0282 0.0478 -0.9985
vn -0.8000 0.1921 -0.5685
vn -0.1160 0.0642 -0.9912
vn -0.3196 0.1038 -0.9419
vn -0.0176 0.4986 -0.8666
vn -0.3228 0.9320 -0.1650
vn -0.0850 0.6003 -0.7953
vn -0.2104 0.7970 -0.5662
vn -0.0261 0.1964 -0.9802
vn -0.6376 0.6410 -0.4272
vn -0.1099 0.2504 -0.9619
vn -0.3017 0.3941 -0.8681
vn 0.0054 0.9229 0.3851
vn 0.0828 0.9961 0.0292
vn 0.0307 0.9519 0.3049
vn 0.0629 0.9852 0.1592
vn 0.0282 0.0478 0.9985
vn 0.8000 0.1921 0.5684
vn 0.1160 0.0642 0.9912
vn 0.3196 0.1038 0.9419
vn 0.0176 0.4986 0.8666
vn 0.3228 0.9320 0.1650
vn 0.0850 0.6003 0.7953
vn 0.2104 0.7970 0.5662
vn 0.0261 0.1964 0.9802
vn 0.6376 0.6410 0.4272
vn 0.1099 0.2504 0.9619
vn 0.3017 0.3941 0.8681
vn 0.0828 0.9961 -0.0292
vn 0.0054 0.9229 -0.3851
vn 0.0629 0.9852 -0.1592
vn 0.0307 0.9519 -0.3049
vn 0.8000 0.1921 -0.5684
vn 0.0282 0.0478 -0.9985
vn 0.3196 0.1038 -0.9419
vn 0.1160 0.0642 -0.9912
vn 0.3228 0.9320 -0.1650
vn 0.0176 0.4986 -0.8666
vn 0.2104 0.7970 -0.5662
vn 0.0850 0.6003 -0.7953
vn 0.6376 0.6410 -0.4272
vn 0.0261 0.1964 -0.9802
vn 0.3017 0.3941 -0.8681
vn 0.1099 0.2504 -0.9619
vn -0.0114 -0.9000 0.4358
vn -0.0262 -0.0383 0.9989
vn -0.0236 -0.4389 0.8982
vn -0.0259 -0.1635 0.9862
vn -0.0959 -0.9934 0.0633
vn -0.8238 -0.1585 0.5442
vn -0.3664 -0.8984 0.2421
vn -0.6855 -0.5701 0.4528
vn -0.0467 -0.9129 0.4055
vn -0.1142 -0.0442 0.9925
vn -0.1003 -0.4793 0.8719
vn -0.1123 -0.1850 0.9763
vn -0.0854 -0.9651 0.2475
vn -0.3254 -0.0727 0.9428
vn -0.2425 -0.6689 0.7026
vn -0.3116 -0.2963 0.9028
vn -0.0959 -0.9934 -0.0633
vn -0.8238 -0.1585 -0.5442
vn -0.3664 -0.8984 -0.2421
vn -0.6855 -0.5701 -0.4528
vn -0.0114 -0.9000 -0.4358
vn -0.0262 -0.0383 -0.9989
vn -0.0236 -0.4389 -0.8982
vn -0.0259 -0.1635 -0.9862
vn -0.0854 -0.9651 -0.2475
vn -0.3254 -0.0727 -0.9428
vn -0.2425 -0.6689 -0.7026
vn -0.3116 -0.2963 -0.9028
vn -0.0467 -0.9129 -0.4055
vn -0.1142 -0.0442 -0.9925
vn -0.1003 -0.4793 -0.8719
vn -0.1123 -0.1850 -0.9763
vn 0.0959 -0.9934 0.0633
vn 0.8238 -0.1585 0.5442
vn 0.3664 -0.8984 0.2421
vn 0.6855 -0.5701 0.4528
vn 0.0114 -0.9000 0.4358
vn 0.0262 -0.0383 0.9989
vn 0.0236 -0.4389 0.8982
vn 0.0259 -0.1635 0.9862
vn 0.0854 -0.9651 0.2475
vn 0.3254 -0.0727 0.9428
vn 0.2425 -0.6689 0.7026
vn 0.3116 -0.2963 0.9028
vn 0.0467 -0.9129 0.4055
vn 0.1142 -0.0442 0.9925
vn 0.1003 -0.4793 0.8719
vn 0.1123 -0.1850 0.9763
vn 0.0114 -0.9000 -0.4358
vn 0.0262 -0.0383 -0.9989
vn 0.0236 -0.4389 -0.8982
vn 0.0259 -0.1635 -0.9862
vn 0.0959 -0.9934 -0.0633
vn 0.8238 -0.1585 -0.5442
vn 0.3664 -0.8984 -0.2421
vn 0.6855 -0.5701 -0.4528
vn 0.0467 -0.9129 -0.4055
vn 0.1142 -0.0442 -0.9925
vn 0.1003 -0.4793 -0.8719
vn 0.1123 -0.1850 -0.9763
vn 0.0854 -0.9651 -0.2475
vn 0.3254 -0.0727 -0.9428
vn 0.2425 -0.6689 -0.7026
vn 0.3116 -0.2963 -0.9028
vt 0.854918 0.633703
vt 0.874400 0.633703
vt 0.874809 0.635039
vt 0.854509 0.635039
vt 0.857458 0.631180
vt 0.871860 0.631180
vt 0.873312 0.632614
vt 0.856006 0.632614
vt 0.877996 0.609356
vt 0.912119 0.609356
vt 0.912119 0.610450
vt 0.877996 0.610454
vt 0.877996 0.631852
vt 0.912119 0.631861
vt 0.912119 0.632954
vt 0.877996 0.632950
vt 0.853407 0.669161
vt 0.853411 0.635039
vt 0.854500 0.669161
vt 0.855181 0.614501
vt 0.855475 0.613362
vt 0.856319 0.612517
vt 0.857458 0.612224
vt 0.871860 0.612224
vt 0.872999 0.612517
vt 0.873843 0.613362
vt 0.874137 0.614501
vt 0.874137 0.628903
vt 0.873843 0.630041
vt 0.872999 0.630886
vt 0.856319 0.630886
vt 0.855475 0.630041
vt 0.855181 0.628903
vt 0.875571 0.630355
vt 0.875571 0.613049
vt 0.876660 0.611961
vt 0.876660 0.631442
vt 0.874400 0.609701
vt 0.854918 0.609701
vt 0.854509 0.608365
vt 0.874809 0.608365
vt 0.853747 0.630355
vt 0.853747 0.613049
vt 0.873312 0.610790
vt 0.856006 0.610790
vt 0.852658 0.611961
vt 0.852658 0.631442
vt 0.851322 0.631852
vt 0.851322 0.611552
vt 0.877996 0.611552
vt 0.912119 0.634048
vt 0.877996 0.634048
vt 0.874442 0.632385
vt 0.875342 0.631485
vt 0.874442 0.611019
vt 0.875342 0.611919
vt 0.875510 0.633533
vt 0.876490 0.632553
vt 0.875510 0.609871
vt 0.876490 0.610851
vt 0.876621 0.633703
vt 0.876901 0.634676
vt 0.877634 0.633944
vt 0.876660 0.633664
vt 0.876576 0.632553
vt 0.877913 0.632950
vt 0.876901 0.608727
vt 0.876621 0.609701
vt 0.876660 0.609740
vt 0.877634 0.609460
vt 0.877913 0.610454
vt 0.876576 0.610851
vt 0.853976 0.611919
vt 0.854876 0.611019
vt 0.852828 0.610851
vt 0.853808 0.609871
vt 0.851684 0.609460
vt 0.852658 0.609740
vt 0.852697 0.609701
vt 0.852417 0.608727
vt 0.853411 0.608448
vt 0.853808 0.609785
vt 0.854876 0.632385
vt 0.853976 0.631485
vt 0.853808 0.633533
vt 0.852828 0.632553
vt 0.853411 0.634956
vt 0.853808 0.633619
vt 0.852417 0.634676
vt 0.852697 0.633703
vt 0.852658 0.633664
vt 0.851684 0.633944
vt 0.817199 0.611543
vt 0.817199 0.631861
vt 0.853411 0.608365
vt 0.853407 0.574242
vt 0.854500 0.574242
vt 0.852313 0.669161
vt 0.852313 0.635039
vt 0.912119 0.611543
vt 0.874818 0.669161
vt 0.874818 0.574242
vt 0.851322 0.634048
vt 0.817199 0.634048
vt 0.877005 0.574242
vt 0.877005 0.608365
vt 0.852313 0.608365
vt 0.852313 0.574242
vt 0.817199 0.609356
vt 0.851322 0.609356
vt 0.877005 0.635039
vt 0.877005 0.669161
vt 0.853885 0.549971
vt 0.853740 0.550513
vt 0.853027 0.550419
vt 0.853246 0.549601
vt 0.852320 0.550301
vt 0.852593 0.549282
vt 0.815787 0.633949
vt 0.815787 0.631909
vt 0.854145 0.549711
vt 0.853776 0.549071
vt 0.852642 0.549196
vt 0.853370 0.548468
vt 0.853357 0.670574
vt 0.852363 0.670574
vt 0.854688 0.549566
vt 0.854594 0.548852
vt 0.853456 0.548418
vt 0.854476 0.548145
vt 0.854476 0.670574
vt 0.853456 0.670574
vt 0.875578 0.550513
vt 0.875432 0.549971
vt 0.876072 0.549601
vt 0.876291 0.550419
vt 0.876725 0.549282
vt 0.876998 0.550301
vt 0.913531 0.631885
vt 0.913531 0.632905
vt 0.875173 0.549711
vt 0.875542 0.549071
vt 0.875948 0.548468
vt 0.876676 0.549196
vt 0.913531 0.633004
vt 0.913531 0.633998
vt 0.874630 0.549566
vt 0.874724 0.548852
vt 0.874842 0.548145
vt 0.875862 0.548418
vt 0.876906 0.670574
vt 0.874866 0.670574
vt 0.874630 0.571403
vt 0.875173 0.571258
vt 0.875542 0.571898
vt 0.874724 0.572117
vt 0.875862 0.572551
vt 0.874842 0.572824
vt 0.874866 0.572830
vt 0.876906 0.572830
vt 0.875432 0.570998
vt 0.876072 0.571368
vt 0.876676 0.571773
vt 0.875948 0.572501
vt 0.913531 0.609406
vt 0.913531 0.610400
vt 0.875578 0.570456
vt 0.876291 0.570550
vt 0.876998 0.570668
vt 0.876725 0.571687
vt 0.913531 0.610499
vt 0.913531 0.611519
vt 0.853740 0.570456
vt 0.853885 0.570998
vt 0.853246 0.571368
vt 0.853027 0.570550
vt 0.852593 0.571687
vt 0.852320 0.570668
vt 0.815787 0.611495
vt 0.815787 0.609455
vt 0.854145 0.571258
vt 0.853776 0.571898
vt 0.853370 0.572501
vt 0.852642 0.571773
vt 0.852363 0.572830
vt 0.853357 0.572830
vt 0.854688 0.571403
vt 0.854594 0.572117
vt 0.854501 0.573536
vt 0.853456 0.573536
vt 0.913531 0.611568
vt 0.913531 0.631836
vt 0.877005 0.550351
vt 0.877005 0.570618
vt 0.874793 0.573536
vt 0.815787 0.631836
vt 0.815787 0.611568
vt 0.852313 0.570618
vt 0.852313 0.550351
vt 0.874793 0.670574
vt 0.854525 0.670574
vt 0.854525 0.548139
vt 0.874793 0.548139
s 1
f 685/1021/685 654/1022/654 646/1023/646 677/1024/677
f 673/1025/673 642/1026/642 650/1027/650 681/1028/681
f 663/1029/663 734/1030/734 730/1031/730 664/1032/664
f 645/1033/645 710/1034/710 718/1035/718 647/1036/647
f 750/1037/750 679/1038/679 677/1024/677 742/1039/742
f 689/1040/689 691/1041/691 692/1042/692 690/1043/690 657/1044/657 659/1045/659 660/1046/660 658/1047/658 641/1048/641 643/1049/643 644/1050/644 642/1026/642 673/1025/673 675/1051/675 676/1052/676 674/1053/674
f 681/1028/681 650/1027/650 654/1022/654 685/1021/685
f 649/1054/649 666/1055/666 670/1056/670 653/1057/653
f 669/1058/669 702/1059/702 694/1060/694 661/1061/661
f 689/1040/689 674/1053/674 682/1062/682 697/1063/697
f 665/1064/665 698/1065/698 702/1059/702 669/1058/669
f 701/1066/701 686/1067/686 678/1068/678 693/1069/693
f 697/1063/697 682/1062/682 686/1067/686 701/1066/701
f 641/1048/641 658/1047/658 666/1055/666 649/1054/649
f 657/1044/657 690/1043/690 698/1065/698 665/1064/665
f 653/1057/653 670/1056/670 662/1070/662 645/1033/645
f 647/1036/647 718/1035/718 714/1071/714 648/1072/648
f 650/1027/650 642/1026/642 644/1050/644 652/1073/652
f 652/1073/652 644/1050/644 643/1049/643 651/1074/651
f 651/1074/651 643/1049/643 641/1048/641 649/1054/649
f 657/1044/657 665/1064/665 667/1075/667 659/1045/659
f 659/1045/659 667/1075/667 668/1076/668 660/1046/660
f 660/1046/660 668/1076/668 666/1055/666 658/1047/658
f 654/1022/654 650/1027/650 652/1073/652 656/1077/656
f 656/1077/656 652/1073/652 651/1074/651 655/1078/655
f 655/1078/655 651/1074/651 649/1054/649 653/1057/653
f 665/1064/665 669/1058/669 671/1079/671 667/1075/667
f 667/1075/667 671/1079/671 672/1080/672 668/1076/668
f 668/1076/668 672/1080/672 670/1056/670 666/1055/666
f 646/1023/646 654/1022/654 656/1081/656 648/1082/648
f 648/1083/648 656/1084/656 655/1085/655 647/1086/647
f 647/1086/647 655/1085/655 653/1057/653 645/1033/645
f 669/1058/669 661/1061/661 663/1087/663 671/1088/671
f 671/1089/671 663/1090/663 664/1091/664 672/1092/672
f 672/1092/672 664/1091/664 662/1070/662 670/1056/670
f 689/1040/689 697/1063/697 699/1093/699 691/1041/691
f 691/1041/691 699/1093/699 700/1094/700 692/1042/692
f 692/1042/692 700/1094/700 698/1065/698 690/1043/690
f 697/1063/697 701/1066/701 703/1095/703 699/1093/699
f 699/1093/699 703/1095/703 704/1096/704 700/1094/700
f 700/1094/700 704/1096/704 702/1059/702 698/1065/698
f 701/1066/701 693/1069/693 695/1097/695 703/1098/703
f 703/1099/703 695/1100/695 696/1101/696 704/1102/704
f 704/1102/704 696/1101/696 694/1060/694 702/1059/702
f 673/1025/673 681/1028/681 683/1103/683 675/1051/675
f 675/1051/675 683/1103/683 684/1104/684 676/1052/676
f 676/1052/676 684/1104/684 682/1062/682 674/1053/674
f 681/1028/681 685/1021/685 687/1105/687 683/1103/683
f 683/1103/683 687/1105/687 688/1106/688 684/1104/684
f 684/1104/684 688/1106/688 686/1067/686 682/1062/682
f 685/1021/685 677/1024/677 679/1107/679 687/1108/687
f 687/1108/687 679/1107/679 680/1109/680 688/1110/688
f 688/1111/688 680/1112/680 678/1068/678 686/1067/686
f 758/1113/758 693/1069/693 678/1068/678 738/1114/738
f 696/1115/696 762/1116/762 754/1117/754 694/1060/694
f 746/1118/746 680/1119/680 679/1038/679 750/1037/750
f 710/1034/710 645/1033/645 662/1070/662 722/1120/722
f 664/1032/664 730/1031/730 722/1120/722 662/1070/662
f 742/1039/742 677/1024/677 646/1023/646 706/1121/706
f 726/1122/726 661/1061/661 694/1060/694 754/1117/754
f 738/1114/738 678/1068/678 680/1123/680 746/1124/746
f 661/1061/661 726/1122/726 734/1125/734 663/1126/663
f 695/1127/695 766/1128/766 762/1116/762 696/1115/696
f 693/1069/693 758/1113/758 766/1129/766 695/1130/695
f 648/1131/648 714/1132/714 706/1121/706 646/1023/646
f 745/1133/745 737/1134/737 739/1135/739 747/1136/747
f 747/1136/747 739/1135/739 740/1137/740 748/1138/748
f 748/1139/748 740/1140/740 738/1114/738 746/1124/746
f 749/1141/749 745/1133/745 747/1136/747 751/1142/751
f 751/1142/751 747/1136/747 748/1143/748 752/1144/752
f 752/1145/752 748/1146/748 746/1118/746 750/1037/750
f 741/1147/741 749/1141/749 751/1142/751 743/1148/743
f 743/1148/743 751/1142/751 752/1149/752 744/1150/744
f 744/1151/744 752/1152/752 750/1037/750 742/1039/742
f 709/1153/709 717/1154/717 719/1155/719 711/1156/711
f 711/1156/711 719/1155/719 720/1157/720 712/1158/712
f 712/1159/712 720/1160/720 718/1035/718 710/1034/710
f 717/1154/717 713/1161/713 715/1162/715 719/1155/719
f 719/1155/719 715/1162/715 716/1163/716 720/1164/720
f 720/1165/720 716/1166/716 714/1071/714 718/1035/718
f 713/1161/713 705/1167/705 707/1168/707 715/1162/715
f 715/1162/715 707/1168/707 708/1169/708 716/1170/716
f 716/1171/716 708/1172/708 706/1121/706 714/1132/714
f 725/1173/725 733/1174/733 735/1175/735 727/1176/727
f 727/1176/727 735/1175/735 736/1177/736 728/1178/728
f 728/1179/728 736/1180/736 734/1125/734 726/1122/726
f 733/1174/733 729/1181/729 731/1182/731 735/1175/735
f 735/1175/735 731/1182/731 732/1183/732 736/1184/736
f 736/1185/736 732/1186/732 730/1031/730 734/1030/734
f 729/1181/729 721/1187/721 723/1188/723 731/1182/731
f 731/1182/731 723/1188/723 724/1189/724 732/1190/732
f 732/1191/732 724/1192/724 722/1120/722 730/1031/730
f 757/1193/757 765/1194/765 767/1195/767 759/1196/759
f 759/1196/759 767/1195/767 768/1197/768 760/1198/760
f 760/1199/760 768/1200/768 766/1129/766 758/1113/758
f 765/1194/765 761/1201/761 763/1202/763 767/1195/767
f 767/1195/767 763/1202/763 764/1203/764 768/1204/768
f 768/1205/768 764/1206/764 762/1116/762 766/1128/766
f 761/1201/761 753/1207/753 755/1208/755 763/1202/763
f 763/1202/763 755/1208/755 756/1209/756 764/1210/764
f 764/1210/764 756/1209/756 754/1117/754 762/1116/762
f 710/1034/710 722/1120/722 724/1211/724 712/1212/712
f 712/1213/712 724/1214/724 723/1188/723 711/1156/711
f 711/1156/711 723/1188/723 721/1187/721 709/1153/709
f 726/1122/726 754/1117/754 756/1209/756 728/1215/728
f 728/1215/728 756/1209/756 755/1208/755 727/1176/727
f 727/1176/727 755/1208/755 753/1207/753 725/1173/725
f 758/1113/758 738/1114/738 740/1216/740 760/1217/760
f 760/1218/760 740/1219/740 739/1135/739 759/1196/759
f 759/1196/759 739/1135/739 737/1134/737 757/1193/757
f 742/1039/742 706/1121/706 708/1220/708 744/1221/744
f 744/1222/744 708/1223/708 707/1168/707 743/1148/743
f 743/1148/743 707/1168/707 705/1167/705 741/1147/741
f 721/1187/721 729/1181/729 733/1174/733 725/1173/725 753/1207/753 761/1201/761 765/1194/765 757/1193/757 737/1134/737 745/1133/745 749/1141/749 741/1147/741 705/1167/705 713/1161/713 717/1154/717 709/1153/709
o Building.008
v -0.568505 1.553761 -0.799806
v -0.519317 1.553761 -0.790003
v -0.561915 1.553761 -0.794905
v -0.543911 1.553761 -0.791316
v -0.630438 1.515274 -0.787111
v -0.583018 1.515274 -0.777660
v -0.624085 1.515274 -0.782385
v -0.606728 1.515274 -0.778926
v -0.599472 1.548605 -0.793555
v -0.550684 1.548605 -0.783832
v -0.592936 1.548605 -0.788693
v -0.575078 1.548605 -0.785134
v -0.622141 1.534518 -0.788874
v -0.574169 1.534518 -0.779314
v -0.615714 1.534518 -0.784094
v -0.598155 1.534518 -0.780595
v -0.519317 1.553761 -0.871598
v -0.568505 1.553761 -0.861795
v -0.543911 1.553761 -0.870285
v -0.561915 1.553761 -0.866697
v -0.583018 1.515274 -0.883941
v -0.630438 1.515274 -0.874491
v -0.606728 1.515274 -0.882675
v -0.624085 1.515274 -0.879216
v -0.550684 1.548605 -0.877770
v -0.599472 1.548605 -0.868047
v -0.575078 1.548605 -0.876467
v -0.592936 1.548605 -0.872908
v -0.574169 1.534518 -0.882288
v -0.622141 1.534518 -0.872727
v -0.598155 1.534518 -0.881007
v -0.615714 1.534518 -0.877507
v -0.208273 1.553761 -0.790003
v -0.159084 1.553761 -0.799806
v -0.183678 1.553761 -0.791316
v -0.165674 1.553761 -0.794905
v -0.144571 1.515274 -0.777660
v -0.097151 1.515274 -0.787111
v -0.120861 1.515274 -0.778926
v -0.103504 1.515274 -0.782385
v -0.176905 1.548605 -0.783832
v -0.128117 1.548605 -0.793555
v -0.152511 1.548605 -0.785134
v -0.134654 1.548605 -0.788693
v -0.153421 1.534518 -0.779314
v -0.105448 1.534518 -0.788874
v -0.129434 1.534518 -0.780595
v -0.111875 1.534518 -0.784094
v -0.159084 1.553761 -0.861795
v -0.208273 1.553761 -0.871598
v -0.165674 1.553761 -0.866697
v -0.183678 1.553761 -0.870285
v -0.097151 1.515274 -0.874491
v -0.144571 1.515274 -0.883941
v -0.103504 1.515274 -0.879216
v -0.120861 1.515274 -0.882675
v -0.128117 1.548605 -0.868047
v -0.176905 1.548605 -0.877770
v -0.134654 1.548605 -0.872908
v -0.152511 1.548605 -0.876467
v -0.105448 1.534518 -0.872727
v -0.153421 1.534518 -0.882288
v -0.111875 1.534518 -0.877507
v -0.129434 1.534518 -0.881007
v -0.579151 0.981498 -0.783802
v -0.583201 1.002710 -0.777660
v -0.581179 0.984340 -0.780731
v -0.582661 0.992104 -0.778483
v -0.599620 0.981498 -0.787881
v -0.630438 1.002710 -0.787074
v -0.615029 0.984340 -0.787477
v -0.626310 0.992104 -0.787182
v -0.590871 0.981498 -0.784428
v -0.606820 1.002710 -0.778921
v -0.598847 0.984340 -0.781675
v -0.604684 0.992104 -0.779659
v -0.596479 0.981498 -0.785546
v -0.624110 1.002710 -0.782367
v -0.610295 0.984340 -0.783956
v -0.620408 0.992104 -0.782793
v -0.599620 0.981498 -0.873720
v -0.630438 1.002710 -0.874527
v -0.615029 0.984340 -0.874124
v -0.626310 0.992104 -0.874420
v -0.579151 0.981498 -0.877799
v -0.583201 1.002710 -0.883941
v -0.581179 0.984340 -0.880870
v -0.582661 0.992104 -0.883119
v -0.596479 0.981498 -0.876056
v -0.624110 1.002710 -0.879234
v -0.610295 0.984340 -0.877645
v -0.620408 0.992104 -0.878809
v -0.590871 0.981498 -0.877174
v -0.606820 1.002710 -0.882680
v -0.598847 0.984340 -0.879927
v -0.604684 0.992104 -0.881942
v -0.127970 0.981498 -0.787881
v -0.097151 1.002710 -0.787074
v -0.112560 0.984340 -0.787477
v -0.101280 0.992104 -0.787182
v -0.148438 0.981498 -0.783802
v -0.144388 1.002710 -0.777660
v -0.146410 0.984340 -0.780731
v -0.144928 0.992104 -0.778483
v -0.131110 0.981498 -0.785546
v -0.103479 1.002710 -0.782367
v -0.117294 0.984340 -0.783956
v -0.107181 0.992104 -0.782793
v -0.136719 0.981498 -0.784428
v -0.120769 1.002710 -0.778921
v -0.128743 0.984340 -0.781675
v -0.122905 0.992104 -0.779659
v -0.148438 0.981498 -0.877799
v -0.144388 1.002710 -0.883941
v -0.146410 0.984340 -0.880870
v -0.144928 0.992104 -0.883119
v -0.127970 0.981498 -0.873720
v -0.097151 1.002710 -0.874527
v -0.112560 0.984340 -0.874124
v -0.101280 0.992104 -0.874420
v -0.136719 0.981498 -0.877174
v -0.120769 1.002710 -0.882680
v -0.128743 0.984340 -0.879927
v -0.122905 0.992104 -0.881942
v -0.131110 0.981498 -0.876056
v -0.103479 1.002710 -0.879234
v -0.117294 0.984340 -0.877645
v -0.107181 0.992104 -0.878809
vn -0.0828 0.9961 0.0292
vn -0.0054 0.9229 0.3851
vn -0.0629 0.9852 0.1592
vn -0.0307 0.9519 0.3049
vn -0.8000 0.1921 0.5684
vn -0.0282 0.0478 0.9985
vn -0.3196 0.1038 0.9419
vn -0.1160 0.0642 0.9912
vn -0.3228 0.9320 0.1650
vn -0.0176 0.4986 0.8666
vn -0.2104 0.7970 0.5662
vn -0.0850 0.6003 0.7953
vn -0.6376 0.6410 0.4272
vn -0.0261 0.1964 0.9802
vn -0.3017 0.3941 0.8681
vn -0.1099 0.2504 0.9619
vn -0.0054 0.9229 -0.3851
vn -0.0828 0.9961 -0.0292
vn -0.0307 0.9519 -0.3049
vn -0.0629 0.9852 -0.1592
vn -0.0282 0.0478 -0.9985
vn -0.8000 0.1921 -0.5684
vn -0.1160 0.0642 -0.9912
vn -0.3196 0.1038 -0.9419
vn -0.0176 0.4986 -0.8666
vn -0.3228 0.9320 -0.1650
vn -0.0850 0.6003 -0.7953
vn -0.2104 0.7970 -0.5662
vn -0.0261 0.1964 -0.9802
vn -0.6376 0.6410 -0.4272
vn -0.1099 0.2504 -0.9619
vn -0.3017 0.3941 -0.8681
vn 0.0054 0.9229 0.3851
vn 0.0828 0.9961 0.0292
vn 0.0307 0.9519 0.3049
vn 0.0629 0.9852 0.1592
vn 0.0282 0.0478 0.9985
vn 0.8000 0.1921 0.5684
vn 0.1160 0.0642 0.9912
vn 0.3196 0.1038 0.9419
vn 0.0176 0.4986 0.8666
vn 0.3228 0.9320 0.1650
vn 0.0850 0.6003 0.7953
vn 0.2104 0.7970 0.5662
vn 0.0261 0.1964 0.9802
vn 0.6376 0.6410 0.4272
vn 0.1099 0.2504 0.9619
vn 0.3017 0.3941 0.8681
vn 0.0828 0.9961 -0.0292
vn 0.0054 0.9229 -0.3851
vn 0.0629 0.9852 -0.1592
vn 0.0307 0.9519 -0.3049
vn 0.8000 0.1921 -0.5684
vn 0.0282 0.0478 -0.9985
vn 0.3196 0.1038 -0.9419
vn 0.1160 0.0642 -0.9912
vn 0.3228 0.9320 -0.1650
vn 0.0176 0.4986 -0.8666
vn 0.2104 0.7970 -0.5662
vn 0.0850 0.6003 -0.7953
vn 0.6376 0.6410 -0.4272
vn 0.0261 0.1964 -0.9802
vn 0.3017 0.3941 -0.8681
vn 0.1099 0.2504 -0.9619
vn -0.0114 -0.9000 0.4358
vn -0.0262 -0.0383 0.9989
vn -0.0236 -0.4389 0.8982
vn -0.0259 -0.1635 0.9862
vn -0.0959 -0.9934 0.0633
vn -0.8238 -0.1585 0.5442
vn -0.3664 -0.8984 0.2421
vn -0.6855 -0.5701 0.4528
vn -0.0467 -0.9129 0.4055
vn -0.1142 -0.0442 0.9925
vn -0.1003 -0.4793 0.8719
vn -0.1123 -0.1850 0.9763
vn -0.0854 -0.9651 0.2475
vn -0.3254 -0.0727 0.9428
vn -0.2425 -0.6689 0.7026
vn -0.3116 -0.2963 0.9028
vn -0.0959 -0.9934 -0.0633
vn -0.8238 -0.1585 -0.5442
vn -0.3664 -0.8984 -0.2421
vn -0.6855 -0.5701 -0.4528
vn -0.0114 -0.9000 -0.4358
vn -0.0262 -0.0383 -0.9989
vn -0.0236 -0.4389 -0.8982
vn -0.0259 -0.1635 -0.9862
vn -0.0854 -0.9651 -0.2475
vn -0.3254 -0.0727 -0.9428
vn -0.2425 -0.6689 -0.7026
vn -0.3116 -0.2963 -0.9028
vn -0.0467 -0.9129 -0.4055
vn -0.1142 -0.0442 -0.9925
vn -0.1003 -0.4793 -0.8719
vn -0.1123 -0.1850 -0.9763
vn 0.0959 -0.9934 0.0633
vn 0.8238 -0.1585 0.5442
vn 0.3664 -0.8984 0.2421
vn 0.6855 -0.5701 0.4528
vn 0.0114 -0.9000 0.4358
vn 0.0262 -0.0383 0.9989
vn 0.0236 -0.4389 0.8982
vn 0.0259 -0.1635 0.9862
vn 0.0854 -0.9651 0.2475
vn 0.3254 -0.0727 0.9428
vn 0.2425 -0.6689 0.7026
vn 0.3116 -0.2963 0.9028
vn 0.0467 -0.9129 0.4055
vn 0.1142 -0.0442 0.9925
vn 0.1003 -0.4793 0.8719
vn 0.1123 -0.1850 0.9763
vn 0.0114 -0.9000 -0.4358
vn 0.0262 -0.0383 -0.9989
vn 0.0236 -0.4389 -0.8982
vn 0.0259 -0.1635 -0.9862
vn 0.0959 -0.9934 -0.0633
vn 0.8238 -0.1585 -0.5442
vn 0.3664 -0.8984 -0.2421
vn 0.6855 -0.5701 -0.4528
vn 0.0467 -0.9129 -0.4055
vn 0.1142 -0.0442 -0.9925
vn 0.1003 -0.4793 -0.8719
vn 0.1123 -0.1850 -0.9763
vn 0.0854 -0.9651 -0.2475
vn 0.3254 -0.0727 -0.9428
vn 0.2425 -0.6689 -0.7026
vn 0.3116 -0.2963 -0.9028
vt 0.875160 0.665902
vt 0.894756 0.665902
vt 0.895168 0.667247
vt 0.874748 0.667247
vt 0.877715 0.663365
vt 0.892201 0.663365
vt 0.893662 0.664807
vt 0.876254 0.664807
vt 0.898373 0.641413
vt 0.932696 0.641413
vt 0.932696 0.642513
vt 0.898373 0.642517
vt 0.898373 0.664041
vt 0.932696 0.664050
vt 0.932696 0.665150
vt 0.898373 0.665145
vt 0.873639 0.701570
vt 0.873644 0.667247
vt 0.874739 0.701570
vt 0.875424 0.646588
vt 0.875719 0.645443
vt 0.876569 0.644593
vt 0.877715 0.644297
vt 0.892201 0.644297
vt 0.893346 0.644593
vt 0.894196 0.645443
vt 0.894492 0.646588
vt 0.894492 0.661074
vt 0.894196 0.662220
vt 0.893346 0.663070
vt 0.876569 0.663070
vt 0.875719 0.662220
vt 0.875424 0.661074
vt 0.895934 0.662535
vt 0.895934 0.645127
vt 0.897029 0.644033
vt 0.897029 0.663629
vt 0.894756 0.641760
vt 0.875160 0.641760
vt 0.874748 0.640416
vt 0.895168 0.640416
vt 0.873981 0.662535
vt 0.873981 0.645127
vt 0.893662 0.642855
vt 0.876254 0.642855
vt 0.872886 0.644033
vt 0.872886 0.663629
vt 0.871542 0.664041
vt 0.871542 0.643621
vt 0.898373 0.643621
vt 0.932696 0.666250
vt 0.898373 0.666250
vt 0.894798 0.664577
vt 0.895703 0.663671
vt 0.894798 0.643086
vt 0.895703 0.643991
vt 0.895873 0.665731
vt 0.896858 0.664746
vt 0.895873 0.641931
vt 0.896858 0.642916
vt 0.896990 0.665902
vt 0.897271 0.666882
vt 0.898009 0.666145
vt 0.897029 0.665863
vt 0.896945 0.664746
vt 0.898290 0.665145
vt 0.897271 0.640780
vt 0.896990 0.641760
vt 0.897029 0.641799
vt 0.898009 0.641518
vt 0.898290 0.642517
vt 0.896945 0.642916
vt 0.874212 0.643991
vt 0.875118 0.643086
vt 0.873057 0.642916
vt 0.874043 0.641931
vt 0.871907 0.641518
vt 0.872886 0.641799
vt 0.872926 0.641760
vt 0.872644 0.640780
vt 0.873644 0.640499
vt 0.874043 0.641844
vt 0.875118 0.664577
vt 0.874212 0.663671
vt 0.874043 0.665731
vt 0.873057 0.664746
vt 0.873644 0.667163
vt 0.874043 0.665818
vt 0.872644 0.666882
vt 0.872926 0.665902
vt 0.872886 0.665863
vt 0.871907 0.666145
vt 0.837219 0.643613
vt 0.837219 0.664050
vt 0.873644 0.640416
vt 0.873639 0.606093
vt 0.874739 0.606093
vt 0.872539 0.701570
vt 0.872539 0.667247
vt 0.932696 0.643613
vt 0.895176 0.701570
vt 0.895176 0.606093
vt 0.871542 0.666250
vt 0.837219 0.666250
vt 0.897376 0.606093
vt 0.897376 0.640416
vt 0.872539 0.640416
vt 0.872539 0.606093
vt 0.837219 0.641413
vt 0.871542 0.641413
vt 0.897376 0.667247
vt 0.897376 0.701570
vt 0.874121 0.581678
vt 0.873975 0.582224
vt 0.873257 0.582129
vt 0.873477 0.581306
vt 0.872546 0.582011
vt 0.872821 0.580985
vt 0.835799 0.666150
vt 0.835799 0.664099
vt 0.874382 0.581417
vt 0.874011 0.580773
vt 0.872870 0.580899
vt 0.873603 0.580166
vt 0.873589 0.702990
vt 0.872589 0.702990
vt 0.874928 0.581270
vt 0.874833 0.580553
vt 0.873689 0.580116
vt 0.874715 0.579842
vt 0.874715 0.702990
vt 0.873689 0.702990
vt 0.895941 0.582224
vt 0.895795 0.581678
vt 0.896438 0.581306
vt 0.896659 0.582129
vt 0.897095 0.580985
vt 0.897370 0.582011
vt 0.934117 0.664074
vt 0.934117 0.665100
vt 0.895533 0.581417
vt 0.895905 0.580773
vt 0.896313 0.580166
vt 0.897045 0.580899
vt 0.934117 0.665200
vt 0.934117 0.666200
vt 0.894988 0.581270
vt 0.895082 0.580553
vt 0.895201 0.579842
vt 0.896227 0.580116
vt 0.897277 0.702990
vt 0.895225 0.702990
vt 0.894988 0.603237
vt 0.895533 0.603090
vt 0.895905 0.603734
vt 0.895082 0.603954
vt 0.896227 0.604391
vt 0.895201 0.604666
vt 0.895225 0.604672
vt 0.897277 0.604672
vt 0.895795 0.602829
vt 0.896438 0.603201
vt 0.897045 0.603609
vt 0.896313 0.604341
vt 0.934117 0.641462
vt 0.934117 0.642463
vt 0.895941 0.602283
vt 0.896659 0.602378
vt 0.897370 0.602497
vt 0.897095 0.603522
vt 0.934117 0.642562
vt 0.934117 0.643588
vt 0.873975 0.602283
vt 0.874121 0.602829
vt 0.873477 0.603201
vt 0.873257 0.602378
vt 0.872821 0.603522
vt 0.872546 0.602497
vt 0.835799 0.643564
vt 0.835799 0.641512
vt 0.874382 0.603090
vt 0.874011 0.603734
vt 0.873603 0.604341
vt 0.872870 0.603609
vt 0.872589 0.604672
vt 0.873589 0.604672
vt 0.874928 0.603237
vt 0.874833 0.603954
vt 0.874740 0.605382
vt 0.873689 0.605382
vt 0.934117 0.643638
vt 0.934117 0.664024
vt 0.897376 0.582060
vt 0.897376 0.602447
vt 0.895151 0.605382
vt 0.835799 0.664024
vt 0.835799 0.643638
vt 0.872539 0.602447
vt 0.872539 0.582060
vt 0.895151 0.702990
vt 0.874764 0.702990
vt 0.874764 0.579835
vt 0.895151 0.579835
s 1
f 813/1224/813 782/1225/782 774/1226/774 805/1227/805
f 801/1228/801 770/1229/770 778/1230/778 809/1231/809
f 791/1232/791 862/1233/862 858/1234/858 792/1235/792
f 773/1236/773 838/1237/838 846/1238/846 775/1239/775
f 878/1240/878 807/1241/807 805/1227/805 870/1242/870
f 817/1243/817 819/1244/819 820/1245/820 818/1246/818 785/1247/785 787/1248/787 788/1249/788 786/1250/786 769/1251/769 771/1252/771 772/1253/772 770/1229/770 801/1228/801 803/1254/803 804/1255/804 802/1256/802
f 809/1231/809 778/1230/778 782/1225/782 813/1224/813
f 777/1257/777 794/1258/794 798/1259/798 781/1260/781
f 797/1261/797 830/1262/830 822/1263/822 789/1264/789
f 817/1243/817 802/1256/802 810/1265/810 825/1266/825
f 793/1267/793 826/1268/826 830/1262/830 797/1261/797
f 829/1269/829 814/1270/814 806/1271/806 821/1272/821
f 825/1266/825 810/1265/810 814/1270/814 829/1269/829
f 769/1251/769 786/1250/786 794/1258/794 777/1257/777
f 785/1247/785 818/1246/818 826/1268/826 793/1267/793
f 781/1260/781 798/1259/798 790/1273/790 773/1236/773
f 775/1239/775 846/1238/846 842/1274/842 776/1275/776
f 778/1230/778 770/1229/770 772/1253/772 780/1276/780
f 780/1276/780 772/1253/772 771/1252/771 779/1277/779
f 779/1277/779 771/1252/771 769/1251/769 777/1257/777
f 785/1247/785 793/1267/793 795/1278/795 787/1248/787
f 787/1248/787 795/1278/795 796/1279/796 788/1249/788
f 788/1249/788 796/1279/796 794/1258/794 786/1250/786
f 782/1225/782 778/1230/778 780/1276/780 784/1280/784
f 784/1280/784 780/1276/780 779/1277/779 783/1281/783
f 783/1281/783 779/1277/779 777/1257/777 781/1260/781
f 793/1267/793 797/1261/797 799/1282/799 795/1278/795
f 795/1278/795 799/1282/799 800/1283/800 796/1279/796
f 796/1279/796 800/1283/800 798/1259/798 794/1258/794
f 774/1226/774 782/1225/782 784/1284/784 776/1285/776
f 776/1286/776 784/1287/784 783/1288/783 775/1289/775
f 775/1289/775 783/1288/783 781/1260/781 773/1236/773
f 797/1261/797 789/1264/789 791/1290/791 799/1291/799
f 799/1292/799 791/1293/791 792/1294/792 800/1295/800
f 800/1295/800 792/1294/792 790/1273/790 798/1259/798
f 817/1243/817 825/1266/825 827/1296/827 819/1244/819
f 819/1244/819 827/1296/827 828/1297/828 820/1245/820
f 820/1245/820 828/1297/828 826/1268/826 818/1246/818
f 825/1266/825 829/1269/829 831/1298/831 827/1296/827
f 827/1296/827 831/1298/831 832/1299/832 828/1297/828
f 828/1297/828 832/1299/832 830/1262/830 826/1268/826
f 829/1269/829 821/1272/821 823/1300/823 831/1301/831
f 831/1302/831 823/1303/823 824/1304/824 832/1305/832
f 832/1305/832 824/1304/824 822/1263/822 830/1262/830
f 801/1228/801 809/1231/809 811/1306/811 803/1254/803
f 803/1254/803 811/1306/811 812/1307/812 804/1255/804
f 804/1255/804 812/1307/812 810/1265/810 802/1256/802
f 809/1231/809 813/1224/813 815/1308/815 811/1306/811
f 811/1306/811 815/1308/815 816/1309/816 812/1307/812
f 812/1307/812 816/1309/816 814/1270/814 810/1265/810
f 813/1224/813 805/1227/805 807/1310/807 815/1311/815
f 815/1311/815 807/1310/807 808/1312/808 816/1313/816
f 816/1314/816 808/1315/808 806/1271/806 814/1270/814
f 886/1316/886 821/1272/821 806/1271/806 866/1317/866
f 824/1318/824 890/1319/890 882/1320/882 822/1263/822
f 874/1321/874 808/1322/808 807/1241/807 878/1240/878
f 838/1237/838 773/1236/773 790/1273/790 850/1323/850
f 792/1235/792 858/1234/858 850/1323/850 790/1273/790
f 870/1242/870 805/1227/805 774/1226/774 834/1324/834
f 854/1325/854 789/1264/789 822/1263/822 882/1320/882
f 866/1317/866 806/1271/806 808/1326/808 874/1327/874
f 789/1264/789 854/1325/854 862/1328/862 791/1329/791
f 823/1330/823 894/1331/894 890/1319/890 824/1318/824
f 821/1272/821 886/1316/886 894/1332/894 823/1333/823
f 776/1334/776 842/1335/842 834/1324/834 774/1226/774
f 873/1336/873 865/1337/865 867/1338/867 875/1339/875
f 875/1339/875 867/1338/867 868/1340/868 876/1341/876
f 876/1342/876 868/1343/868 866/1317/866 874/1327/874
f 877/1344/877 873/1336/873 875/1339/875 879/1345/879
f 879/1345/879 875/1339/875 876/1346/876 880/1347/880
f 880/1348/880 876/1349/876 874/1321/874 878/1240/878
f 869/1350/869 877/1344/877 879/1345/879 871/1351/871
f 871/1351/871 879/1345/879 880/1352/880 872/1353/872
f 872/1354/872 880/1355/880 878/1240/878 870/1242/870
f 837/1356/837 845/1357/845 847/1358/847 839/1359/839
f 839/1359/839 847/1358/847 848/1360/848 840/1361/840
f 840/1362/840 848/1363/848 846/1238/846 838/1237/838
f 845/1357/845 841/1364/841 843/1365/843 847/1358/847
f 847/1358/847 843/1365/843 844/1366/844 848/1367/848
f 848/1368/848 844/1369/844 842/1274/842 846/1238/846
f 841/1364/841 833/1370/833 835/1371/835 843/1365/843
f 843/1365/843 835/1371/835 836/1372/836 844/1373/844
f 844/1374/844 836/1375/836 834/1324/834 842/1335/842
f 853/1376/853 861/1377/861 863/1378/863 855/1379/855
f 855/1379/855 863/1378/863 864/1380/864 856/1381/856
f 856/1382/856 864/1383/864 862/1328/862 854/1325/854
f 861/1377/861 857/1384/857 859/1385/859 863/1378/863
f 863/1378/863 859/1385/859 860/1386/860 864/1387/864
f 864/1388/864 860/1389/860 858/1234/858 862/1233/862
f 857/1384/857 849/1390/849 851/1391/851 859/1385/859
f 859/1385/859 851/1391/851 852/1392/852 860/1393/860
f 860/1394/860 852/1395/852 850/1323/850 858/1234/858
f 885/1396/885 893/1397/893 895/1398/895 887/1399/887
f 887/1399/887 895/1398/895 896/1400/896 888/1401/888
f 888/1402/888 896/1403/896 894/1332/894 886/1316/886
f 893/1397/893 889/1404/889 891/1405/891 895/1398/895
f 895/1398/895 891/1405/891 892/1406/892 896/1407/896
f 896/1408/896 892/1409/892 890/1319/890 894/1331/894
f 889/1404/889 881/1410/881 883/1411/883 891/1405/891
f 891/1405/891 883/1411/883 884/1412/884 892/1413/892
f 892/1413/892 884/1412/884 882/1320/882 890/1319/890
f 838/1237/838 850/1323/850 852/1414/852 840/1415/840
f 840/1416/840 852/1417/852 851/1391/851 839/1359/839
f 839/1359/839 851/1391/851 849/1390/849 837/1356/837
f 854/1325/854 882/1320/882 884/1412/884 856/1418/856
f 856/1418/856 884/1412/884 883/1411/883 855/1379/855
f 855/1379/855 883/1411/883 881/1410/881 853/1376/853
f 886/1316/886 866/1317/866 868/1419/868 888/1420/888
f 888/1421/888 868/1422/868 867/1338/867 887/1399/887
f 887/1399/887 867/1338/867 865/1337/865 885/1396/885
f 870/1242/870 834/1324/834 836/1423/836 872/1424/872
f 872/1425/872 836/1426/836 835/1371/835 871/1351/871
f 871/1351/871 835/1371/835 833/1370/833 869/1350/869
f 849/1390/849 857/1384/857 861/1377/861 853/1376/853 881/1410/881 889/1404/889 893/1397/893 885/1396/885 865/1337/865 873/1336/873 877/1344/877 869/1350/869 833/1370/833 841/1364/841 845/1357/845 837/1356/837
o Building.009
v 0.116272 1.553761 -0.799806
v 0.165461 1.553761 -0.790003
v 0.122863 1.553761 -0.794905
v 0.140867 1.553761 -0.791316
v 0.054339 1.515274 -0.787111
v 0.101760 1.515274 -0.777660
v 0.060693 1.515274 -0.782385
v 0.078050 1.515274 -0.778926
v 0.085306 1.548605 -0.793555
v 0.134094 1.548605 -0.783832
v 0.091842 1.548605 -0.788693
v 0.109700 1.548605 -0.785134
v 0.062637 1.534518 -0.788874
v 0.110609 1.534518 -0.779314
v 0.069064 1.534518 -0.784094
v 0.086623 1.534518 -0.780595
v 0.165461 1.553761 -0.871598
v 0.116272 1.553761 -0.861795
v 0.140867 1.553761 -0.870285
v 0.122863 1.553761 -0.866697
v 0.101760 1.515274 -0.883941
v 0.054339 1.515274 -0.874491
v 0.078050 1.515274 -0.882675
v 0.060693 1.515274 -0.879216
v 0.134094 1.548605 -0.877770
v 0.085306 1.548605 -0.868047
v 0.109700 1.548605 -0.876467
v 0.091842 1.548605 -0.872908
v 0.110609 1.534518 -0.882288
v 0.062637 1.534518 -0.872727
v 0.086623 1.534518 -0.881007
v 0.069064 1.534518 -0.877507
v 0.476505 1.553761 -0.790003
v 0.525694 1.553761 -0.799806
v 0.501100 1.553761 -0.791316
v 0.519104 1.553761 -0.794905
v 0.540207 1.515274 -0.777660
v 0.587627 1.515274 -0.787111
v 0.563917 1.515274 -0.778926
v 0.581274 1.515274 -0.782385
v 0.507873 1.548605 -0.783832
v 0.556661 1.548605 -0.793555
v 0.532267 1.548605 -0.785134
v 0.550124 1.548605 -0.788693
v 0.531357 1.534518 -0.779314
v 0.579330 1.534518 -0.788874
v 0.555343 1.534518 -0.780595
v 0.572903 1.534518 -0.784094
v 0.525694 1.553761 -0.861795
v 0.476505 1.553761 -0.871598
v 0.519104 1.553761 -0.866697
v 0.501100 1.553761 -0.870285
v 0.587627 1.515274 -0.874491
v 0.540207 1.515274 -0.883941
v 0.581274 1.515274 -0.879216
v 0.563917 1.515274 -0.882675
v 0.556661 1.548605 -0.868047
v 0.507873 1.548605 -0.877770
v 0.550124 1.548605 -0.872908
v 0.532267 1.548605 -0.876467
v 0.579330 1.534518 -0.872727
v 0.531357 1.534518 -0.882288
v 0.572903 1.534518 -0.877507
v 0.555343 1.534518 -0.881007
v 0.105626 0.981498 -0.783802
v 0.101577 1.002710 -0.777660
v 0.103599 0.984340 -0.780731
v 0.102116 0.992104 -0.778483
v 0.085158 0.981498 -0.787881
v 0.054339 1.002710 -0.787074
v 0.069749 0.984340 -0.787477
v 0.058468 0.992104 -0.787182
v 0.093907 0.981498 -0.784428
v 0.077958 1.002710 -0.778921
v 0.085931 0.984340 -0.781675
v 0.080093 0.992104 -0.779659
v 0.088298 0.981498 -0.785546
v 0.060668 1.002710 -0.782367
v 0.074483 0.984340 -0.783956
v 0.064369 0.992104 -0.782793
v 0.085158 0.981498 -0.873720
v 0.054339 1.002710 -0.874527
v 0.069749 0.984340 -0.874124
v 0.058468 0.992104 -0.874420
v 0.105626 0.981498 -0.877799
v 0.101577 1.002710 -0.883941
v 0.103599 0.984340 -0.880870
v 0.102116 0.992104 -0.883119
v 0.088298 0.981498 -0.876056
v 0.060668 1.002710 -0.879234
v 0.074483 0.984340 -0.877645
v 0.064369 0.992104 -0.878809
v 0.093907 0.981498 -0.877174
v 0.077958 1.002710 -0.882680
v 0.085931 0.984340 -0.879927
v 0.080093 0.992104 -0.881942
v 0.556808 0.981498 -0.787881
v 0.587627 1.002710 -0.787074
v 0.572218 0.984340 -0.787477
v 0.583498 0.992104 -0.787182
v 0.536340 0.981498 -0.783802
v 0.540390 1.002710 -0.777660
v 0.538368 0.984340 -0.780731
v 0.539850 0.992104 -0.778483
v 0.553668 0.981498 -0.785546
v 0.581298 1.002710 -0.782367
v 0.567484 0.984340 -0.783956
v 0.577597 0.992104 -0.782793
v 0.548059 0.981498 -0.784428
v 0.564008 1.002710 -0.778921
v 0.556035 0.984340 -0.781675
v 0.561873 0.992104 -0.779659
v 0.536340 0.981498 -0.877799
v 0.540390 1.002710 -0.883941
v 0.538368 0.984340 -0.880870
v 0.539850 0.992104 -0.883119
v 0.556808 0.981498 -0.873720
v 0.587627 1.002710 -0.874527
v 0.572218 0.984340 -0.874124
v 0.583498 0.992104 -0.874420
v 0.548059 0.981498 -0.877174
v 0.564008 1.002710 -0.882680
v 0.556035 0.984340 -0.879927
v 0.561873 0.992104 -0.881942
v 0.553668 0.981498 -0.876056
v 0.581298 1.002710 -0.879234
v 0.567484 0.984340 -0.877645
v 0.577597 0.992104 -0.878809
vn -0.0828 0.9961 0.0292
vn -0.0054 0.9229 0.3851
vn -0.0629 0.9852 0.1592
vn -0.0307 0.9519 0.3049
vn -0.8000 0.1921 0.5684
vn -0.0282 0.0478 0.9985
vn -0.3196 0.1038 0.9419
vn -0.1160 0.0642 0.9912
vn -0.3228 0.9320 0.1650
vn -0.0176 0.4986 0.8666
vn -0.2104 0.7970 0.5662
vn -0.0850 0.6003 0.7953
vn -0.6376 0.6410 0.4272
vn -0.0261 0.1964 0.9802
vn -0.3017 0.3941 0.8681
vn -0.1099 0.2504 0.9619
vn -0.0054 0.9229 -0.3851
vn -0.0828 0.9961 -0.0292
vn -0.0307 0.9519 -0.3049
vn -0.0629 0.9852 -0.1592
vn -0.0282 0.0478 -0.9985
vn -0.8000 0.1921 -0.5684
vn -0.1160 0.0642 -0.9912
vn -0.3196 0.1038 -0.9419
vn -0.0176 0.4986 -0.8666
vn -0.3228 0.9320 -0.1650
vn -0.0850 0.6003 -0.7953
vn -0.2104 0.7970 -0.5662
vn -0.0261 0.1964 -0.9802
vn -0.6376 0.6410 -0.4272
vn -0.1099 0.2504 -0.9619
vn -0.3017 0.3941 -0.8681
vn 0.0054 0.9229 0.3851
vn 0.0828 0.9961 0.0292
vn 0.0307 0.9519 0.3049
vn 0.0629 0.9852 0.1592
vn 0.0282 0.0478 0.9985
vn 0.8000 0.1921 0.5684
vn 0.1160 0.0642 0.9912
vn 0.3196 0.1038 0.9419
vn 0.0176 0.4986 0.8666
vn 0.3228 0.9320 0.1650
vn 0.0850 0.6003 0.7953
vn 0.2104 0.7970 0.5662
vn 0.0261 0.1964 0.9802
vn 0.6376 0.6410 0.4272
vn 0.1099 0.2504 0.9619
vn 0.3017 0.3941 0.8681
vn 0.0828 0.9961 -0.0292
vn 0.0054 0.9229 -0.3851
vn 0.0629 0.9852 -0.1592
vn 0.0307 0.9519 -0.3049
vn 0.8000 0.1921 -0.5684
vn 0.0282 0.0478 -0.9985
vn 0.3196 0.1038 -0.9419
vn 0.1160 0.0642 -0.9912
vn 0.3228 0.9320 -0.1650
vn 0.0176 0.4986 -0.8666
vn 0.2104 0.7970 -0.5662
vn 0.0850 0.6003 -0.7953
vn 0.6376 0.6410 -0.4272
vn 0.0261 0.1964 -0.9802
vn 0.3017 0.3941 -0.8681
vn 0.1099 0.2504 -0.9619
vn -0.0114 -0.9000 0.4358
vn -0.0262 -0.0383 0.9989
vn -0.0236 -0.4389 0.8982
vn -0.0259 -0.1635 0.9862
vn -0.0959 -0.9934 0.0633
vn -0.8238 -0.1585 0.5442
vn -0.3664 -0.8984 0.2421
vn -0.6855 -0.5701 0.4528
vn -0.0467 -0.9129 0.4055
vn -0.1142 -0.0442 0.9925
vn -0.1003 -0.4793 0.8719
vn -0.1123 -0.1850 0.9763
vn -0.0854 -0.9651 0.2475
vn -0.3254 -0.0727 0.9428
vn -0.2425 -0.6689 0.7026
vn -0.3116 -0.2963 0.9028
vn -0.0959 -0.9934 -0.0633
vn -0.8238 -0.1585 -0.5442
vn -0.3664 -0.8984 -0.2421
vn -0.6855 -0.5701 -0.4528
vn -0.0114 -0.9000 -0.4358
vn -0.0262 -0.0383 -0.9989
vn -0.0236 -0.4389 -0.8982
vn -0.0259 -0.1635 -0.9862
vn -0.0854 -0.9651 -0.2475
vn -0.3254 -0.0727 -0.9428
vn -0.2425 -0.6689 -0.7026
vn -0.3116 -0.2963 -0.9028
vn -0.0467 -0.9129 -0.4055
vn -0.1142 -0.0442 -0.9925
vn -0.1003 -0.4793 -0.8719
vn -0.1123 -0.1850 -0.9763
vn 0.0959 -0.9934 0.0633
vn 0.8238 -0.1585 0.5442
vn 0.3664 -0.8984 0.2421
vn 0.6855 -0.5701 0.4528
vn 0.0114 -0.9000 0.4358
vn 0.0262 -0.0383 0.9989
vn 0.0236 -0.4389 0.8982
vn 0.0259 -0.1635 0.9862
vn 0.0854 -0.9651 0.2475
vn 0.3254 -0.0727 0.9428
vn 0.2425 -0.6689 0.7026
vn 0.3116 -0.2963 0.9028
vn 0.0467 -0.9129 0.4055
vn 0.1142 -0.0442 0.9925
vn 0.1003 -0.4793 0.8719
vn 0.1123 -0.1850 0.9763
vn 0.0114 -0.9000 -0.4358
vn 0.0262 -0.0383 -0.9989
vn 0.0236 -0.4389 -0.8982
vn 0.0259 -0.1635 -0.9862
vn 0.0959 -0.9934 -0.0633
vn 0.8238 -0.1585 -0.5442
vn 0.3664 -0.8984 -0.2421
vn 0.6855 -0.5701 -0.4528
vn 0.0467 -0.9129 -0.4055
vn 0.1142 -0.0442 -0.9925
vn 0.1003 -0.4793 -0.8719
vn 0.1123 -0.1850 -0.9763
vn 0.0854 -0.9651 -0.2475
vn 0.3254 -0.0727 -0.9428
vn 0.2425 -0.6689 -0.7026
vn 0.3116 -0.2963 -0.9028
vt 0.874822 0.678083
vt 0.894897 0.678083
vt 0.895319 0.679426
vt 0.874400 0.679426
vt 0.877439 0.675524
vt 0.892280 0.675524
vt 0.893776 0.677002
vt 0.875942 0.677002
vt 0.896450 0.652095
vt 0.896455 0.616573
vt 0.897277 0.616554
vt 0.897281 0.652076
vt 0.919332 0.652069
vt 0.919340 0.616547
vt 0.920467 0.616554
vt 0.920463 0.652076
vt 0.873264 0.714941
vt 0.873268 0.679419
vt 0.874391 0.714948
vt 0.875092 0.658337
vt 0.875407 0.657163
vt 0.876266 0.656304
vt 0.877439 0.655990
vt 0.892280 0.655990
vt 0.893453 0.656304
vt 0.894312 0.657163
vt 0.894626 0.658337
vt 0.894626 0.673177
vt 0.894312 0.674351
vt 0.893453 0.675210
vt 0.876266 0.675210
vt 0.875406 0.674351
vt 0.875092 0.673177
vt 0.896104 0.674674
vt 0.896104 0.656840
vt 0.897185 0.655720
vt 0.897185 0.675795
vt 0.894897 0.653431
vt 0.874822 0.653431
vt 0.874400 0.652088
vt 0.895319 0.652088
vt 0.873615 0.674674
vt 0.873615 0.656840
vt 0.893776 0.654512
vt 0.875942 0.654512
vt 0.870884 0.653411
vt 0.850809 0.653411
vt 0.850387 0.652069
vt 0.871306 0.652069
vt 0.872533 0.675795
vt 0.872533 0.655720
vt 0.918909 0.653411
vt 0.898835 0.653411
vt 0.898412 0.652069
vt 0.921292 0.616573
vt 0.921291 0.652095
vt 0.894940 0.676690
vt 0.895792 0.675838
vt 0.894940 0.654824
vt 0.895792 0.655676
vt 0.896041 0.677777
vt 0.896879 0.676939
vt 0.896041 0.653737
vt 0.896879 0.654575
vt 0.896041 0.678076
vt 0.896450 0.679419
vt 0.920892 0.653438
vt 0.920054 0.653419
vt 0.896041 0.653438
vt 0.896852 0.653438
vt 0.897690 0.653419
vt 0.873926 0.655676
vt 0.874779 0.654824
vt 0.872840 0.654575
vt 0.873677 0.653737
vt 0.872437 0.652076
vt 0.872028 0.653419
vt 0.873268 0.652095
vt 0.872866 0.653438
vt 0.873677 0.653438
vt 0.874779 0.676690
vt 0.873926 0.675838
vt 0.873677 0.677777
vt 0.872840 0.676939
vt 0.873677 0.678076
vt 0.848827 0.653438
vt 0.848427 0.652095
vt 0.849256 0.652076
vt 0.849665 0.653419
vt 0.871315 0.616547
vt 0.850378 0.616547
vt 0.873264 0.616573
vt 0.874391 0.616566
vt 0.849251 0.616554
vt 0.848426 0.616573
vt 0.898404 0.616547
vt 0.895328 0.714948
vt 0.895328 0.616566
vt 0.872442 0.616554
vt 0.896455 0.714941
vt 0.873757 0.592476
vt 0.873607 0.593036
vt 0.872872 0.592939
vt 0.873098 0.592096
vt 0.872334 0.592868
vt 0.872616 0.591817
vt 0.849353 0.615823
vt 0.850404 0.615816
vt 0.874025 0.592209
vt 0.873644 0.591550
vt 0.873366 0.591067
vt 0.848603 0.615841
vt 0.874584 0.592059
vt 0.874487 0.591324
vt 0.874417 0.590786
vt 0.874417 0.715678
vt 0.873366 0.715672
vt 0.896111 0.593036
vt 0.895961 0.592476
vt 0.896620 0.592096
vt 0.896846 0.592939
vt 0.897103 0.591817
vt 0.897384 0.592868
vt 0.919315 0.615816
vt 0.920365 0.615823
vt 0.895694 0.592209
vt 0.896074 0.591550
vt 0.896353 0.591067
vt 0.921116 0.615841
vt 0.895134 0.592059
vt 0.895231 0.591324
vt 0.895302 0.590786
vt 0.896353 0.715672
vt 0.895302 0.715678
vt 0.895134 0.614562
vt 0.895694 0.614413
vt 0.896074 0.615072
vt 0.895231 0.615298
vt 0.896353 0.615554
vt 0.895302 0.615836
vt 0.896353 0.615842
vt 0.895961 0.614145
vt 0.896620 0.614526
vt 0.897103 0.614804
vt 0.896628 0.615841
vt 0.897379 0.615823
vt 0.896111 0.613586
vt 0.896846 0.613683
vt 0.897384 0.613753
vt 0.898429 0.615816
vt 0.873607 0.613586
vt 0.873757 0.614145
vt 0.873098 0.614526
vt 0.872872 0.613683
vt 0.872616 0.614804
vt 0.872334 0.613753
vt 0.871289 0.615816
vt 0.872340 0.615823
vt 0.874025 0.614413
vt 0.873644 0.615072
vt 0.873366 0.615554
vt 0.873090 0.615841
vt 0.874584 0.614562
vt 0.874487 0.615298
vt 0.874417 0.615836
vt 0.873366 0.615842
s 1
f 941/1427/941 910/1428/910 902/1429/902 933/1430/933
f 929/1431/929 898/1432/898 906/1433/906 937/1434/937
f 919/1435/919 990/1436/990 986/1437/986 920/1438/920
f 901/1439/901 966/1440/966 974/1441/974 903/1442/903
f 1006/1443/1006 935/1444/935 933/1430/933 998/1445/998
f 945/1446/945 947/1447/947 948/1448/948 946/1449/946 913/1450/913 915/1451/915 916/1452/916 914/1453/914 897/1454/897 899/1455/899 900/1456/900 898/1432/898 929/1431/929 931/1457/931 932/1458/932 930/1459/930
f 937/1434/937 906/1433/906 910/1428/910 941/1427/941
f 905/1460/905 922/1461/922 926/1462/926 909/1463/909
f 925/1464/925 958/1465/958 950/1466/950 917/1467/917
f 945/1446/945 930/1459/930 938/1468/938 953/1469/953
f 921/1470/921 954/1471/954 958/1465/958 925/1464/925
f 957/1472/957 942/1473/942 934/1474/934 949/1475/949
f 953/1469/953 938/1468/938 942/1476/942 957/1477/957
f 897/1454/897 914/1453/914 922/1461/922 905/1460/905
f 913/1450/913 946/1449/946 954/1471/954 921/1470/921
f 909/1478/909 926/1479/926 918/1480/918 901/1439/901
f 903/1442/903 974/1441/974 970/1481/970 904/1482/904
f 906/1433/906 898/1432/898 900/1456/900 908/1483/908
f 908/1483/908 900/1456/900 899/1455/899 907/1484/907
f 907/1484/907 899/1455/899 897/1454/897 905/1460/905
f 913/1450/913 921/1470/921 923/1485/923 915/1451/915
f 915/1451/915 923/1485/923 924/1486/924 916/1452/916
f 916/1452/916 924/1486/924 922/1461/922 914/1453/914
f 910/1428/910 906/1433/906 908/1483/908 912/1487/912
f 912/1487/912 908/1483/908 907/1484/907 911/1488/911
f 911/1488/911 907/1484/907 905/1460/905 909/1463/909
f 921/1470/921 925/1464/925 927/1489/927 923/1485/923
f 923/1485/923 927/1489/927 928/1490/928 924/1486/924
f 924/1486/924 928/1490/928 926/1462/926 922/1461/922
f 902/1429/902 910/1428/910 912/1491/912 904/1492/904
f 904/1482/904 912/1493/912 911/1494/911 903/1442/903
f 903/1442/903 911/1494/911 909/1478/909 901/1439/901
f 925/1464/925 917/1467/917 919/1435/919 927/1495/927
f 927/1496/927 919/1435/919 920/1438/920 928/1497/928
f 928/1497/928 920/1438/920 918/1480/918 926/1479/926
f 945/1446/945 953/1469/953 955/1498/955 947/1447/947
f 947/1447/947 955/1498/955 956/1499/956 948/1448/948
f 948/1448/948 956/1499/956 954/1471/954 946/1449/946
f 953/1469/953 957/1477/957 959/1500/959 955/1498/955
f 955/1498/955 959/1500/959 960/1501/960 956/1499/956
f 956/1499/956 960/1501/960 958/1465/958 954/1471/954
f 957/1472/957 949/1475/949 951/1502/951 959/1503/959
f 959/1503/959 951/1502/951 952/1504/952 960/1505/960
f 960/1506/960 952/1504/952 950/1466/950 958/1465/958
f 929/1431/929 937/1434/937 939/1507/939 931/1457/931
f 931/1457/931 939/1507/939 940/1508/940 932/1458/932
f 932/1458/932 940/1508/940 938/1468/938 930/1459/930
f 937/1434/937 941/1427/941 943/1509/943 939/1507/939
f 939/1507/939 943/1509/943 944/1510/944 940/1508/940
f 940/1508/940 944/1510/944 942/1476/942 938/1468/938
f 941/1427/941 933/1430/933 935/1444/935 943/1511/943
f 943/1512/943 935/1513/935 936/1514/936 944/1515/944
f 944/1515/944 936/1514/936 934/1474/934 942/1473/942
f 1014/1516/1014 949/1475/949 934/1474/934 994/1517/994
f 952/1504/952 1018/1518/1018 1010/1519/1010 950/1466/950
f 1002/1520/1002 936/1514/936 935/1513/935 1006/1521/1006
f 966/1440/966 901/1439/901 918/1480/918 978/1522/978
f 920/1438/920 986/1437/986 978/1522/978 918/1480/918
f 998/1445/998 933/1430/933 902/1429/902 962/1523/962
f 982/1524/982 917/1467/917 950/1466/950 1010/1519/1010
f 994/1517/994 934/1474/934 936/1514/936 1002/1520/1002
f 917/1467/917 982/1524/982 990/1436/990 919/1435/919
f 951/1502/951 1022/1525/1022 1018/1518/1018 952/1504/952
f 949/1475/949 1014/1516/1014 1022/1525/1022 951/1502/951
f 904/1492/904 970/1526/970 962/1523/962 902/1429/902
f 1001/1527/1001 993/1528/993 995/1529/995 1003/1530/1003
f 1003/1530/1003 995/1529/995 996/1531/996 1004/1532/1004
f 1004/1533/1004 996/1534/996 994/1517/994 1002/1520/1002
f 1005/1535/1005 1001/1527/1001 1003/1530/1003 1007/1536/1007
f 1007/1536/1007 1003/1530/1003 1004/1532/1004 1008/1537/1008
f 1008/1538/1008 1004/1533/1004 1002/1520/1002 1006/1521/1006
f 997/1539/997 1005/1535/1005 1007/1536/1007 999/1540/999
f 999/1540/999 1007/1536/1007 1008/1537/1008 1000/1541/1000
f 1000/1542/1000 1008/1543/1008 1006/1443/1006 998/1445/998
f 965/1544/965 973/1545/973 975/1546/975 967/1547/967
f 967/1547/967 975/1546/975 976/1548/976 968/1549/968
f 968/1550/968 976/1551/976 974/1441/974 966/1440/966
f 973/1545/973 969/1552/969 971/1553/971 975/1546/975
f 975/1546/975 971/1553/971 972/1554/972 976/1548/976
f 976/1551/976 972/1555/972 970/1481/970 974/1441/974
f 969/1552/969 961/1556/961 963/1557/963 971/1553/971
f 971/1553/971 963/1557/963 964/1558/964 972/1554/972
f 972/1559/972 964/1560/964 962/1523/962 970/1526/970
f 981/1561/981 989/1562/989 991/1563/991 983/1564/983
f 983/1564/983 991/1563/991 992/1565/992 984/1566/984
f 984/1566/984 992/1567/992 990/1436/990 982/1524/982
f 989/1562/989 985/1568/985 987/1569/987 991/1563/991
f 991/1563/991 987/1569/987 988/1570/988 992/1565/992
f 992/1571/992 988/1572/988 986/1437/986 990/1436/990
f 985/1568/985 977/1573/977 979/1574/979 987/1569/987
f 987/1569/987 979/1574/979 980/1575/980 988/1570/988
f 988/1572/988 980/1576/980 978/1522/978 986/1437/986
f 1013/1577/1013 1021/1578/1021 1023/1579/1023 1015/1580/1015
f 1015/1580/1015 1023/1579/1023 1024/1581/1024 1016/1582/1016
f 1016/1583/1016 1024/1584/1024 1022/1525/1022 1014/1516/1014
f 1021/1578/1021 1017/1585/1017 1019/1586/1019 1023/1579/1023
f 1023/1579/1023 1019/1586/1019 1020/1587/1020 1024/1581/1024
f 1024/1584/1024 1020/1588/1020 1018/1518/1018 1022/1525/1022
f 1017/1585/1017 1009/1589/1009 1011/1590/1011 1019/1586/1019
f 1019/1586/1019 1011/1590/1011 1012/1591/1012 1020/1587/1020
f 1020/1592/1020 1012/1591/1012 1010/1519/1010 1018/1518/1018
f 966/1440/966 978/1522/978 980/1576/980 968/1550/968
f 968/1549/968 980/1575/980 979/1574/979 967/1547/967
f 967/1547/967 979/1574/979 977/1573/977 965/1544/965
f 982/1524/982 1010/1519/1010 1012/1591/1012 984/1566/984
f 984/1566/984 1012/1591/1012 1011/1590/1011 983/1564/983
f 983/1564/983 1011/1590/1011 1009/1589/1009 981/1561/981
f 1014/1516/1014 994/1517/994 996/1534/996 1016/1583/1016
f 1016/1582/1016 996/1531/996 995/1529/995 1015/1580/1015
f 1015/1580/1015 995/1529/995 993/1528/993 1013/1577/1013
f 998/1445/998 962/1523/962 964/1560/964 1000/1542/1000
f 1000/1541/1000 964/1558/964 963/1557/963 999/1540/999
f 999/1540/999 963/1557/963 961/1556/961 997/1539/997
f 977/1573/977 985/1568/985 989/1562/989 981/1561/981 1009/1589/1009 1017/1585/1017 1021/1578/1021 1013/1577/1013 993/1528/993 1001/1527/1001 1005/1535/1005 997/1539/997 961/1556/961 969/1552/969 973/1545/973 965/1544/965
o Building.010
v 0.800695 2.296162 -0.514578
v 0.790892 2.296162 -0.465389
v 0.795794 2.296162 -0.507988
v 0.792205 2.296162 -0.489983
v 0.788000 2.257674 -0.576511
v 0.778549 2.257674 -0.529090
v 0.783274 2.257674 -0.570158
v 0.779815 2.257674 -0.552800
v 0.794444 2.291005 -0.545544
v 0.784721 2.291005 -0.496756
v 0.789582 2.291005 -0.539008
v 0.786023 2.291005 -0.521150
v 0.789763 2.276918 -0.568213
v 0.780203 2.276918 -0.520241
v 0.784983 2.276918 -0.561786
v 0.781484 2.276918 -0.544227
v 0.872487 2.296162 -0.465389
v 0.862684 2.296162 -0.514578
v 0.871174 2.296162 -0.489983
v 0.867586 2.296162 -0.507988
v 0.884830 2.257674 -0.529090
v 0.875380 2.257674 -0.576511
v 0.883564 2.257674 -0.552800
v 0.880105 2.257674 -0.570158
v 0.878659 2.291005 -0.496756
v 0.868936 2.291005 -0.545544
v 0.877356 2.291005 -0.521150
v 0.873797 2.291005 -0.539008
v 0.883177 2.276918 -0.520241
v 0.873616 2.276918 -0.568213
v 0.881896 2.276918 -0.544227
v 0.878396 2.276918 -0.561786
v 0.790892 2.296162 -0.154345
v 0.800695 2.296162 -0.105156
v 0.792205 2.296162 -0.129750
v 0.795794 2.296162 -0.111746
v 0.778549 2.257674 -0.090644
v 0.788000 2.257674 -0.043223
v 0.779815 2.257674 -0.066933
v 0.783275 2.257674 -0.049576
v 0.784721 2.291005 -0.122978
v 0.794444 2.291005 -0.074190
v 0.786023 2.291005 -0.098584
v 0.789582 2.291005 -0.080726
v 0.780203 2.276918 -0.099493
v 0.789763 2.276918 -0.051521
v 0.781484 2.276918 -0.075507
v 0.784983 2.276918 -0.057948
v 0.862684 2.296162 -0.105156
v 0.872487 2.296162 -0.154345
v 0.867586 2.296162 -0.111746
v 0.871174 2.296162 -0.129750
v 0.875380 2.257674 -0.043223
v 0.884830 2.257674 -0.090644
v 0.880105 2.257674 -0.049576
v 0.883564 2.257674 -0.066933
v 0.868936 2.291005 -0.074190
v 0.878659 2.291005 -0.122978
v 0.873797 2.291005 -0.080726
v 0.877356 2.291005 -0.098584
v 0.873616 2.276918 -0.051521
v 0.883177 2.276918 -0.099493
v 0.878396 2.276918 -0.057948
v 0.881896 2.276918 -0.075507
v 0.784691 1.723899 -0.525224
v 0.778549 1.745111 -0.529273
v 0.781620 1.726741 -0.527251
v 0.779372 1.734505 -0.528734
v 0.788770 1.723899 -0.545692
v 0.787963 1.745111 -0.576511
v 0.788366 1.726741 -0.561101
v 0.788071 1.734505 -0.572382
v 0.785317 1.723899 -0.536943
v 0.779810 1.745111 -0.552892
v 0.782564 1.726741 -0.544919
v 0.780548 1.734505 -0.550757
v 0.786435 1.723899 -0.542552
v 0.783256 1.745111 -0.570182
v 0.784845 1.726741 -0.556367
v 0.783682 1.734505 -0.566481
v 0.874609 1.723899 -0.545692
v 0.875416 1.745111 -0.576511
v 0.875013 1.726741 -0.561101
v 0.875309 1.734505 -0.572382
v 0.878688 1.723899 -0.525224
v 0.884830 1.745111 -0.529273
v 0.881759 1.726741 -0.527251
v 0.884007 1.734505 -0.528734
v 0.876945 1.723899 -0.542552
v 0.880123 1.745111 -0.570182
v 0.878534 1.726741 -0.556367
v 0.879698 1.734505 -0.566481
v 0.878063 1.723899 -0.536943
v 0.883569 1.745111 -0.552892
v 0.880816 1.726741 -0.544919
v 0.882831 1.734505 -0.550757
v 0.788770 1.723899 -0.074042
v 0.787963 1.745111 -0.043223
v 0.788366 1.726741 -0.058632
v 0.788071 1.734505 -0.047352
v 0.784691 1.723899 -0.094510
v 0.778549 1.745111 -0.090460
v 0.781620 1.726741 -0.092482
v 0.779372 1.734505 -0.091000
v 0.786435 1.723899 -0.077182
v 0.783256 1.745111 -0.049552
v 0.784845 1.726741 -0.063366
v 0.783682 1.734505 -0.053253
v 0.785317 1.723899 -0.082791
v 0.779810 1.745111 -0.066842
v 0.782564 1.726741 -0.074815
v 0.780548 1.734505 -0.068977
v 0.878688 1.723899 -0.094510
v 0.884830 1.745111 -0.090460
v 0.881759 1.726741 -0.092482
v 0.884008 1.734505 -0.091000
v 0.874609 1.723899 -0.074042
v 0.875416 1.745111 -0.043223
v 0.875013 1.726741 -0.058632
v 0.875309 1.734505 -0.047352
v 0.878063 1.723899 -0.082791
v 0.883569 1.745111 -0.066842
v 0.880816 1.726741 -0.074815
v 0.882831 1.734505 -0.068977
v 0.876945 1.723899 -0.077182
v 0.880123 1.745111 -0.049552
v 0.878534 1.726741 -0.063366
v 0.879698 1.734505 -0.053253
vn -0.0292 0.9961 -0.0828
vn -0.3851 0.9229 -0.0054
vn -0.1592 0.9852 -0.0629
vn -0.3049 0.9519 -0.0307
vn -0.5684 0.1921 -0.8000
vn -0.9985 0.0478 -0.0282
vn -0.9419 0.1038 -0.3196
vn -0.9912 0.0642 -0.1160
vn -0.1650 0.9320 -0.3228
vn -0.8666 0.4986 -0.0176
vn -0.5662 0.7970 -0.2104
vn -0.7953 0.6003 -0.0850
vn -0.4272 0.6410 -0.6376
vn -0.9802 0.1964 -0.0261
vn -0.8681 0.3941 -0.3017
vn -0.9619 0.2504 -0.1099
vn 0.3851 0.9229 -0.0054
vn 0.0292 0.9961 -0.0828
vn 0.3049 0.9519 -0.0307
vn 0.1592 0.9852 -0.0629
vn 0.9985 0.0478 -0.0282
vn 0.5684 0.1921 -0.8000
vn 0.9912 0.0642 -0.1160
vn 0.9419 0.1038 -0.3196
vn 0.8666 0.4986 -0.0176
vn 0.1650 0.9320 -0.3228
vn 0.7953 0.6003 -0.0850
vn 0.5662 0.7970 -0.2104
vn 0.9802 0.1964 -0.0261
vn 0.4272 0.6410 -0.6376
vn 0.9619 0.2504 -0.1099
vn 0.8681 0.3941 -0.3017
vn -0.3851 0.9229 0.0054
vn -0.0292 0.9961 0.0828
vn -0.3049 0.9519 0.0307
vn -0.1592 0.9852 0.0629
vn -0.9985 0.0478 0.0282
vn -0.5684 0.1921 0.8000
vn -0.9912 0.0642 0.1160
vn -0.9419 0.1038 0.3196
vn -0.8666 0.4986 0.0176
vn -0.1650 0.9320 0.3228
vn -0.7953 0.6003 0.0850
vn -0.5662 0.7970 0.2104
vn -0.9802 0.1964 0.0261
vn -0.4272 0.6410 0.6376
vn -0.9619 0.2504 0.1099
vn -0.8681 0.3941 0.3017
vn 0.0292 0.9961 0.0828
vn 0.3851 0.9229 0.0054
vn 0.1592 0.9852 0.0629
vn 0.3049 0.9519 0.0307
vn 0.5684 0.1921 0.8000
vn 0.9985 0.0478 0.0282
vn 0.9419 0.1038 0.3196
vn 0.9912 0.0642 0.1160
vn 0.1650 0.9320 0.3228
vn 0.8666 0.4986 0.0176
vn 0.5662 0.7970 0.2104
vn 0.7953 0.6003 0.0850
vn 0.4272 0.6410 0.6376
vn 0.9802 0.1964 0.0261
vn 0.8681 0.3941 0.3017
vn 0.9619 0.2504 0.1099
vn -0.4358 -0.9000 -0.0114
vn -0.9989 -0.0383 -0.0262
vn -0.8982 -0.4389 -0.0236
vn -0.9862 -0.1635 -0.0259
vn -0.0633 -0.9934 -0.0959
vn -0.5442 -0.1585 -0.8238
vn -0.2421 -0.8984 -0.3664
vn -0.4528 -0.5701 -0.6855
vn -0.4055 -0.9129 -0.0467
vn -0.9925 -0.0442 -0.1142
vn -0.8719 -0.4793 -0.1003
vn -0.9763 -0.1850 -0.1123
vn -0.2475 -0.9651 -0.0854
vn -0.9428 -0.0727 -0.3254
vn -0.7026 -0.6689 -0.2425
vn -0.9028 -0.2963 -0.3116
vn 0.0633 -0.9934 -0.0959
vn 0.5442 -0.1585 -0.8238
vn 0.2421 -0.8984 -0.3664
vn 0.4528 -0.5701 -0.6855
vn 0.4358 -0.9000 -0.0114
vn 0.9989 -0.0383 -0.0262
vn 0.8982 -0.4389 -0.0236
vn 0.9862 -0.1635 -0.0259
vn 0.2475 -0.9651 -0.0854
vn 0.9428 -0.0727 -0.3254
vn 0.7026 -0.6689 -0.2425
vn 0.9028 -0.2963 -0.3116
vn 0.4055 -0.9129 -0.0467
vn 0.9925 -0.0442 -0.1142
vn 0.8719 -0.4793 -0.1003
vn 0.9763 -0.1850 -0.1123
vn -0.0633 -0.9934 0.0959
vn -0.5442 -0.1585 0.8238
vn -0.2421 -0.8984 0.3664
vn -0.4528 -0.5701 0.6855
vn -0.4358 -0.9000 0.0114
vn -0.9989 -0.0383 0.0262
vn -0.8982 -0.4389 0.0236
vn -0.9862 -0.1635 0.0259
vn -0.2475 -0.9651 0.0854
vn -0.9428 -0.0727 0.3254
vn -0.7026 -0.6689 0.2425
vn -0.9028 -0.2963 0.3116
vn -0.4055 -0.9129 0.0467
vn -0.9925 -0.0442 0.1142
vn -0.8719 -0.4793 0.1003
vn -0.9763 -0.1850 0.1123
vn 0.4358 -0.9000 0.0114
vn 0.9989 -0.0383 0.0262
vn 0.8982 -0.4389 0.0236
vn 0.9862 -0.1635 0.0259
vn 0.0633 -0.9934 0.0959
vn 0.5442 -0.1585 0.8238
vn 0.2421 -0.8984 0.3664
vn 0.4528 -0.5701 0.6855
vn 0.4055 -0.9129 0.0467
vn 0.9925 -0.0442 0.1142
vn 0.8719 -0.4793 0.1003
vn 0.9763 -0.1850 0.1123
vn 0.2475 -0.9651 0.0854
vn 0.9428 -0.0727 0.3254
vn 0.7026 -0.6689 0.2425
vn 0.9028 -0.2963 0.3116
vt 0.875776 0.683662
vt 0.894140 0.683662
vt 0.894526 0.684921
vt 0.875389 0.684921
vt 0.878170 0.681284
vt 0.891746 0.681284
vt 0.893115 0.682635
vt 0.876801 0.682635
vt 0.897530 0.660711
vt 0.929696 0.660711
vt 0.929696 0.661741
vt 0.897530 0.661746
vt 0.897530 0.681917
vt 0.929696 0.681925
vt 0.929696 0.682956
vt 0.897530 0.682952
vt 0.874351 0.717087
vt 0.874355 0.684921
vt 0.875381 0.717087
vt 0.876023 0.665561
vt 0.876300 0.664487
vt 0.877096 0.663691
vt 0.878170 0.663414
vt 0.891746 0.663414
vt 0.892819 0.663691
vt 0.893616 0.664487
vt 0.893893 0.665561
vt 0.893893 0.679137
vt 0.893616 0.680210
vt 0.892819 0.681007
vt 0.877096 0.681007
vt 0.876300 0.680210
vt 0.876023 0.679137
vt 0.895244 0.680506
vt 0.895244 0.664192
vt 0.896271 0.663167
vt 0.896271 0.681531
vt 0.894140 0.661036
vt 0.875776 0.661036
vt 0.875389 0.659776
vt 0.894526 0.659776
vt 0.874671 0.680506
vt 0.874671 0.664192
vt 0.893115 0.662062
vt 0.876801 0.662062
vt 0.873645 0.663167
vt 0.873645 0.681531
vt 0.872385 0.681917
vt 0.872385 0.662780
vt 0.897530 0.662780
vt 0.929696 0.682956
vt 0.929696 0.683987
vt 0.897530 0.683987
vt 0.894180 0.682419
vt 0.895028 0.681571
vt 0.894180 0.662278
vt 0.895028 0.663127
vt 0.895187 0.683501
vt 0.896110 0.682578
vt 0.895187 0.661196
vt 0.896110 0.662120
vt 0.896234 0.683662
vt 0.896498 0.684579
vt 0.897189 0.683889
vt 0.896271 0.683625
vt 0.896192 0.682578
vt 0.897452 0.682952
vt 0.896498 0.660118
vt 0.896234 0.661036
vt 0.896271 0.661073
vt 0.897189 0.660809
vt 0.897452 0.661746
vt 0.896192 0.662120
vt 0.874887 0.663127
vt 0.875736 0.662278
vt 0.873805 0.662120
vt 0.874729 0.661196
vt 0.872727 0.660809
vt 0.873645 0.661073
vt 0.873682 0.661036
vt 0.873418 0.660118
vt 0.874355 0.659854
vt 0.874729 0.661115
vt 0.875736 0.682419
vt 0.874887 0.681571
vt 0.874729 0.683501
vt 0.873805 0.682578
vt 0.874355 0.684843
vt 0.874729 0.683583
vt 0.873418 0.684579
vt 0.873682 0.683662
vt 0.873645 0.683625
vt 0.872727 0.683889
vt 0.840219 0.662772
vt 0.840219 0.681925
vt 0.874355 0.659776
vt 0.874351 0.627610
vt 0.875381 0.627610
vt 0.873320 0.717087
vt 0.873320 0.684921
vt 0.929696 0.662772
vt 0.894534 0.717087
vt 0.894534 0.627610
vt 0.875381 0.627610
vt 0.872385 0.683987
vt 0.840219 0.683987
vt 0.894534 0.627610
vt 0.896596 0.627610
vt 0.896596 0.659776
vt 0.873320 0.659776
vt 0.873320 0.627610
vt 0.840219 0.660711
vt 0.872385 0.660711
vt 0.896596 0.684921
vt 0.896596 0.717087
vt 0.874802 0.604730
vt 0.874665 0.605241
vt 0.873992 0.605153
vt 0.874199 0.604382
vt 0.873326 0.605041
vt 0.873583 0.604080
vt 0.838888 0.683893
vt 0.838888 0.681971
vt 0.875047 0.604485
vt 0.874699 0.603882
vt 0.873630 0.603999
vt 0.874316 0.603313
vt 0.874304 0.718419
vt 0.873366 0.718419
vt 0.875558 0.604348
vt 0.875470 0.603675
vt 0.874397 0.603266
vt 0.875358 0.603009
vt 0.875358 0.718419
vt 0.874397 0.718419
vt 0.895251 0.605241
vt 0.895114 0.604730
vt 0.895717 0.604382
vt 0.895923 0.605153
vt 0.896332 0.604080
vt 0.896590 0.605041
vt 0.931028 0.681948
vt 0.931028 0.682909
vt 0.894869 0.604485
vt 0.895217 0.603882
vt 0.895599 0.603313
vt 0.896286 0.603999
vt 0.931028 0.683003
vt 0.931028 0.683940
vt 0.894357 0.604348
vt 0.894446 0.603675
vt 0.894557 0.603009
vt 0.895518 0.603266
vt 0.896502 0.718419
vt 0.894580 0.718419
vt 0.894357 0.624934
vt 0.894869 0.624797
vt 0.895217 0.625400
vt 0.894446 0.625606
vt 0.895518 0.626015
vt 0.894557 0.626273
vt 0.894580 0.626279
vt 0.896502 0.626279
vt 0.895114 0.624552
vt 0.895717 0.624900
vt 0.896286 0.625282
vt 0.895599 0.625969
vt 0.931028 0.660757
vt 0.931028 0.661695
vt 0.895251 0.624040
vt 0.895923 0.624129
vt 0.896590 0.624240
vt 0.896332 0.625201
vt 0.931028 0.661788
vt 0.931028 0.662749
vt 0.874665 0.624040
vt 0.874802 0.624552
vt 0.874199 0.624900
vt 0.873992 0.624129
vt 0.873583 0.625201
vt 0.873326 0.624240
vt 0.838888 0.662727
vt 0.838888 0.660804
vt 0.875047 0.624797
vt 0.874699 0.625400
vt 0.874316 0.625969
vt 0.873630 0.625282
vt 0.873366 0.626279
vt 0.874304 0.626279
vt 0.875558 0.624934
vt 0.875470 0.625606
vt 0.875382 0.626944
vt 0.874397 0.626944
vt 0.931028 0.662796
vt 0.931028 0.681902
vt 0.896596 0.605088
vt 0.896596 0.624194
vt 0.894511 0.626944
vt 0.838888 0.681902
vt 0.838888 0.662796
vt 0.873320 0.624194
vt 0.873320 0.605088
vt 0.894511 0.718419
vt 0.875405 0.718419
vt 0.875405 0.603003
vt 0.894511 0.603003
s 1
f 1069/1593/1069 1038/1594/1038 1030/1595/1030 1061/1596/1061
f 1057/1597/1057 1026/1598/1026 1034/1599/1034 1065/1600/1065
f 1047/1601/1047 1118/1602/1118 1114/1603/1114 1048/1604/1048
f 1029/1605/1029 1094/1606/1094 1102/1607/1102 1031/1608/1031
f 1134/1609/1134 1063/1610/1063 1061/1596/1061 1126/1611/1126
f 1073/1612/1073 1075/1613/1075 1076/1614/1076 1074/1615/1074 1041/1616/1041 1043/1617/1043 1044/1618/1044 1042/1619/1042 1025/1620/1025 1027/1621/1027 1028/1622/1028 1026/1598/1026 1057/1597/1057 1059/1623/1059 1060/1624/1060 1058/1625/1058
f 1065/1600/1065 1034/1599/1034 1038/1594/1038 1069/1593/1069
f 1033/1626/1033 1050/1627/1050 1054/1628/1054 1037/1629/1037
f 1053/1630/1053 1086/1631/1086 1078/1632/1078 1045/1633/1045
f 1073/1612/1073 1058/1625/1058 1066/1634/1066 1081/1635/1081
f 1049/1636/1049 1082/1637/1082 1086/1631/1086 1053/1630/1053
f 1085/1638/1085 1070/1639/1070 1062/1640/1062 1077/1641/1077
f 1081/1635/1081 1066/1634/1066 1070/1639/1070 1085/1638/1085
f 1025/1620/1025 1042/1619/1042 1050/1627/1050 1033/1626/1033
f 1041/1616/1041 1074/1615/1074 1082/1637/1082 1049/1636/1049
f 1037/1629/1037 1054/1628/1054 1046/1642/1046 1029/1605/1029
f 1031/1608/1031 1102/1643/1102 1098/1644/1098 1032/1645/1032
f 1034/1599/1034 1026/1598/1026 1028/1622/1028 1036/1646/1036
f 1036/1646/1036 1028/1622/1028 1027/1621/1027 1035/1647/1035
f 1035/1647/1035 1027/1621/1027 1025/1620/1025 1033/1626/1033
f 1041/1616/1041 1049/1636/1049 1051/1648/1051 1043/1617/1043
f 1043/1617/1043 1051/1648/1051 1052/1649/1052 1044/1618/1044
f 1044/1618/1044 1052/1649/1052 1050/1627/1050 1042/1619/1042
f 1038/1594/1038 1034/1599/1034 1036/1646/1036 1040/1650/1040
f 1040/1650/1040 1036/1646/1036 1035/1647/1035 1039/1651/1039
f 1039/1651/1039 1035/1647/1035 1033/1626/1033 1037/1629/1037
f 1049/1636/1049 1053/1630/1053 1055/1652/1055 1051/1648/1051
f 1051/1648/1051 1055/1652/1055 1056/1653/1056 1052/1649/1052
f 1052/1649/1052 1056/1653/1056 1054/1628/1054 1050/1627/1050
f 1030/1595/1030 1038/1594/1038 1040/1654/1040 1032/1655/1032
f 1032/1656/1032 1040/1657/1040 1039/1658/1039 1031/1659/1031
f 1031/1659/1031 1039/1658/1039 1037/1629/1037 1029/1605/1029
f 1053/1630/1053 1045/1633/1045 1047/1660/1047 1055/1661/1055
f 1055/1662/1055 1047/1663/1047 1048/1664/1048 1056/1665/1056
f 1056/1665/1056 1048/1664/1048 1046/1642/1046 1054/1628/1054
f 1073/1612/1073 1081/1635/1081 1083/1666/1083 1075/1613/1075
f 1075/1613/1075 1083/1666/1083 1084/1667/1084 1076/1614/1076
f 1076/1614/1076 1084/1667/1084 1082/1637/1082 1074/1615/1074
f 1081/1635/1081 1085/1638/1085 1087/1668/1087 1083/1666/1083
f 1083/1666/1083 1087/1668/1087 1088/1669/1088 1084/1667/1084
f 1084/1667/1084 1088/1669/1088 1086/1631/1086 1082/1637/1082
f 1085/1638/1085 1077/1641/1077 1079/1670/1079 1087/1671/1087
f 1087/1672/1087 1079/1673/1079 1080/1674/1080 1088/1675/1088
f 1088/1675/1088 1080/1674/1080 1078/1632/1078 1086/1631/1086
f 1057/1597/1057 1065/1600/1065 1067/1676/1067 1059/1623/1059
f 1059/1623/1059 1067/1676/1067 1068/1677/1068 1060/1624/1060
f 1060/1624/1060 1068/1677/1068 1066/1634/1066 1058/1625/1058
f 1065/1600/1065 1069/1593/1069 1071/1678/1071 1067/1676/1067
f 1067/1676/1067 1071/1678/1071 1072/1679/1072 1068/1677/1068
f 1068/1677/1068 1072/1679/1072 1070/1639/1070 1066/1634/1066
f 1069/1593/1069 1061/1596/1061 1063/1680/1063 1071/1681/1071
f 1071/1681/1071 1063/1680/1063 1064/1682/1064 1072/1683/1072
f 1072/1684/1072 1064/1685/1064 1062/1640/1062 1070/1639/1070
f 1142/1686/1142 1077/1641/1077 1062/1640/1062 1122/1687/1122
f 1080/1688/1080 1146/1689/1146 1138/1690/1138 1078/1632/1078
f 1130/1691/1130 1064/1692/1064 1063/1610/1063 1134/1609/1134
f 1094/1606/1094 1029/1605/1029 1046/1642/1046 1106/1693/1106
f 1048/1604/1048 1114/1603/1114 1106/1693/1106 1046/1642/1046
f 1126/1611/1126 1061/1596/1061 1030/1595/1030 1090/1694/1090
f 1110/1695/1110 1045/1633/1045 1078/1632/1078 1138/1696/1138
f 1122/1687/1122 1062/1640/1062 1064/1697/1064 1130/1698/1130
f 1045/1633/1045 1110/1699/1110 1118/1700/1118 1047/1701/1047
f 1079/1702/1079 1150/1703/1150 1146/1689/1146 1080/1688/1080
f 1077/1641/1077 1142/1686/1142 1150/1704/1150 1079/1705/1079
f 1032/1706/1032 1098/1707/1098 1090/1694/1090 1030/1595/1030
f 1129/1708/1129 1121/1709/1121 1123/1710/1123 1131/1711/1131
f 1131/1711/1131 1123/1710/1123 1124/1712/1124 1132/1713/1132
f 1132/1714/1132 1124/1715/1124 1122/1687/1122 1130/1698/1130
f 1133/1716/1133 1129/1708/1129 1131/1711/1131 1135/1717/1135
f 1135/1717/1135 1131/1711/1131 1132/1718/1132 1136/1719/1136
f 1136/1720/1136 1132/1721/1132 1130/1691/1130 1134/1609/1134
f 1125/1722/1125 1133/1716/1133 1135/1717/1135 1127/1723/1127
f 1127/1723/1127 1135/1717/1135 1136/1724/1136 1128/1725/1128
f 1128/1726/1128 1136/1727/1136 1134/1609/1134 1126/1611/1126
f 1093/1728/1093 1101/1729/1101 1103/1730/1103 1095/1731/1095
f 1095/1731/1095 1103/1730/1103 1104/1732/1104 1096/1733/1096
f 1096/1734/1096 1104/1735/1104 1102/1607/1102 1094/1606/1094
f 1101/1729/1101 1097/1736/1097 1099/1737/1099 1103/1730/1103
f 1103/1730/1103 1099/1737/1099 1100/1738/1100 1104/1739/1104
f 1104/1740/1104 1100/1741/1100 1098/1644/1098 1102/1643/1102
f 1097/1736/1097 1089/1742/1089 1091/1743/1091 1099/1737/1099
f 1099/1737/1099 1091/1743/1091 1092/1744/1092 1100/1745/1100
f 1100/1746/1100 1092/1747/1092 1090/1694/1090 1098/1707/1098
f 1109/1748/1109 1117/1749/1117 1119/1750/1119 1111/1751/1111
f 1111/1751/1111 1119/1750/1119 1120/1752/1120 1112/1753/1112
f 1112/1754/1112 1120/1755/1120 1118/1700/1118 1110/1699/1110
f 1117/1749/1117 1113/1756/1113 1115/1757/1115 1119/1750/1119
f 1119/1750/1119 1115/1757/1115 1116/1758/1116 1120/1759/1120
f 1120/1760/1120 1116/1761/1116 1114/1603/1114 1118/1602/1118
f 1113/1756/1113 1105/1762/1105 1107/1763/1107 1115/1757/1115
f 1115/1757/1115 1107/1763/1107 1108/1764/1108 1116/1765/1116
f 1116/1766/1116 1108/1767/1108 1106/1693/1106 1114/1603/1114
f 1141/1768/1141 1149/1769/1149 1151/1770/1151 1143/1771/1143
f 1143/1771/1143 1151/1770/1151 1152/1772/1152 1144/1773/1144
f 1144/1774/1144 1152/1775/1152 1150/1704/1150 1142/1686/1142
f 1149/1769/1149 1145/1776/1145 1147/1777/1147 1151/1770/1151
f 1151/1770/1151 1147/1777/1147 1148/1778/1148 1152/1779/1152
f 1152/1780/1152 1148/1781/1148 1146/1689/1146 1150/1703/1150
f 1145/1776/1145 1137/1782/1137 1139/1783/1139 1147/1777/1147
f 1147/1777/1147 1139/1783/1139 1140/1784/1140 1148/1785/1148
f 1148/1785/1148 1140/1784/1140 1138/1690/1138 1146/1689/1146
f 1094/1606/1094 1106/1693/1106 1108/1786/1108 1096/1787/1096
f 1096/1788/1096 1108/1789/1108 1107/1763/1107 1095/1731/1095
f 1095/1731/1095 1107/1763/1107 1105/1762/1105 1093/1728/1093
f 1110/1695/1110 1138/1696/1138 1140/1784/1140 1112/1790/1112
f 1112/1790/1112 1140/1784/1140 1139/1783/1139 1111/1751/1111
f 1111/1751/1111 1139/1783/1139 1137/1782/1137 1109/1748/1109
f 1142/1686/1142 1122/1687/1122 1124/1791/1124 1144/1792/1144
f 1144/1793/1144 1124/1794/1124 1123/1710/1123 1143/1771/1143
f 1143/1771/1143 1123/1710/1123 1121/1709/1121 1141/1768/1141
f 1126/1611/1126 1090/1694/1090 1092/1795/1092 1128/1796/1128
f 1128/1797/1128 1092/1798/1092 1091/1743/1091 1127/1723/1127
f 1127/1723/1127 1091/1743/1091 1089/1742/1089 1125/1722/1125
f 1105/1762/1105 1113/1756/1113 1117/1749/1117 1109/1748/1109 1137/1782/1137 1145/1776/1145 1149/1769/1149 1141/1768/1141 1121/1709/1121 1129/1708/1129 1133/1716/1133 1125/1722/1125 1089/1742/1089 1097/1736/1097 1101/1729/1101 1093/1728/1093
o Building.011
v 0.800695 2.296162 0.170200
v 0.790892 2.296162 0.219389
v 0.795794 2.296162 0.176790
v 0.792205 2.296162 0.194795
v 0.788000 2.257674 0.108267
v 0.778549 2.257674 0.155688
v 0.783275 2.257674 0.114620
v 0.779815 2.257674 0.131978
v 0.794444 2.291005 0.139234
v 0.784721 2.291005 0.188022
v 0.789582 2.291005 0.145770
v 0.786023 2.291005 0.163628
v 0.789764 2.276918 0.116565
v 0.780203 2.276918 0.164537
v 0.784983 2.276918 0.122992
v 0.781484 2.276918 0.140551
v 0.872488 2.296162 0.219389
v 0.862684 2.296162 0.170200
v 0.871174 2.296162 0.194795
v 0.867586 2.296162 0.176790
v 0.884830 2.257674 0.155688
v 0.875380 2.257674 0.108267
v 0.883564 2.257674 0.131978
v 0.880105 2.257674 0.114620
v 0.878659 2.291005 0.188022
v 0.868936 2.291005 0.139234
v 0.877356 2.291005 0.163628
v 0.873797 2.291005 0.145770
v 0.883177 2.276918 0.164537
v 0.873616 2.276918 0.116565
v 0.881896 2.276918 0.140551
v 0.878396 2.276918 0.122992
v 0.790892 2.296162 0.530433
v 0.800695 2.296162 0.579622
v 0.792206 2.296162 0.555028
v 0.795794 2.296162 0.573032
v 0.778549 2.257674 0.594134
v 0.788000 2.257674 0.641555
v 0.779815 2.257674 0.617845
v 0.783275 2.257674 0.635202
v 0.784721 2.291005 0.561800
v 0.794444 2.291005 0.610588
v 0.786023 2.291005 0.586194
v 0.789582 2.291005 0.604052
v 0.780203 2.276918 0.585285
v 0.789764 2.276918 0.633257
v 0.781484 2.276918 0.609271
v 0.784983 2.276918 0.626830
v 0.862684 2.296162 0.579622
v 0.872488 2.296162 0.530433
v 0.867586 2.296162 0.573032
v 0.871174 2.296162 0.555028
v 0.875380 2.257674 0.641555
v 0.884830 2.257674 0.594134
v 0.880105 2.257674 0.635202
v 0.883564 2.257674 0.617845
v 0.868936 2.291005 0.610588
v 0.878659 2.291005 0.561800
v 0.873797 2.291005 0.604052
v 0.877356 2.291005 0.586194
v 0.873616 2.276918 0.633257
v 0.883177 2.276918 0.585285
v 0.878397 2.276918 0.626830
v 0.881896 2.276918 0.609271
v 0.784691 1.723899 0.159554
v 0.778549 1.745111 0.155505
v 0.781620 1.726741 0.157527
v 0.779372 1.734505 0.156044
v 0.788770 1.723899 0.139086
v 0.787963 1.745111 0.108267
v 0.788366 1.726741 0.123677
v 0.788071 1.734505 0.112396
v 0.785317 1.723899 0.147835
v 0.779810 1.745111 0.131886
v 0.782564 1.726741 0.139859
v 0.780548 1.734505 0.134021
v 0.786435 1.723899 0.142226
v 0.783256 1.745111 0.114596
v 0.784845 1.726741 0.128411
v 0.783682 1.734505 0.118297
v 0.874609 1.723899 0.139086
v 0.875416 1.745111 0.108267
v 0.875013 1.726741 0.123677
v 0.875309 1.734505 0.112396
v 0.878688 1.723899 0.159554
v 0.884830 1.745111 0.155505
v 0.881759 1.726741 0.157527
v 0.884008 1.734505 0.156044
v 0.876945 1.723899 0.142226
v 0.880123 1.745111 0.114596
v 0.878534 1.726741 0.128411
v 0.879698 1.734505 0.118297
v 0.878063 1.723899 0.147835
v 0.883569 1.745111 0.131886
v 0.880816 1.726741 0.139859
v 0.882832 1.734505 0.134021
v 0.788770 1.723899 0.610736
v 0.787963 1.745111 0.641555
v 0.788366 1.726741 0.626145
v 0.788071 1.734505 0.637426
v 0.784691 1.723899 0.590268
v 0.778549 1.745111 0.594318
v 0.781620 1.726741 0.592296
v 0.779372 1.734505 0.593778
v 0.786435 1.723899 0.607596
v 0.783256 1.745111 0.635226
v 0.784845 1.726741 0.621412
v 0.783682 1.734505 0.631525
v 0.785317 1.723899 0.601987
v 0.779810 1.745111 0.617936
v 0.782564 1.726741 0.609963
v 0.780548 1.734505 0.615801
v 0.878688 1.723899 0.590268
v 0.884830 1.745111 0.594318
v 0.881759 1.726741 0.592296
v 0.884008 1.734505 0.593778
v 0.874609 1.723899 0.610736
v 0.875416 1.745111 0.641555
v 0.875013 1.726741 0.626145
v 0.875309 1.734505 0.637426
v 0.878063 1.723899 0.601987
v 0.883569 1.745111 0.617936
v 0.880816 1.726741 0.609963
v 0.882832 1.734505 0.615801
v 0.876945 1.723899 0.607596
v 0.880123 1.745111 0.635226
v 0.878534 1.726741 0.621412
v 0.879698 1.734505 0.631525
vn -0.0292 0.9961 -0.0828
vn -0.3851 0.9229 -0.0054
vn -0.1592 0.9852 -0.0629
vn -0.3049 0.9519 -0.0307
vn -0.5684 0.1921 -0.8000
vn -0.9985 0.0478 -0.0282
vn -0.9419 0.1038 -0.3196
vn -0.9912 0.0642 -0.1160
vn -0.1650 0.9320 -0.3228
vn -0.8666 0.4986 -0.0176
vn -0.5662 0.7970 -0.2104
vn -0.7953 0.6003 -0.0850
vn -0.4272 0.6410 -0.6376
vn -0.9802 0.1964 -0.0261
vn -0.8681 0.3941 -0.3017
vn -0.9619 0.2504 -0.1099
vn 0.3851 0.9229 -0.0054
vn 0.0292 0.9961 -0.0828
vn 0.3049 0.9519 -0.0307
vn 0.1592 0.9852 -0.0629
vn 0.9985 0.0478 -0.0282
vn 0.5684 0.1921 -0.8000
vn 0.9912 0.0642 -0.1160
vn 0.9419 0.1038 -0.3196
vn 0.8666 0.4986 -0.0176
vn 0.1650 0.9320 -0.3228
vn 0.7953 0.6003 -0.0850
vn 0.5662 0.7970 -0.2104
vn 0.9802 0.1964 -0.0261
vn 0.4272 0.6410 -0.6376
vn 0.9619 0.2504 -0.1099
vn 0.8681 0.3941 -0.3017
vn -0.3851 0.9229 0.0054
vn -0.0292 0.9961 0.0828
vn -0.3049 0.9519 0.0307
vn -0.1592 0.9852 0.0629
vn -0.9985 0.0478 0.0282
vn -0.5684 0.1921 0.8000
vn -0.9912 0.0642 0.1160
vn -0.9419 0.1038 0.3196
vn -0.8666 0.4986 0.0176
vn -0.1650 0.9320 0.3228
vn -0.7953 0.6003 0.0850
vn -0.5662 0.7970 0.2104
vn -0.9802 0.1964 0.0261
vn -0.4272 0.6410 0.6376
vn -0.9619 0.2504 0.1099
vn -0.8681 0.3941 0.3017
vn 0.0292 0.9961 0.0828
vn 0.3851 0.9229 0.0054
vn 0.1592 0.9852 0.0629
vn 0.3049 0.9519 0.0307
vn 0.5684 0.1921 0.8000
vn 0.9985 0.0478 0.0282
vn 0.9419 0.1038 0.3196
vn 0.9912 0.0642 0.1160
vn 0.1650 0.9320 0.3228
vn 0.8666 0.4986 0.0176
vn 0.5662 0.7970 0.2104
vn 0.7953 0.6003 0.0850
vn 0.4272 0.6410 0.6376
vn 0.9802 0.1964 0.0261
vn 0.8681 0.3941 0.3017
vn 0.9619 0.2504 0.1099
vn -0.4358 -0.9000 -0.0114
vn -0.9989 -0.0383 -0.0262
vn -0.8982 -0.4389 -0.0236
vn -0.9862 -0.1635 -0.0259
vn -0.0633 -0.9934 -0.0959
vn -0.5442 -0.1585 -0.8238
vn -0.2421 -0.8984 -0.3664
vn -0.4528 -0.5701 -0.6855
vn -0.4055 -0.9129 -0.0467
vn -0.9925 -0.0442 -0.1142
vn -0.8719 -0.4793 -0.1003
vn -0.9763 -0.1850 -0.1123
vn -0.2475 -0.9651 -0.0854
vn -0.9428 -0.0727 -0.3254
vn -0.7026 -0.6689 -0.2425
vn -0.9028 -0.2963 -0.3116
vn 0.0633 -0.9934 -0.0959
vn 0.5442 -0.1585 -0.8238
vn 0.2421 -0.8984 -0.3664
vn 0.4528 -0.5701 -0.6855
vn 0.4358 -0.9000 -0.0114
vn 0.9989 -0.0383 -0.0262
vn 0.8982 -0.4389 -0.0236
vn 0.9862 -0.1635 -0.0259
vn 0.2475 -0.9651 -0.0854
vn 0.9428 -0.0727 -0.3254
vn 0.7026 -0.6689 -0.2425
vn 0.9028 -0.2963 -0.3116
vn 0.4055 -0.9129 -0.0467
vn 0.9925 -0.0442 -0.1142
vn 0.8719 -0.4793 -0.1003
vn 0.9763 -0.1850 -0.1123
vn -0.0633 -0.9934 0.0959
vn -0.5442 -0.1585 0.8238
vn -0.2421 -0.8984 0.3664
vn -0.4528 -0.5701 0.6855
vn -0.4358 -0.9000 0.0114
vn -0.9989 -0.0383 0.0262
vn -0.8982 -0.4389 0.0236
vn -0.9862 -0.1635 0.0259
vn -0.2475 -0.9651 0.0854
vn -0.9428 -0.0727 0.3254
vn -0.7026 -0.6689 0.2425
vn -0.9028 -0.2963 0.3116
vn -0.4055 -0.9129 0.0467
vn -0.9925 -0.0442 0.1142
vn -0.8719 -0.4793 0.1003
vn -0.9763 -0.1850 0.1123
vn 0.4358 -0.9000 0.0114
vn 0.9989 -0.0383 0.0262
vn 0.8982 -0.4389 0.0236
vn 0.9862 -0.1635 0.0259
vn 0.0633 -0.9934 0.0959
vn 0.5442 -0.1585 0.8238
vn 0.2421 -0.8984 0.3664
vn 0.4528 -0.5701 0.6855
vn 0.4055 -0.9129 0.0467
vn 0.9925 -0.0442 0.1142
vn 0.8719 -0.4793 0.1003
vn 0.9763 -0.1850 0.1123
vn 0.2475 -0.9651 0.0854
vn 0.9428 -0.0727 0.3254
vn 0.7026 -0.6689 0.2425
vn 0.9028 -0.2963 0.3116
vt 0.873451 0.673683
vt 0.896465 0.673683
vt 0.896949 0.675261
vt 0.872967 0.675261
vt 0.876451 0.670703
vt 0.893464 0.670703
vt 0.895180 0.672397
vt 0.874735 0.672397
vt 0.900713 0.644921
vt 0.941023 0.644921
vt 0.941023 0.646213
vt 0.900713 0.646218
vt 0.900713 0.671497
vt 0.941023 0.671507
vt 0.941023 0.672799
vt 0.900713 0.672794
vt 0.871665 0.715571
vt 0.871670 0.675261
vt 0.872957 0.715571
vt 0.873761 0.650999
vt 0.874108 0.649654
vt 0.875106 0.648656
vt 0.876451 0.648309
vt 0.893464 0.648309
vt 0.894810 0.648656
vt 0.895808 0.649654
vt 0.896155 0.650999
vt 0.896155 0.668013
vt 0.895808 0.669358
vt 0.894810 0.670356
vt 0.875106 0.670356
vt 0.874108 0.669358
vt 0.873761 0.668012
vt 0.897849 0.669728
vt 0.897849 0.649284
vt 0.899135 0.647999
vt 0.899135 0.671013
vt 0.896465 0.645329
vt 0.873451 0.645329
vt 0.872967 0.643750
vt 0.896949 0.643750
vt 0.873761 0.668013
vt 0.872067 0.669728
vt 0.872067 0.649284
vt 0.895180 0.646615
vt 0.874735 0.646615
vt 0.870781 0.647999
vt 0.870781 0.671013
vt 0.869202 0.671497
vt 0.869202 0.647515
vt 0.900713 0.647515
vt 0.941023 0.674091
vt 0.900713 0.674091
vt 0.896514 0.672126
vt 0.897578 0.671062
vt 0.896514 0.646886
vt 0.897578 0.647949
vt 0.897776 0.673482
vt 0.898934 0.672325
vt 0.897777 0.645530
vt 0.898934 0.646687
vt 0.899089 0.673683
vt 0.899419 0.674833
vt 0.900285 0.673967
vt 0.899135 0.673637
vt 0.899036 0.672325
vt 0.900615 0.672794
vt 0.899419 0.644179
vt 0.899089 0.645329
vt 0.899135 0.645375
vt 0.900285 0.645045
vt 0.900615 0.646218
vt 0.899036 0.646687
vt 0.872338 0.647949
vt 0.873401 0.646886
vt 0.870982 0.646687
vt 0.872139 0.645530
vt 0.869630 0.645045
vt 0.870781 0.645375
vt 0.870827 0.645329
vt 0.870496 0.644179
vt 0.871670 0.643848
vt 0.872139 0.645428
vt 0.873401 0.672126
vt 0.872338 0.671062
vt 0.872139 0.673482
vt 0.870982 0.672325
vt 0.871670 0.675164
vt 0.872139 0.673584
vt 0.870496 0.674833
vt 0.870827 0.673683
vt 0.870781 0.673637
vt 0.869630 0.673967
vt 0.828892 0.647505
vt 0.828892 0.671507
vt 0.871670 0.643750
vt 0.871665 0.603441
vt 0.872957 0.603441
vt 0.870373 0.715571
vt 0.870373 0.675261
vt 0.941023 0.671507
vt 0.941023 0.647505
vt 0.896959 0.715571
vt 0.896959 0.603441
vt 0.869202 0.674091
vt 0.828892 0.674091
vt 0.899542 0.603441
vt 0.899542 0.643750
vt 0.870373 0.643750
vt 0.870373 0.603441
vt 0.828892 0.644921
vt 0.869202 0.644921
vt 0.899542 0.675261
vt 0.899542 0.715571
vt 0.872231 0.574767
vt 0.872059 0.575408
vt 0.871216 0.575298
vt 0.871475 0.574331
vt 0.870381 0.575158
vt 0.870704 0.573953
vt 0.827224 0.673973
vt 0.827224 0.671564
vt 0.872537 0.574461
vt 0.872101 0.573705
vt 0.870762 0.573852
vt 0.871622 0.572992
vt 0.871606 0.717240
vt 0.870432 0.717240
vt 0.873178 0.574289
vt 0.873068 0.573446
vt 0.871723 0.572934
vt 0.872928 0.572611
vt 0.872928 0.717240
vt 0.871723 0.717240
vt 0.897857 0.575408
vt 0.897685 0.574767
vt 0.898441 0.574331
vt 0.898700 0.575298
vt 0.899212 0.573953
vt 0.899535 0.575158
vt 0.942691 0.671536
vt 0.942691 0.672740
vt 0.897378 0.574461
vt 0.897814 0.573705
vt 0.898293 0.572992
vt 0.899153 0.573852
vt 0.942691 0.672857
vt 0.942691 0.674032
vt 0.896737 0.574289
vt 0.896848 0.573446
vt 0.896988 0.572611
vt 0.898192 0.572934
vt 0.899425 0.717240
vt 0.897016 0.717240
vt 0.896737 0.600087
vt 0.897378 0.599915
vt 0.897814 0.600671
vt 0.896848 0.600929
vt 0.898192 0.601442
vt 0.896988 0.601765
vt 0.897016 0.601772
vt 0.899425 0.601772
vt 0.897685 0.599608
vt 0.898441 0.600044
vt 0.899153 0.600523
vt 0.898293 0.601383
vt 0.942691 0.644980
vt 0.942691 0.646155
vt 0.897857 0.598967
vt 0.898700 0.599078
vt 0.899535 0.599218
vt 0.899212 0.600422
vt 0.942691 0.646272
vt 0.942691 0.647476
vt 0.872059 0.598967
vt 0.872231 0.599608
vt 0.871475 0.600044
vt 0.871216 0.599078
vt 0.870704 0.600422
vt 0.870381 0.599218
vt 0.827224 0.647448
vt 0.827224 0.645038
vt 0.872537 0.599915
vt 0.872101 0.600671
vt 0.871622 0.601383
vt 0.870762 0.600523
vt 0.870432 0.601772
vt 0.871606 0.601772
vt 0.873178 0.600087
vt 0.873068 0.600929
vt 0.872957 0.602606
vt 0.871723 0.602606
vt 0.942691 0.647535
vt 0.942691 0.671477
vt 0.899542 0.575216
vt 0.899542 0.599159
vt 0.896929 0.602606
vt 0.827224 0.671477
vt 0.827224 0.647535
vt 0.870373 0.599159
vt 0.870373 0.575216
vt 0.896929 0.717240
vt 0.872986 0.717240
vt 0.872986 0.572603
vt 0.896929 0.572603
s 1
f 1197/1799/1197 1166/1800/1166 1158/1801/1158 1189/1802/1189
f 1185/1803/1185 1154/1804/1154 1162/1805/1162 1193/1806/1193
f 1175/1807/1175 1246/1808/1246 1242/1809/1242 1176/1810/1176
f 1157/1811/1157 1222/1812/1222 1230/1813/1230 1159/1814/1159
f 1262/1815/1262 1191/1816/1191 1189/1802/1189 1254/1817/1254
f 1201/1818/1201 1203/1819/1203 1204/1820/1204 1202/1821/1202 1169/1822/1169 1171/1823/1171 1172/1824/1172 1170/1825/1170 1153/1826/1153 1155/1827/1155 1156/1828/1156 1154/1804/1154 1185/1803/1185 1187/1829/1187 1188/1830/1188 1186/1831/1186
f 1193/1806/1193 1162/1805/1162 1166/1800/1166 1197/1799/1197
f 1161/1832/1161 1178/1833/1178 1182/1834/1182 1165/1835/1165
f 1181/1836/1181 1214/1837/1214 1206/1838/1206 1173/1839/1173
f 1201/1818/1201 1186/1840/1186 1194/1841/1194 1209/1842/1209
f 1177/1843/1177 1210/1844/1210 1214/1837/1214 1181/1836/1181
f 1213/1845/1213 1198/1846/1198 1190/1847/1190 1205/1848/1205
f 1209/1842/1209 1194/1841/1194 1198/1846/1198 1213/1845/1213
f 1153/1826/1153 1170/1825/1170 1178/1833/1178 1161/1832/1161
f 1169/1822/1169 1202/1821/1202 1210/1844/1210 1177/1843/1177
f 1165/1835/1165 1182/1834/1182 1174/1849/1174 1157/1811/1157
f 1159/1814/1159 1230/1813/1230 1226/1850/1226 1160/1851/1160
f 1162/1805/1162 1154/1804/1154 1156/1828/1156 1164/1852/1164
f 1164/1852/1164 1156/1828/1156 1155/1827/1155 1163/1853/1163
f 1163/1853/1163 1155/1827/1155 1153/1826/1153 1161/1832/1161
f 1169/1822/1169 1177/1843/1177 1179/1854/1179 1171/1823/1171
f 1171/1823/1171 1179/1854/1179 1180/1855/1180 1172/1824/1172
f 1172/1824/1172 1180/1855/1180 1178/1833/1178 1170/1825/1170
f 1166/1800/1166 1162/1805/1162 1164/1852/1164 1168/1856/1168
f 1168/1856/1168 1164/1852/1164 1163/1853/1163 1167/1857/1167
f 1167/1857/1167 1163/1853/1163 1161/1832/1161 1165/1835/1165
f 1177/1843/1177 1181/1836/1181 1183/1858/1183 1179/1854/1179
f 1179/1854/1179 1183/1858/1183 1184/1859/1184 1180/1855/1180
f 1180/1855/1180 1184/1859/1184 1182/1834/1182 1178/1833/1178
f 1158/1801/1158 1166/1800/1166 1168/1860/1168 1160/1861/1160
f 1160/1862/1160 1168/1863/1168 1167/1864/1167 1159/1865/1159
f 1159/1865/1159 1167/1864/1167 1165/1835/1165 1157/1811/1157
f 1181/1836/1181 1173/1839/1173 1175/1866/1175 1183/1867/1183
f 1183/1868/1183 1175/1869/1175 1176/1870/1176 1184/1871/1184
f 1184/1871/1184 1176/1870/1176 1174/1849/1174 1182/1834/1182
f 1201/1818/1201 1209/1842/1209 1211/1872/1211 1203/1819/1203
f 1203/1819/1203 1211/1872/1211 1212/1873/1212 1204/1820/1204
f 1204/1820/1204 1212/1873/1212 1210/1844/1210 1202/1821/1202
f 1209/1842/1209 1213/1845/1213 1215/1874/1215 1211/1872/1211
f 1211/1872/1211 1215/1874/1215 1216/1875/1216 1212/1873/1212
f 1212/1873/1212 1216/1875/1216 1214/1837/1214 1210/1844/1210
f 1213/1845/1213 1205/1848/1205 1207/1876/1207 1215/1877/1215
f 1215/1878/1215 1207/1879/1207 1208/1880/1208 1216/1881/1216
f 1216/1881/1216 1208/1880/1208 1206/1838/1206 1214/1837/1214
f 1185/1803/1185 1193/1806/1193 1195/1882/1195 1187/1829/1187
f 1187/1829/1187 1195/1882/1195 1196/1883/1196 1188/1830/1188
f 1188/1830/1188 1196/1883/1196 1194/1841/1194 1186/1840/1186
f 1193/1806/1193 1197/1799/1197 1199/1884/1199 1195/1882/1195
f 1195/1882/1195 1199/1884/1199 1200/1885/1200 1196/1883/1196
f 1196/1883/1196 1200/1885/1200 1198/1846/1198 1194/1841/1194
f 1197/1799/1197 1189/1802/1189 1191/1886/1191 1199/1887/1199
f 1199/1887/1199 1191/1886/1191 1192/1888/1192 1200/1889/1200
f 1200/1890/1200 1192/1891/1192 1190/1847/1190 1198/1846/1198
f 1270/1892/1270 1205/1848/1205 1190/1847/1190 1250/1893/1250
f 1208/1894/1208 1274/1895/1274 1266/1896/1266 1206/1838/1206
f 1258/1897/1258 1192/1898/1192 1191/1816/1191 1262/1815/1262
f 1222/1899/1222 1157/1811/1157 1174/1849/1174 1234/1900/1234
f 1176/1810/1176 1242/1809/1242 1234/1900/1234 1174/1849/1174
f 1254/1817/1254 1189/1802/1189 1158/1801/1158 1218/1901/1218
f 1238/1902/1238 1173/1839/1173 1206/1838/1206 1266/1896/1266
f 1250/1893/1250 1190/1847/1190 1192/1903/1192 1258/1904/1258
f 1173/1839/1173 1238/1902/1238 1246/1905/1246 1175/1906/1175
f 1207/1907/1207 1278/1908/1278 1274/1895/1274 1208/1894/1208
f 1205/1848/1205 1270/1892/1270 1278/1909/1278 1207/1910/1207
f 1160/1911/1160 1226/1912/1226 1218/1901/1218 1158/1801/1158
f 1257/1913/1257 1249/1914/1249 1251/1915/1251 1259/1916/1259
f 1259/1916/1259 1251/1915/1251 1252/1917/1252 1260/1918/1260
f 1260/1919/1260 1252/1920/1252 1250/1893/1250 1258/1904/1258
f 1261/1921/1261 1257/1913/1257 1259/1916/1259 1263/1922/1263
f 1263/1922/1263 1259/1916/1259 1260/1923/1260 1264/1924/1264
f 1264/1925/1264 1260/1926/1260 1258/1897/1258 1262/1815/1262
f 1253/1927/1253 1261/1921/1261 1263/1922/1263 1255/1928/1255
f 1255/1928/1255 1263/1922/1263 1264/1929/1264 1256/1930/1256
f 1256/1931/1256 1264/1932/1264 1262/1815/1262 1254/1817/1254
f 1221/1933/1221 1229/1934/1229 1231/1935/1231 1223/1936/1223
f 1223/1936/1223 1231/1935/1231 1232/1937/1232 1224/1938/1224
f 1224/1939/1224 1232/1940/1232 1230/1813/1230 1222/1812/1222
f 1229/1934/1229 1225/1941/1225 1227/1942/1227 1231/1935/1231
f 1231/1935/1231 1227/1942/1227 1228/1943/1228 1232/1944/1232
f 1232/1945/1232 1228/1946/1228 1226/1850/1226 1230/1813/1230
f 1225/1941/1225 1217/1947/1217 1219/1948/1219 1227/1942/1227
f 1227/1942/1227 1219/1948/1219 1220/1949/1220 1228/1950/1228
f 1228/1951/1228 1220/1952/1220 1218/1901/1218 1226/1912/1226
f 1237/1953/1237 1245/1954/1245 1247/1955/1247 1239/1956/1239
f 1239/1956/1239 1247/1955/1247 1248/1957/1248 1240/1958/1240
f 1240/1959/1240 1248/1960/1248 1246/1905/1246 1238/1902/1238
f 1245/1954/1245 1241/1961/1241 1243/1962/1243 1247/1955/1247
f 1247/1955/1247 1243/1962/1243 1244/1963/1244 1248/1964/1248
f 1248/1965/1248 1244/1966/1244 1242/1809/1242 1246/1808/1246
f 1241/1961/1241 1233/1967/1233 1235/1968/1235 1243/1962/1243
f 1243/1962/1243 1235/1968/1235 1236/1969/1236 1244/1970/1244
f 1244/1971/1244 1236/1972/1236 1234/1900/1234 1242/1809/1242
f 1269/1973/1269 1277/1974/1277 1279/1975/1279 1271/1976/1271
f 1271/1976/1271 1279/1975/1279 1280/1977/1280 1272/1978/1272
f 1272/1979/1272 1280/1980/1280 1278/1909/1278 1270/1892/1270
f 1277/1974/1277 1273/1981/1273 1275/1982/1275 1279/1975/1279
f 1279/1975/1279 1275/1982/1275 1276/1983/1276 1280/1984/1280
f 1280/1985/1280 1276/1986/1276 1274/1895/1274 1278/1908/1278
f 1273/1981/1273 1265/1987/1265 1267/1988/1267 1275/1982/1275
f 1275/1982/1275 1267/1988/1267 1268/1989/1268 1276/1990/1276
f 1276/1990/1276 1268/1989/1268 1266/1896/1266 1274/1895/1274
f 1222/1899/1222 1234/1900/1234 1236/1991/1236 1224/1992/1224
f 1224/1993/1224 1236/1994/1236 1235/1968/1235 1223/1936/1223
f 1223/1936/1223 1235/1968/1235 1233/1967/1233 1221/1933/1221
f 1238/1902/1238 1266/1896/1266 1268/1989/1268 1240/1995/1240
f 1240/1995/1240 1268/1989/1268 1267/1988/1267 1239/1956/1239
f 1239/1956/1239 1267/1988/1267 1265/1987/1265 1237/1953/1237
f 1270/1892/1270 1250/1893/1250 1252/1996/1252 1272/1997/1272
f 1272/1998/1272 1252/1999/1252 1251/1915/1251 1271/1976/1271
f 1271/1976/1271 1251/1915/1251 1249/1914/1249 1269/1973/1269
f 1254/1817/1254 1218/1901/1218 1220/2000/1220 1256/2001/1256
f 1256/2002/1256 1220/2003/1220 1219/1948/1219 1255/1928/1255
f 1255/1928/1255 1219/1948/1219 1217/1947/1217 1253/1927/1253
f 1233/1967/1233 1241/1961/1241 1245/1954/1245 1237/1953/1237 1265/1987/1265 1273/1981/1273 1277/1974/1277 1269/1973/1269 1249/1914/1249 1257/1913/1257 1261/1921/1261 1253/1927/1253 1217/1947/1217 1225/1941/1225 1229/1934/1229 1221/1933/1221
o Building.012
v 0.800695 1.553761 -0.514578
v 0.790892 1.553761 -0.465389
v 0.795794 1.553761 -0.507988
v 0.792205 1.553761 -0.489983
v 0.788000 1.515274 -0.576511
v 0.778549 1.515274 -0.529090
v 0.783274 1.515274 -0.570158
v 0.779815 1.515274 -0.552800
v 0.794444 1.548605 -0.545544
v 0.784721 1.548605 -0.496756
v 0.789582 1.548605 -0.539008
v 0.786023 1.548605 -0.521150
v 0.789763 1.534518 -0.568213
v 0.780203 1.534518 -0.520241
v 0.784983 1.534518 -0.561786
v 0.781484 1.534518 -0.544227
v 0.872487 1.553761 -0.465389
v 0.862684 1.553761 -0.514578
v 0.871174 1.553761 -0.489983
v 0.867586 1.553761 -0.507988
v 0.884830 1.515274 -0.529090
v 0.875380 1.515274 -0.576511
v 0.883564 1.515274 -0.552800
v 0.880105 1.515274 -0.570158
v 0.878659 1.548605 -0.496756
v 0.868936 1.548605 -0.545544
v 0.877356 1.548605 -0.521150
v 0.873797 1.548605 -0.539008
v 0.883177 1.534518 -0.520241
v 0.873616 1.534518 -0.568213
v 0.881896 1.534518 -0.544227
v 0.878396 1.534518 -0.561786
v 0.790892 1.553761 -0.154345
v 0.800695 1.553761 -0.105156
v 0.792205 1.553761 -0.129750
v 0.795794 1.553761 -0.111746
v 0.778549 1.515274 -0.090644
v 0.788000 1.515274 -0.043223
v 0.779815 1.515274 -0.066933
v 0.783275 1.515274 -0.049576
v 0.784721 1.548605 -0.122978
v 0.794444 1.548605 -0.074190
v 0.786023 1.548605 -0.098584
v 0.789582 1.548605 -0.080726
v 0.780203 1.534518 -0.099493
v 0.789763 1.534518 -0.051521
v 0.781484 1.534518 -0.075507
v 0.784983 1.534518 -0.057948
v 0.862684 1.553761 -0.105156
v 0.872487 1.553761 -0.154345
v 0.867586 1.553761 -0.111746
v 0.871174 1.553761 -0.129750
v 0.875380 1.515274 -0.043223
v 0.884830 1.515274 -0.090644
v 0.880105 1.515274 -0.049576
v 0.883564 1.515274 -0.066933
v 0.868936 1.548605 -0.074190
v 0.878659 1.548605 -0.122978
v 0.873797 1.548605 -0.080726
v 0.877356 1.548605 -0.098584
v 0.873616 1.534518 -0.051521
v 0.883177 1.534518 -0.099493
v 0.878396 1.534518 -0.057948
v 0.881896 1.534518 -0.075507
v 0.784691 0.981498 -0.525224
v 0.778549 1.002710 -0.529273
v 0.781620 0.984340 -0.527251
v 0.779372 0.992104 -0.528734
v 0.788770 0.981498 -0.545692
v 0.787963 1.002710 -0.576511
v 0.788366 0.984340 -0.561101
v 0.788071 0.992104 -0.572382
v 0.785317 0.981498 -0.536943
v 0.779810 1.002710 -0.552892
v 0.782564 0.984340 -0.544919
v 0.780548 0.992104 -0.550757
v 0.786435 0.981498 -0.542552
v 0.783256 1.002710 -0.570182
v 0.784845 0.984340 -0.556367
v 0.783682 0.992104 -0.566481
v 0.874609 0.981498 -0.545692
v 0.875416 1.002710 -0.576511
v 0.875013 0.984340 -0.561101
v 0.875309 0.992104 -0.572382
v 0.878688 0.981498 -0.525224
v 0.884830 1.002710 -0.529273
v 0.881759 0.984340 -0.527251
v 0.884007 0.992104 -0.528734
v 0.876945 0.981498 -0.542552
v 0.880123 1.002710 -0.570182
v 0.878534 0.984340 -0.556367
v 0.879698 0.992104 -0.566481
v 0.878063 0.981498 -0.536943
v 0.883569 1.002710 -0.552892
v 0.880816 0.984340 -0.544919
v 0.882831 0.992104 -0.550757
v 0.788770 0.981498 -0.074042
v 0.787963 1.002710 -0.043223
v 0.788366 0.984340 -0.058632
v 0.788071 0.992104 -0.047352
v 0.784691 0.981498 -0.094510
v 0.778549 1.002710 -0.090460
v 0.781620 0.984340 -0.092482
v 0.779372 0.992104 -0.091000
v 0.786435 0.981498 -0.077182
v 0.783256 1.002710 -0.049552
v 0.784845 0.984340 -0.063366
v 0.783682 0.992104 -0.053253
v 0.785317 0.981498 -0.082791
v 0.779810 1.002710 -0.066842
v 0.782564 0.984340 -0.074815
v 0.780548 0.992104 -0.068977
v 0.878688 0.981498 -0.094510
v 0.884830 1.002710 -0.090460
v 0.881759 0.984340 -0.092482
v 0.884008 0.992104 -0.091000
v 0.874609 0.981498 -0.074042
v 0.875416 1.002710 -0.043223
v 0.875013 0.984340 -0.058632
v 0.875309 0.992104 -0.047352
v 0.878063 0.981498 -0.082791
v 0.883569 1.002710 -0.066842
v 0.880816 0.984340 -0.074815
v 0.882831 0.992104 -0.068977
v 0.876945 0.981498 -0.077182
v 0.880123 1.002710 -0.049552
v 0.878534 0.984340 -0.063366
v 0.879698 0.992104 -0.053253
vn -0.0292 0.9961 -0.0828
vn -0.3851 0.9229 -0.0054
vn -0.1592 0.9852 -0.0629
vn -0.3049 0.9519 -0.0307
vn -0.5684 0.1921 -0.8000
vn -0.9985 0.0478 -0.0282
vn -0.9419 0.1038 -0.3196
vn -0.9912 0.0642 -0.1160
vn -0.1650 0.9320 -0.3228
vn -0.8666 0.4986 -0.0176
vn -0.5662 0.7970 -0.2104
vn -0.7953 0.6003 -0.0850
vn -0.4272 0.6410 -0.6376
vn -0.9802 0.1964 -0.0261
vn -0.8681 0.3941 -0.3017
vn -0.9619 0.2504 -0.1099
vn 0.3851 0.9229 -0.0054
vn 0.0292 0.9961 -0.0828
vn 0.3049 0.9519 -0.0307
vn 0.1592 0.9852 -0.0629
vn 0.9985 0.0478 -0.0282
vn 0.5684 0.1921 -0.8000
vn 0.9912 0.0642 -0.1160
vn 0.9419 0.1038 -0.3196
vn 0.8666 0.4986 -0.0176
vn 0.1650 0.9320 -0.3228
vn 0.7953 0.6003 -0.0850
vn 0.5662 0.7970 -0.2104
vn 0.9802 0.1964 -0.0261
vn 0.4272 0.6410 -0.6376
vn 0.9619 0.2504 -0.1099
vn 0.8681 0.3941 -0.3017
vn -0.3851 0.9229 0.0054
vn -0.0292 0.9961 0.0828
vn -0.3049 0.9519 0.0307
vn -0.1592 0.9852 0.0629
vn -0.9985 0.0478 0.0282
vn -0.5684 0.1921 0.8000
vn -0.9912 0.0642 0.1160
vn -0.9419 0.1038 0.3196
vn -0.8666 0.4986 0.0176
vn -0.1650 0.9320 0.3228
vn -0.7953 0.6003 0.0850
vn -0.5662 0.7970 0.2104
vn -0.9802 0.1964 0.0261
vn -0.4272 0.6410 0.6376
vn -0.9619 0.2504 0.1099
vn -0.8681 0.3941 0.3017
vn 0.0292 0.9961 0.0828
vn 0.3851 0.9229 0.0054
vn 0.1592 0.9852 0.0629
vn 0.3049 0.9519 0.0307
vn 0.5684 0.1921 0.8000
vn 0.9985 0.0478 0.0282
vn 0.9419 0.1038 0.3196
vn 0.9912 0.0642 0.1160
vn 0.1650 0.9320 0.3228
vn 0.8666 0.4986 0.0176
vn 0.5662 0.7970 0.2104
vn 0.7953 0.6003 0.0850
vn 0.4272 0.6410 0.6376
vn 0.9802 0.1964 0.0261
vn 0.8681 0.3941 0.3017
vn 0.9619 0.2504 0.1099
vn -0.4358 -0.9000 -0.0114
vn -0.9989 -0.0383 -0.0262
vn -0.8982 -0.4389 -0.0236
vn -0.9862 -0.1635 -0.0259
vn -0.0633 -0.9934 -0.0959
vn -0.5442 -0.1585 -0.8238
vn -0.2421 -0.8984 -0.3664
vn -0.4528 -0.5701 -0.6855
vn -0.4055 -0.9129 -0.0467
vn -0.9925 -0.0442 -0.1142
vn -0.8719 -0.4793 -0.1003
vn -0.9763 -0.1850 -0.1123
vn -0.2475 -0.9651 -0.0854
vn -0.9428 -0.0727 -0.3254
vn -0.7026 -0.6689 -0.2425
vn -0.9028 -0.2963 -0.3116
vn 0.0633 -0.9934 -0.0959
vn 0.5442 -0.1585 -0.8238
vn 0.2421 -0.8984 -0.3664
vn 0.4528 -0.5701 -0.6855
vn 0.4358 -0.9000 -0.0114
vn 0.9989 -0.0383 -0.0262
vn 0.8982 -0.4389 -0.0236
vn 0.9862 -0.1635 -0.0259
vn 0.2475 -0.9651 -0.0854
vn 0.9428 -0.0727 -0.3254
vn 0.7026 -0.6689 -0.2425
vn 0.9028 -0.2963 -0.3116
vn 0.4055 -0.9129 -0.0467
vn 0.9925 -0.0442 -0.1142
vn 0.8719 -0.4793 -0.1003
vn 0.9763 -0.1850 -0.1123
vn -0.0633 -0.9934 0.0959
vn -0.5442 -0.1585 0.8238
vn -0.2421 -0.8984 0.3664
vn -0.4528 -0.5701 0.6855
vn -0.4358 -0.9000 0.0114
vn -0.9989 -0.0383 0.0262
vn -0.8982 -0.4389 0.0236
vn -0.9862 -0.1635 0.0259
vn -0.2475 -0.9651 0.0854
vn -0.9428 -0.0727 0.3254
vn -0.7026 -0.6689 0.2425
vn -0.9028 -0.2963 0.3116
vn -0.4055 -0.9129 0.0467
vn -0.9925 -0.0442 0.1142
vn -0.8719 -0.4793 0.1003
vn -0.9763 -0.1850 0.1123
vn 0.4358 -0.9000 0.0114
vn 0.9989 -0.0383 0.0262
vn 0.8982 -0.4389 0.0236
vn 0.9862 -0.1635 0.0259
vn 0.0633 -0.9934 0.0959
vn 0.5442 -0.1585 0.8238
vn 0.2421 -0.8984 0.3664
vn 0.4528 -0.5701 0.6855
vn 0.4055 -0.9129 0.0467
vn 0.9925 -0.0442 0.1142
vn 0.8719 -0.4793 0.1003
vn 0.9763 -0.1850 0.1123
vn 0.2475 -0.9651 0.0854
vn 0.9428 -0.0727 0.3254
vn 0.7026 -0.6689 0.2425
vn 0.9028 -0.2963 0.3116
vt 0.875836 0.672983
vt 0.894079 0.672983
vt 0.894463 0.674235
vt 0.875453 0.674235
vt 0.878215 0.670621
vt 0.891701 0.670621
vt 0.893061 0.671964
vt 0.876855 0.671964
vt 0.897447 0.650184
vt 0.929400 0.650184
vt 0.929400 0.651209
vt 0.897447 0.651212
vt 0.897447 0.671251
vt 0.929400 0.671259
vt 0.929400 0.672283
vt 0.897447 0.672279
vt 0.874421 0.706188
vt 0.874425 0.674235
vt 0.875445 0.706188
vt 0.876082 0.655002
vt 0.876357 0.653936
vt 0.877148 0.653145
vt 0.878215 0.652870
vt 0.891701 0.652870
vt 0.892767 0.653145
vt 0.893558 0.653936
vt 0.893834 0.655002
vt 0.893834 0.668489
vt 0.893558 0.669555
vt 0.892767 0.670346
vt 0.877148 0.670346
vt 0.876357 0.669555
vt 0.876082 0.668489
vt 0.895176 0.669849
vt 0.895176 0.653642
vt 0.896196 0.652624
vt 0.896196 0.670867
vt 0.894079 0.650508
vt 0.875836 0.650508
vt 0.875453 0.649256
vt 0.894463 0.649256
vt 0.874739 0.669849
vt 0.874739 0.653642
vt 0.893061 0.651527
vt 0.876855 0.651527
vt 0.873720 0.652624
vt 0.873720 0.670867
vt 0.872468 0.671251
vt 0.872468 0.652241
vt 0.897447 0.652241
vt 0.929400 0.673307
vt 0.897447 0.673307
vt 0.894119 0.671749
vt 0.894961 0.670906
vt 0.894119 0.651742
vt 0.894961 0.652585
vt 0.895119 0.672824
vt 0.896036 0.671907
vt 0.895119 0.650667
vt 0.896036 0.651584
vt 0.896159 0.672983
vt 0.896421 0.673895
vt 0.897108 0.673209
vt 0.896196 0.672947
vt 0.896117 0.671907
vt 0.897370 0.672279
vt 0.896421 0.649596
vt 0.896159 0.650508
vt 0.896196 0.650544
vt 0.897108 0.650282
vt 0.897370 0.651212
vt 0.896117 0.651584
vt 0.874954 0.652585
vt 0.875797 0.651742
vt 0.873879 0.651584
vt 0.874796 0.650667
vt 0.872808 0.650282
vt 0.873720 0.650544
vt 0.873756 0.650508
vt 0.873494 0.649596
vt 0.874425 0.649334
vt 0.874796 0.650586
vt 0.875797 0.671749
vt 0.874954 0.670906
vt 0.874796 0.672824
vt 0.873879 0.671907
vt 0.874425 0.674157
vt 0.874796 0.672905
vt 0.873494 0.673895
vt 0.873756 0.672983
vt 0.873720 0.672947
vt 0.872808 0.673209
vt 0.840515 0.652233
vt 0.840515 0.671259
vt 0.874425 0.649256
vt 0.874421 0.617303
vt 0.875445 0.617303
vt 0.873397 0.706188
vt 0.873397 0.674235
vt 0.929400 0.652233
vt 0.894471 0.706188
vt 0.894471 0.617303
vt 0.872468 0.673307
vt 0.840515 0.673307
vt 0.896519 0.617303
vt 0.896519 0.649256
vt 0.873397 0.649256
vt 0.873397 0.617303
vt 0.840515 0.650184
vt 0.872468 0.650184
vt 0.896519 0.674235
vt 0.896519 0.706188
vt 0.874869 0.594574
vt 0.874733 0.595082
vt 0.874065 0.594994
vt 0.874270 0.594228
vt 0.873403 0.594884
vt 0.873659 0.593929
vt 0.839193 0.673214
vt 0.839193 0.671304
vt 0.875112 0.594331
vt 0.874766 0.593732
vt 0.873705 0.593848
vt 0.874387 0.593167
vt 0.874374 0.707511
vt 0.873443 0.707511
vt 0.875620 0.594195
vt 0.875532 0.593526
vt 0.874467 0.593120
vt 0.875422 0.592864
vt 0.875422 0.707511
vt 0.874467 0.707511
vt 0.895183 0.595082
vt 0.895046 0.594574
vt 0.895645 0.594228
vt 0.895851 0.594994
vt 0.896257 0.593929
vt 0.896513 0.594884
vt 0.930723 0.671281
vt 0.930723 0.672236
vt 0.894803 0.594331
vt 0.895149 0.593732
vt 0.895529 0.593167
vt 0.896211 0.593848
vt 0.930723 0.672329
vt 0.930723 0.673260
vt 0.894295 0.594195
vt 0.894383 0.593526
vt 0.894494 0.592864
vt 0.895449 0.593120
vt 0.896426 0.707511
vt 0.894516 0.707511
vt 0.894295 0.614644
vt 0.894803 0.614508
vt 0.895149 0.615107
vt 0.894383 0.615312
vt 0.895449 0.615719
vt 0.894494 0.615974
vt 0.894516 0.615981
vt 0.896426 0.615981
vt 0.895046 0.614265
vt 0.895645 0.614611
vt 0.896211 0.614991
vt 0.895529 0.615672
vt 0.930723 0.650231
vt 0.930723 0.651162
vt 0.895183 0.613757
vt 0.895851 0.613845
vt 0.896513 0.613955
vt 0.896257 0.614910
vt 0.930723 0.651255
vt 0.930723 0.652210
vt 0.874733 0.613757
vt 0.874869 0.614265
vt 0.874270 0.614611
vt 0.874065 0.613845
vt 0.873659 0.614910
vt 0.873403 0.613955
vt 0.839193 0.652187
vt 0.839193 0.650277
vt 0.875112 0.614508
vt 0.874766 0.615107
vt 0.874387 0.615672
vt 0.873705 0.614991
vt 0.873443 0.615981
vt 0.874374 0.615981
vt 0.875620 0.614644
vt 0.875532 0.615312
vt 0.875445 0.616642
vt 0.874467 0.616642
vt 0.930723 0.652256
vt 0.930723 0.671235
vt 0.896519 0.594930
vt 0.896519 0.613909
vt 0.894447 0.616642
vt 0.839193 0.671235
vt 0.839193 0.652256
vt 0.873397 0.613909
vt 0.873397 0.594930
vt 0.894447 0.707511
vt 0.875468 0.707511
vt 0.875468 0.592858
vt 0.894447 0.592858
s 1
f 1325/2004/1325 1294/2005/1294 1286/2006/1286 1317/2007/1317
f 1313/2008/1313 1282/2009/1282 1290/2010/1290 1321/2011/1321
f 1303/2012/1303 1374/2013/1374 1370/2014/1370 1304/2015/1304
f 1285/2016/1285 1350/2017/1350 1358/2018/1358 1287/2019/1287
f 1390/2020/1390 1319/2021/1319 1317/2007/1317 1382/2022/1382
f 1329/2023/1329 1331/2024/1331 1332/2025/1332 1330/2026/1330 1297/2027/1297 1299/2028/1299 1300/2029/1300 1298/2030/1298 1281/2031/1281 1283/2032/1283 1284/2033/1284 1282/2009/1282 1313/2008/1313 1315/2034/1315 1316/2035/1316 1314/2036/1314
f 1321/2011/1321 1290/2010/1290 1294/2005/1294 1325/2004/1325
f 1289/2037/1289 1306/2038/1306 1310/2039/1310 1293/2040/1293
f 1309/2041/1309 1342/2042/1342 1334/2043/1334 1301/2044/1301
f 1329/2023/1329 1314/2036/1314 1322/2045/1322 1337/2046/1337
f 1305/2047/1305 1338/2048/1338 1342/2042/1342 1309/2041/1309
f 1341/2049/1341 1326/2050/1326 1318/2051/1318 1333/2052/1333
f 1337/2046/1337 1322/2045/1322 1326/2050/1326 1341/2049/1341
f 1281/2031/1281 1298/2030/1298 1306/2038/1306 1289/2037/1289
f 1297/2027/1297 1330/2026/1330 1338/2048/1338 1305/2047/1305
f 1293/2040/1293 1310/2039/1310 1302/2053/1302 1285/2016/1285
f 1287/2019/1287 1358/2018/1358 1354/2054/1354 1288/2055/1288
f 1290/2010/1290 1282/2009/1282 1284/2033/1284 1292/2056/1292
f 1292/2056/1292 1284/2033/1284 1283/2032/1283 1291/2057/1291
f 1291/2057/1291 1283/2032/1283 1281/2031/1281 1289/2037/1289
f 1297/2027/1297 1305/2047/1305 1307/2058/1307 1299/2028/1299
f 1299/2028/1299 1307/2058/1307 1308/2059/1308 1300/2029/1300
f 1300/2029/1300 1308/2059/1308 1306/2038/1306 1298/2030/1298
f 1294/2005/1294 1290/2010/1290 1292/2056/1292 1296/2060/1296
f 1296/2060/1296 1292/2056/1292 1291/2057/1291 1295/2061/1295
f 1295/2061/1295 1291/2057/1291 1289/2037/1289 1293/2040/1293
f 1305/2047/1305 1309/2041/1309 1311/2062/1311 1307/2058/1307
f 1307/2058/1307 1311/2062/1311 1312/2063/1312 1308/2059/1308
f 1308/2059/1308 1312/2063/1312 1310/2039/1310 1306/2038/1306
f 1286/2006/1286 1294/2005/1294 1296/2064/1296 1288/2065/1288
f 1288/2066/1288 1296/2067/1296 1295/2068/1295 1287/2069/1287
f 1287/2069/1287 1295/2068/1295 1293/2040/1293 1285/2016/1285
f 1309/2041/1309 1301/2044/1301 1303/2070/1303 1311/2071/1311
f 1311/2072/1311 1303/2073/1303 1304/2074/1304 1312/2075/1312
f 1312/2075/1312 1304/2074/1304 1302/2053/1302 1310/2039/1310
f 1329/2023/1329 1337/2046/1337 1339/2076/1339 1331/2024/1331
f 1331/2024/1331 1339/2076/1339 1340/2077/1340 1332/2025/1332
f 1332/2025/1332 1340/2077/1340 1338/2048/1338 1330/2026/1330
f 1337/2046/1337 1341/2049/1341 1343/2078/1343 1339/2076/1339
f 1339/2076/1339 1343/2078/1343 1344/2079/1344 1340/2077/1340
f 1340/2077/1340 1344/2079/1344 1342/2042/1342 1338/2048/1338
f 1341/2049/1341 1333/2052/1333 1335/2080/1335 1343/2081/1343
f 1343/2082/1343 1335/2083/1335 1336/2084/1336 1344/2085/1344
f 1344/2085/1344 1336/2084/1336 1334/2043/1334 1342/2042/1342
f 1313/2008/1313 1321/2011/1321 1323/2086/1323 1315/2034/1315
f 1315/2034/1315 1323/2086/1323 1324/2087/1324 1316/2035/1316
f 1316/2035/1316 1324/2087/1324 1322/2045/1322 1314/2036/1314
f 1321/2011/1321 1325/2004/1325 1327/2088/1327 1323/2086/1323
f 1323/2086/1323 1327/2088/1327 1328/2089/1328 1324/2087/1324
f 1324/2087/1324 1328/2089/1328 1326/2050/1326 1322/2045/1322
f 1325/2004/1325 1317/2007/1317 1319/2090/1319 1327/2091/1327
f 1327/2091/1327 1319/2090/1319 1320/2092/1320 1328/2093/1328
f 1328/2094/1328 1320/2095/1320 1318/2051/1318 1326/2050/1326
f 1398/2096/1398 1333/2052/1333 1318/2051/1318 1378/2097/1378
f 1336/2098/1336 1402/2099/1402 1394/2100/1394 1334/2043/1334
f 1386/2101/1386 1320/2102/1320 1319/2021/1319 1390/2020/1390
f 1350/2017/1350 1285/2016/1285 1302/2053/1302 1362/2103/1362
f 1304/2015/1304 1370/2014/1370 1362/2103/1362 1302/2053/1302
f 1382/2022/1382 1317/2007/1317 1286/2006/1286 1346/2104/1346
f 1366/2105/1366 1301/2044/1301 1334/2043/1334 1394/2100/1394
f 1378/2097/1378 1318/2051/1318 1320/2106/1320 1386/2107/1386
f 1301/2044/1301 1366/2105/1366 1374/2108/1374 1303/2109/1303
f 1335/2110/1335 1406/2111/1406 1402/2099/1402 1336/2098/1336
f 1333/2052/1333 1398/2096/1398 1406/2112/1406 1335/2113/1335
f 1288/2114/1288 1354/2115/1354 1346/2104/1346 1286/2006/1286
f 1385/2116/1385 1377/2117/1377 1379/2118/1379 1387/2119/1387
f 1387/2119/1387 1379/2118/1379 1380/2120/1380 1388/2121/1388
f 1388/2122/1388 1380/2123/1380 1378/2097/1378 1386/2107/1386
f 1389/2124/1389 1385/2116/1385 1387/2119/1387 1391/2125/1391
f 1391/2125/1391 1387/2119/1387 1388/2126/1388 1392/2127/1392
f 1392/2128/1392 1388/2129/1388 1386/2101/1386 1390/2020/1390
f 1381/2130/1381 1389/2124/1389 1391/2125/1391 1383/2131/1383
f 1383/2131/1383 1391/2125/1391 1392/2132/1392 1384/2133/1384
f 1384/2134/1384 1392/2135/1392 1390/2020/1390 1382/2022/1382
f 1349/2136/1349 1357/2137/1357 1359/2138/1359 1351/2139/1351
f 1351/2139/1351 1359/2138/1359 1360/2140/1360 1352/2141/1352
f 1352/2142/1352 1360/2143/1360 1358/2018/1358 1350/2017/1350
f 1357/2137/1357 1353/2144/1353 1355/2145/1355 1359/2138/1359
f 1359/2138/1359 1355/2145/1355 1356/2146/1356 1360/2147/1360
f 1360/2148/1360 1356/2149/1356 1354/2054/1354 1358/2018/1358
f 1353/2144/1353 1345/2150/1345 1347/2151/1347 1355/2145/1355
f 1355/2145/1355 1347/2151/1347 1348/2152/1348 1356/2153/1356
f 1356/2154/1356 1348/2155/1348 1346/2104/1346 1354/2115/1354
f 1365/2156/1365 1373/2157/1373 1375/2158/1375 1367/2159/1367
f 1367/2159/1367 1375/2158/1375 1376/2160/1376 1368/2161/1368
f 1368/2162/1368 1376/2163/1376 1374/2108/1374 1366/2105/1366
f 1373/2157/1373 1369/2164/1369 1371/2165/1371 1375/2158/1375
f 1375/2158/1375 1371/2165/1371 1372/2166/1372 1376/2167/1376
f 1376/2168/1376 1372/2169/1372 1370/2014/1370 1374/2013/1374
f 1369/2164/1369 1361/2170/1361 1363/2171/1363 1371/2165/1371
f 1371/2165/1371 1363/2171/1363 1364/2172/1364 1372/2173/1372
f 1372/2174/1372 1364/2175/1364 1362/2103/1362 1370/2014/1370
f 1397/2176/1397 1405/2177/1405 1407/2178/1407 1399/2179/1399
f 1399/2179/1399 1407/2178/1407 1408/2180/1408 1400/2181/1400
f 1400/2182/1400 1408/2183/1408 1406/2112/1406 1398/2096/1398
f 1405/2177/1405 1401/2184/1401 1403/2185/1403 1407/2178/1407
f 1407/2178/1407 1403/2185/1403 1404/2186/1404 1408/2187/1408
f 1408/2188/1408 1404/2189/1404 1402/2099/1402 1406/2111/1406
f 1401/2184/1401 1393/2190/1393 1395/2191/1395 1403/2185/1403
f 1403/2185/1403 1395/2191/1395 1396/2192/1396 1404/2193/1404
f 1404/2193/1404 1396/2192/1396 1394/2100/1394 1402/2099/1402
f 1350/2017/1350 1362/2103/1362 1364/2194/1364 1352/2195/1352
f 1352/2196/1352 1364/2197/1364 1363/2171/1363 1351/2139/1351
f 1351/2139/1351 1363/2171/1363 1361/2170/1361 1349/2136/1349
f 1366/2105/1366 1394/2100/1394 1396/2192/1396 1368/2198/1368
f 1368/2198/1368 1396/2192/1396 1395/2191/1395 1367/2159/1367
f 1367/2159/1367 1395/2191/1395 1393/2190/1393 1365/2156/1365
f 1398/2096/1398 1378/2097/1378 1380/2199/1380 1400/2200/1400
f 1400/2201/1400 1380/2202/1380 1379/2118/1379 1399/2179/1399
f 1399/2179/1399 1379/2118/1379 1377/2117/1377 1397/2176/1397
f 1382/2022/1382 1346/2104/1346 1348/2203/1348 1384/2204/1384
f 1384/2205/1384 1348/2206/1348 1347/2151/1347 1383/2131/1383
f 1383/2131/1383 1347/2151/1347 1345/2150/1345 1381/2130/1381
f 1361/2170/1361 1369/2164/1369 1373/2157/1373 1365/2156/1365 1393/2190/1393 1401/2184/1401 1405/2177/1405 1397/2176/1397 1377/2117/1377 1385/2116/1385 1389/2124/1389 1381/2130/1381 1345/2150/1345 1353/2144/1353 1357/2137/1357 1349/2136/1349
o Building.013
v 0.800695 1.553761 0.170200
v 0.790892 1.553761 0.219389
v 0.795794 1.553761 0.176790
v 0.792205 1.553761 0.194795
v 0.788000 1.515274 0.108267
v 0.778549 1.515274 0.155688
v 0.783275 1.515274 0.114620
v 0.779815 1.515274 0.131978
v 0.794444 1.548605 0.139234
v 0.784721 1.548605 0.188022
v 0.789582 1.548605 0.145770
v 0.786023 1.548605 0.163628
v 0.789764 1.534518 0.116565
v 0.780203 1.534518 0.164537
v 0.784983 1.534518 0.122992
v 0.781484 1.534518 0.140551
v 0.872488 1.553761 0.219389
v 0.862684 1.553761 0.170200
v 0.871174 1.553761 0.194795
v 0.867586 1.553761 0.176790
v 0.884830 1.515274 0.155688
v 0.875380 1.515274 0.108267
v 0.883564 1.515274 0.131978
v 0.880105 1.515274 0.114620
v 0.878659 1.548605 0.188022
v 0.868936 1.548605 0.139234
v 0.877356 1.548605 0.163628
v 0.873797 1.548605 0.145770
v 0.883177 1.534518 0.164537
v 0.873616 1.534518 0.116565
v 0.881896 1.534518 0.140551
v 0.878396 1.534518 0.122992
v 0.790892 1.553761 0.530433
v 0.800695 1.553761 0.579622
v 0.792206 1.553761 0.555028
v 0.795794 1.553761 0.573032
v 0.778549 1.515274 0.594134
v 0.788000 1.515274 0.641555
v 0.779815 1.515274 0.617845
v 0.783275 1.515274 0.635202
v 0.784721 1.548605 0.561800
v 0.794444 1.548605 0.610588
v 0.786023 1.548605 0.586194
v 0.789582 1.548605 0.604052
v 0.780203 1.534518 0.585285
v 0.789764 1.534518 0.633257
v 0.781484 1.534518 0.609271
v 0.784983 1.534518 0.626830
v 0.862684 1.553761 0.579622
v 0.872488 1.553761 0.530433
v 0.867586 1.553761 0.573032
v 0.871174 1.553761 0.555028
v 0.875380 1.515274 0.641555
v 0.884830 1.515274 0.594134
v 0.880105 1.515274 0.635202
v 0.883564 1.515274 0.617845
v 0.868936 1.548605 0.610588
v 0.878659 1.548605 0.561800
v 0.873797 1.548605 0.604052
v 0.877356 1.548605 0.586194
v 0.873616 1.534518 0.633257
v 0.883177 1.534518 0.585285
v 0.878397 1.534518 0.626830
v 0.881896 1.534518 0.609271
v 0.784691 0.981498 0.159554
v 0.778549 1.002710 0.155505
v 0.781620 0.984340 0.157527
v 0.779372 0.992104 0.156044
v 0.788770 0.981498 0.139086
v 0.787963 1.002710 0.108267
v 0.788366 0.984340 0.123677
v 0.788071 0.992104 0.112396
v 0.785317 0.981498 0.147835
v 0.779810 1.002710 0.131886
v 0.782564 0.984340 0.139859
v 0.780548 0.992104 0.134021
v 0.786435 0.981498 0.142226
v 0.783256 1.002710 0.114596
v 0.784845 0.984340 0.128411
v 0.783682 0.992104 0.118297
v 0.874609 0.981498 0.139086
v 0.875416 1.002710 0.108267
v 0.875013 0.984340 0.123677
v 0.875309 0.992104 0.112396
v 0.878688 0.981498 0.159554
v 0.884830 1.002710 0.155505
v 0.881759 0.984340 0.157527
v 0.884008 0.992104 0.156044
v 0.876945 0.981498 0.142226
v 0.880123 1.002710 0.114596
v 0.878534 0.984340 0.128411
v 0.879698 0.992104 0.118297
v 0.878063 0.981498 0.147835
v 0.883569 1.002710 0.131886
v 0.880816 0.984340 0.139859
v 0.882832 0.992104 0.134021
v 0.788770 0.981498 0.610736
v 0.787963 1.002710 0.641555
v 0.788366 0.984340 0.626145
v 0.788071 0.992104 0.637426
v 0.784691 0.981498 0.590268
v 0.778549 1.002710 0.594318
v 0.781620 0.984340 0.592296
v 0.779372 0.992104 0.593778
v 0.786435 0.981498 0.607596
v 0.783256 1.002710 0.635226
v 0.784845 0.984340 0.621412
v 0.783682 0.992104 0.631525
v 0.785317 0.981498 0.601987
v 0.779810 1.002710 0.617936
v 0.782564 0.984340 0.609963
v 0.780548 0.992104 0.615801
v 0.878688 0.981498 0.590268
v 0.884830 1.002710 0.594318
v 0.881759 0.984340 0.592296
v 0.884008 0.992104 0.593778
v 0.874609 0.981498 0.610736
v 0.875416 1.002710 0.641555
v 0.875013 0.984340 0.626145
v 0.875309 0.992104 0.637426
v 0.878063 0.981498 0.601987
v 0.883569 1.002710 0.617936
v 0.880816 0.984340 0.609963
v 0.882832 0.992104 0.615801
v 0.876945 0.981498 0.607596
v 0.880123 1.002710 0.635226
v 0.878534 0.984340 0.621412
v 0.879698 0.992104 0.631525
vn -0.0292 0.9961 -0.0828
vn -0.3851 0.9229 -0.0054
vn -0.1592 0.9852 -0.0629
vn -0.3049 0.9519 -0.0307
vn -0.5684 0.1921 -0.8000
vn -0.9985 0.0478 -0.0282
vn -0.9419 0.1038 -0.3196
vn -0.9912 0.0642 -0.1160
vn -0.1650 0.9320 -0.3228
vn -0.8666 0.4986 -0.0176
vn -0.5662 0.7970 -0.2104
vn -0.7953 0.6003 -0.0850
vn -0.4272 0.6410 -0.6376
vn -0.9802 0.1964 -0.0261
vn -0.8681 0.3941 -0.3017
vn -0.9619 0.2504 -0.1099
vn 0.3851 0.9229 -0.0054
vn 0.0292 0.9961 -0.0828
vn 0.3049 0.9519 -0.0307
vn 0.1592 0.9852 -0.0629
vn 0.9985 0.0478 -0.0282
vn 0.5684 0.1921 -0.8000
vn 0.9912 0.0642 -0.1160
vn 0.9419 0.1038 -0.3196
vn 0.8666 0.4986 -0.0176
vn 0.1650 0.9320 -0.3228
vn 0.7953 0.6003 -0.0850
vn 0.5662 0.7970 -0.2104
vn 0.9802 0.1964 -0.0261
vn 0.4272 0.6410 -0.6376
vn 0.9619 0.2504 -0.1099
vn 0.8681 0.3941 -0.3017
vn -0.3851 0.9229 0.0054
vn -0.0292 0.9961 0.0828
vn -0.3049 0.9519 0.0307
vn -0.1592 0.9852 0.0629
vn -0.9985 0.0478 0.0282
vn -0.5684 0.1921 0.8000
vn -0.9912 0.0642 0.1160
vn -0.9419 0.1038 0.3196
vn -0.8666 0.4986 0.0176
vn -0.1650 0.9320 0.3228
vn -0.7953 0.6003 0.0850
vn -0.5662 0.7970 0.2104
vn -0.9802 0.1964 0.0261
vn -0.4272 0.6410 0.6376
vn -0.9619 0.2504 0.1099
vn -0.8681 0.3941 0.3017
vn 0.0292 0.9961 0.0828
vn 0.3851 0.9229 0.0054
vn 0.1592 0.9852 0.0629
vn 0.3049 0.9519 0.0307
vn 0.5684 0.1921 0.8000
vn 0.9985 0.0478 0.0282
vn 0.9419 0.1038 0.3196
vn 0.9912 0.0642 0.1160
vn 0.1650 0.9320 0.3228
vn 0.8666 0.4986 0.0176
vn 0.5662 0.7970 0.2104
vn 0.7953 0.6003 0.0850
vn 0.4272 0.6410 0.6376
vn 0.9802 0.1964 0.0261
vn 0.8681 0.3941 0.3017
vn 0.9619 0.2504 0.1099
vn -0.4358 -0.9000 -0.0114
vn -0.9989 -0.0383 -0.0262
vn -0.8982 -0.4389 -0.0236
vn -0.9862 -0.1635 -0.0259
vn -0.0633 -0.9934 -0.0959
vn -0.5442 -0.1585 -0.8238
vn -0.2421 -0.8984 -0.3664
vn -0.4528 -0.5701 -0.6855
vn -0.4055 -0.9129 -0.0467
vn -0.9925 -0.0442 -0.1142
vn -0.8719 -0.4793 -0.1003
vn -0.9763 -0.1850 -0.1123
vn -0.2475 -0.9651 -0.0854
vn -0.9428 -0.0727 -0.3254
vn -0.7026 -0.6689 -0.2425
vn -0.9028 -0.2963 -0.3116
vn 0.0633 -0.9934 -0.0959
vn 0.5442 -0.1585 -0.8238
vn 0.2421 -0.8984 -0.3664
vn 0.4528 -0.5701 -0.6855
vn 0.4358 -0.9000 -0.0114
vn 0.9989 -0.0383 -0.0262
vn 0.8982 -0.4389 -0.0236
vn 0.9862 -0.1635 -0.0259
vn 0.2475 -0.9651 -0.0854
vn 0.9428 -0.0727 -0.3254
vn 0.7026 -0.6689 -0.2425
vn 0.9028 -0.2963 -0.3116
vn 0.4055 -0.9129 -0.0467
vn 0.9925 -0.0442 -0.1142
vn 0.8719 -0.4793 -0.1003
vn 0.9763 -0.1850 -0.1123
vn -0.0633 -0.9934 0.0959
vn -0.5442 -0.1585 0.8238
vn -0.2421 -0.8984 0.3664
vn -0.4528 -0.5701 0.6855
vn -0.4358 -0.9000 0.0114
vn -0.9989 -0.0383 0.0262
vn -0.8982 -0.4389 0.0236
vn -0.9862 -0.1635 0.0259
vn -0.2475 -0.9651 0.0854
vn -0.9428 -0.0727 0.3254
vn -0.7026 -0.6689 0.2425
vn -0.9028 -0.2963 0.3116
vn -0.4055 -0.9129 0.0467
vn -0.9925 -0.0442 0.1142
vn -0.8719 -0.4793 0.1003
vn -0.9763 -0.1850 0.1123
vn 0.4358 -0.9000 0.0114
vn 0.9989 -0.0383 0.0262
vn 0.8982 -0.4389 0.0236
vn 0.9862 -0.1635 0.0259
vn 0.0633 -0.9934 0.0959
vn 0.5442 -0.1585 0.8238
vn 0.2421 -0.8984 0.3664
vn 0.4528 -0.5701 0.6855
vn 0.4055 -0.9129 0.0467
vn 0.9925 -0.0442 0.1142
vn 0.8719 -0.4793 0.1003
vn 0.9763 -0.1850 0.1123
vn 0.2475 -0.9651 0.0854
vn 0.9428 -0.0727 0.3254
vn 0.7026 -0.6689 0.2425
vn 0.9028 -0.2963 0.3116
vt 0.899773 0.656125
vt 0.915756 0.656125
vt 0.916092 0.657221
vt 0.899437 0.657221
vt 0.901857 0.654055
vt 0.913672 0.654055
vt 0.914864 0.655232
vt 0.900665 0.655232
vt 0.918707 0.636150
vt 0.946703 0.636150
vt 0.946703 0.637047
vt 0.918707 0.637050
vt 0.918707 0.654607
vt 0.946703 0.654613
vt 0.946703 0.655511
vt 0.918707 0.655507
vt 0.898533 0.685217
vt 0.898536 0.657221
vt 0.899430 0.685217
vt 0.899988 0.640371
vt 0.900229 0.639437
vt 0.900922 0.638743
vt 0.901857 0.638502
vt 0.913672 0.638502
vt 0.914607 0.638743
vt 0.915300 0.639437
vt 0.915541 0.640371
vt 0.915541 0.652187
vt 0.915300 0.653121
vt 0.914607 0.653814
vt 0.900922 0.653814
vt 0.900229 0.653121
vt 0.899988 0.652187
vt 0.916717 0.653378
vt 0.916717 0.639179
vt 0.917611 0.638287
vt 0.917611 0.654270
vt 0.915756 0.636433
vt 0.899773 0.636433
vt 0.899437 0.635336
vt 0.916092 0.635336
vt 0.898812 0.653378
vt 0.898812 0.639179
vt 0.914864 0.637326
vt 0.900665 0.637326
vt 0.897918 0.638287
vt 0.897918 0.654270
vt 0.896822 0.654607
vt 0.896822 0.637951
vt 0.918707 0.637951
vt 0.946703 0.656408
vt 0.918707 0.656408
vt 0.915791 0.655043
vt 0.916529 0.654305
vt 0.915791 0.637514
vt 0.916529 0.638253
vt 0.916667 0.655985
vt 0.917471 0.655182
vt 0.916667 0.636572
vt 0.917471 0.637376
vt 0.917578 0.656125
vt 0.917808 0.656924
vt 0.918409 0.656322
vt 0.917611 0.656093
vt 0.917542 0.655182
vt 0.918639 0.655507
vt 0.917808 0.635634
vt 0.917578 0.636433
vt 0.917611 0.636465
vt 0.918409 0.636235
vt 0.918639 0.637050
vt 0.917542 0.637376
vt 0.899000 0.638253
vt 0.899738 0.637514
vt 0.898058 0.637376
vt 0.898862 0.636572
vt 0.897120 0.636235
vt 0.897918 0.636465
vt 0.897951 0.636433
vt 0.897721 0.635634
vt 0.898536 0.635404
vt 0.898862 0.636501
vt 0.899738 0.655043
vt 0.899000 0.654305
vt 0.898862 0.655985
vt 0.898058 0.655182
vt 0.898536 0.657153
vt 0.898862 0.656056
vt 0.897721 0.656924
vt 0.897951 0.656125
vt 0.897918 0.656093
vt 0.897120 0.656322
vt 0.868826 0.637944
vt 0.868826 0.654613
vt 0.898536 0.635336
vt 0.898533 0.607341
vt 0.899430 0.607341
vt 0.897635 0.685217
vt 0.897635 0.657221
vt 0.946703 0.637944
vt 0.916099 0.685217
vt 0.916099 0.607341
vt 0.896822 0.656408
vt 0.868826 0.656408
vt 0.917894 0.607341
vt 0.917894 0.635336
vt 0.897635 0.635336
vt 0.897635 0.607341
vt 0.868826 0.637944
vt 0.868826 0.636150
vt 0.896822 0.636150
vt 0.917894 0.657221
vt 0.917894 0.685217
vt 0.898925 0.587427
vt 0.898806 0.587872
vt 0.898221 0.587795
vt 0.898401 0.587124
vt 0.897641 0.587698
vt 0.897865 0.586861
vt 0.867668 0.656327
vt 0.867668 0.654653
vt 0.899138 0.587214
vt 0.898835 0.586689
vt 0.897905 0.586791
vt 0.898503 0.586194
vt 0.898492 0.686375
vt 0.897676 0.686375
vt 0.899584 0.587094
vt 0.899507 0.586509
vt 0.898573 0.586153
vt 0.899410 0.585929
vt 0.899410 0.686375
vt 0.898573 0.686375
vt 0.916723 0.587872
vt 0.916604 0.587427
vt 0.917128 0.587124
vt 0.917308 0.587795
vt 0.917664 0.586861
vt 0.917888 0.587698
vt 0.947861 0.654634
vt 0.947861 0.655470
vt 0.916391 0.587214
vt 0.916694 0.586689
vt 0.917026 0.586194
vt 0.917624 0.586791
vt 0.947861 0.655551
vt 0.947861 0.656367
vt 0.915945 0.587094
vt 0.916022 0.586509
vt 0.916119 0.585929
vt 0.916956 0.586153
vt 0.917812 0.686375
vt 0.916139 0.686375
vt 0.915945 0.605011
vt 0.916391 0.604892
vt 0.916694 0.605417
vt 0.916022 0.605597
vt 0.916956 0.605953
vt 0.916119 0.606177
vt 0.916139 0.606182
vt 0.917812 0.606182
vt 0.916604 0.604679
vt 0.917128 0.604982
vt 0.917624 0.605315
vt 0.917026 0.605912
vt 0.947861 0.636190
vt 0.947861 0.637006
vt 0.916723 0.604234
vt 0.917308 0.604311
vt 0.917888 0.604408
vt 0.917664 0.605244
vt 0.947861 0.637087
vt 0.947861 0.637924
vt 0.898806 0.604234
vt 0.898925 0.604679
vt 0.898401 0.604982
vt 0.898221 0.604311
vt 0.897865 0.605244
vt 0.897641 0.604408
vt 0.867668 0.637904
vt 0.867668 0.636231
vt 0.899138 0.604892
vt 0.898835 0.605417
vt 0.898503 0.605912
vt 0.897905 0.605315
vt 0.897676 0.606182
vt 0.898492 0.606182
vt 0.899584 0.605011
vt 0.899507 0.605597
vt 0.899430 0.606761
vt 0.898573 0.606761
vt 0.947861 0.637964
vt 0.947861 0.654593
vt 0.917894 0.587739
vt 0.917894 0.604367
vt 0.916079 0.606761
vt 0.867668 0.654593
vt 0.867668 0.637965
vt 0.897635 0.604367
vt 0.897635 0.587739
vt 0.916079 0.686375
vt 0.899450 0.686375
vt 0.899450 0.585924
vt 0.916079 0.585924
s 1
f 1453/2207/1453 1422/2208/1422 1414/2209/1414 1445/2210/1445
f 1441/2211/1441 1410/2212/1410 1418/2213/1418 1449/2214/1449
f 1431/2215/1431 1502/2216/1502 1498/2217/1498 1432/2218/1432
f 1413/2219/1413 1478/2220/1478 1486/2221/1486 1415/2222/1415
f 1518/2223/1518 1447/2224/1447 1445/2210/1445 1510/2225/1510
f 1457/2226/1457 1459/2227/1459 1460/2228/1460 1458/2229/1458 1425/2230/1425 1427/2231/1427 1428/2232/1428 1426/2233/1426 1409/2234/1409 1411/2235/1411 1412/2236/1412 1410/2212/1410 1441/2211/1441 1443/2237/1443 1444/2238/1444 1442/2239/1442
f 1449/2214/1449 1418/2213/1418 1422/2208/1422 1453/2207/1453
f 1417/2240/1417 1434/2241/1434 1438/2242/1438 1421/2243/1421
f 1437/2244/1437 1470/2245/1470 1462/2246/1462 1429/2247/1429
f 1457/2226/1457 1442/2239/1442 1450/2248/1450 1465/2249/1465
f 1433/2250/1433 1466/2251/1466 1470/2245/1470 1437/2244/1437
f 1469/2252/1469 1454/2253/1454 1446/2254/1446 1461/2255/1461
f 1465/2249/1465 1450/2248/1450 1454/2253/1454 1469/2252/1469
f 1409/2234/1409 1426/2233/1426 1434/2241/1434 1417/2240/1417
f 1425/2230/1425 1458/2229/1458 1466/2251/1466 1433/2250/1433
f 1421/2243/1421 1438/2242/1438 1430/2256/1430 1413/2219/1413
f 1415/2222/1415 1486/2221/1486 1482/2257/1482 1416/2258/1416
f 1418/2213/1418 1410/2212/1410 1412/2236/1412 1420/2259/1420
f 1420/2259/1420 1412/2236/1412 1411/2235/1411 1419/2260/1419
f 1419/2260/1419 1411/2235/1411 1409/2234/1409 1417/2240/1417
f 1425/2230/1425 1433/2250/1433 1435/2261/1435 1427/2231/1427
f 1427/2231/1427 1435/2261/1435 1436/2262/1436 1428/2232/1428
f 1428/2232/1428 1436/2262/1436 1434/2241/1434 1426/2233/1426
f 1422/2208/1422 1418/2213/1418 1420/2259/1420 1424/2263/1424
f 1424/2263/1424 1420/2259/1420 1419/2260/1419 1423/2264/1423
f 1423/2264/1423 1419/2260/1419 1417/2240/1417 1421/2243/1421
f 1433/2250/1433 1437/2244/1437 1439/2265/1439 1435/2261/1435
f 1435/2261/1435 1439/2265/1439 1440/2266/1440 1436/2262/1436
f 1436/2262/1436 1440/2266/1440 1438/2242/1438 1434/2241/1434
f 1414/2209/1414 1422/2208/1422 1424/2267/1424 1416/2268/1416
f 1416/2269/1416 1424/2270/1424 1423/2271/1423 1415/2272/1415
f 1415/2272/1415 1423/2271/1423 1421/2243/1421 1413/2219/1413
f 1437/2244/1437 1429/2247/1429 1431/2273/1431 1439/2274/1439
f 1439/2275/1439 1431/2276/1431 1432/2277/1432 1440/2278/1440
f 1440/2278/1440 1432/2277/1432 1430/2256/1430 1438/2242/1438
f 1457/2226/1457 1465/2249/1465 1467/2279/1467 1459/2227/1459
f 1459/2227/1459 1467/2279/1467 1468/2280/1468 1460/2228/1460
f 1460/2228/1460 1468/2280/1468 1466/2251/1466 1458/2229/1458
f 1465/2249/1465 1469/2252/1469 1471/2281/1471 1467/2279/1467
f 1467/2279/1467 1471/2281/1471 1472/2282/1472 1468/2280/1468
f 1468/2280/1468 1472/2282/1472 1470/2245/1470 1466/2251/1466
f 1469/2252/1469 1461/2255/1461 1463/2283/1463 1471/2284/1471
f 1471/2285/1471 1463/2286/1463 1464/2287/1464 1472/2288/1472
f 1472/2288/1472 1464/2287/1464 1462/2246/1462 1470/2245/1470
f 1441/2211/1441 1449/2214/1449 1451/2289/1451 1443/2237/1443
f 1443/2237/1443 1451/2289/1451 1452/2290/1452 1444/2238/1444
f 1444/2238/1444 1452/2290/1452 1450/2248/1450 1442/2239/1442
f 1449/2214/1449 1453/2207/1453 1455/2291/1455 1451/2289/1451
f 1451/2289/1451 1455/2291/1455 1456/2292/1456 1452/2290/1452
f 1452/2290/1452 1456/2292/1456 1454/2253/1454 1450/2248/1450
f 1453/2207/1453 1445/2210/1445 1447/2293/1447 1455/2294/1455
f 1455/2294/1455 1447/2293/1447 1448/2295/1448 1456/2296/1456
f 1456/2297/1456 1448/2298/1448 1446/2254/1446 1454/2253/1454
f 1526/2299/1526 1461/2255/1461 1446/2254/1446 1506/2300/1506
f 1464/2301/1464 1530/2302/1530 1522/2303/1522 1462/2246/1462
f 1514/2304/1514 1448/2305/1448 1447/2224/1447 1518/2223/1518
f 1478/2220/1478 1413/2219/1413 1430/2256/1430 1490/2306/1490
f 1432/2218/1432 1498/2217/1498 1490/2306/1490 1430/2256/1430
f 1510/2225/1510 1445/2210/1445 1414/2209/1414 1474/2307/1474
f 1494/2308/1494 1429/2247/1429 1462/2246/1462 1522/2303/1522
f 1506/2300/1506 1446/2254/1446 1448/2309/1448 1514/2310/1514
f 1429/2247/1429 1494/2308/1494 1502/2311/1502 1431/2312/1431
f 1463/2313/1463 1534/2314/1534 1530/2302/1530 1464/2301/1464
f 1461/2255/1461 1526/2315/1526 1534/2316/1534 1463/2317/1463
f 1416/2318/1416 1482/2319/1482 1474/2307/1474 1414/2209/1414
f 1513/2320/1513 1505/2321/1505 1507/2322/1507 1515/2323/1515
f 1515/2323/1515 1507/2322/1507 1508/2324/1508 1516/2325/1516
f 1516/2326/1516 1508/2327/1508 1506/2300/1506 1514/2310/1514
f 1517/2328/1517 1513/2320/1513 1515/2323/1515 1519/2329/1519
f 1519/2329/1519 1515/2323/1515 1516/2330/1516 1520/2331/1520
f 1520/2332/1520 1516/2333/1516 1514/2304/1514 1518/2223/1518
f 1509/2334/1509 1517/2328/1517 1519/2329/1519 1511/2335/1511
f 1511/2335/1511 1519/2329/1519 1520/2336/1520 1512/2337/1512
f 1512/2338/1512 1520/2339/1520 1518/2223/1518 1510/2225/1510
f 1477/2340/1477 1485/2341/1485 1487/2342/1487 1479/2343/1479
f 1479/2343/1479 1487/2342/1487 1488/2344/1488 1480/2345/1480
f 1480/2346/1480 1488/2347/1488 1486/2221/1486 1478/2220/1478
f 1485/2341/1485 1481/2348/1481 1483/2349/1483 1487/2342/1487
f 1487/2342/1487 1483/2349/1483 1484/2350/1484 1488/2351/1488
f 1488/2352/1488 1484/2353/1484 1482/2257/1482 1486/2221/1486
f 1481/2348/1481 1473/2354/1473 1475/2355/1475 1483/2349/1483
f 1483/2349/1483 1475/2355/1475 1476/2356/1476 1484/2357/1484
f 1484/2358/1484 1476/2359/1476 1474/2307/1474 1482/2319/1482
f 1493/2360/1493 1501/2361/1501 1503/2362/1503 1495/2363/1495
f 1495/2363/1495 1503/2362/1503 1504/2364/1504 1496/2365/1496
f 1496/2366/1496 1504/2367/1504 1502/2311/1502 1494/2308/1494
f 1501/2361/1501 1497/2368/1497 1499/2369/1499 1503/2362/1503
f 1503/2362/1503 1499/2369/1499 1500/2370/1500 1504/2371/1504
f 1504/2372/1504 1500/2373/1500 1498/2217/1498 1502/2216/1502
f 1497/2368/1497 1489/2374/1489 1491/2375/1491 1499/2369/1499
f 1499/2369/1499 1491/2375/1491 1492/2376/1492 1500/2377/1500
f 1500/2378/1500 1492/2379/1492 1490/2306/1490 1498/2217/1498
f 1525/2380/1525 1533/2381/1533 1535/2382/1535 1527/2383/1527
f 1527/2383/1527 1535/2382/1535 1536/2384/1536 1528/2385/1528
f 1528/2386/1528 1536/2387/1536 1534/2316/1534 1526/2315/1526
f 1533/2381/1533 1529/2388/1529 1531/2389/1531 1535/2382/1535
f 1535/2382/1535 1531/2389/1531 1532/2390/1532 1536/2391/1536
f 1536/2392/1536 1532/2393/1532 1530/2302/1530 1534/2314/1534
f 1529/2388/1529 1521/2394/1521 1523/2395/1523 1531/2389/1531
f 1531/2389/1531 1523/2395/1523 1524/2396/1524 1532/2397/1532
f 1532/2397/1532 1524/2396/1524 1522/2303/1522 1530/2302/1530
f 1478/2220/1478 1490/2306/1490 1492/2398/1492 1480/2399/1480
f 1480/2400/1480 1492/2401/1492 1491/2375/1491 1479/2343/1479
f 1479/2343/1479 1491/2375/1491 1489/2374/1489 1477/2340/1477
f 1494/2308/1494 1522/2303/1522 1524/2396/1524 1496/2402/1496
f 1496/2402/1496 1524/2396/1524 1523/2395/1523 1495/2363/1495
f 1495/2363/1495 1523/2395/1523 1521/2394/1521 1493/2360/1493
f 1526/2299/1526 1506/2300/1506 1508/2403/1508 1528/2404/1528
f 1528/2405/1528 1508/2406/1508 1507/2322/1507 1527/2383/1527
f 1527/2383/1527 1507/2322/1507 1505/2321/1505 1525/2380/1525
f 1510/2225/1510 1474/2307/1474 1476/2407/1476 1512/2408/1512
f 1512/2409/1512 1476/2410/1476 1475/2355/1475 1511/2335/1511
f 1511/2335/1511 1475/2355/1475 1473/2354/1473 1509/2334/1509
f 1489/2374/1489 1497/2368/1497 1501/2361/1501 1493/2360/1493 1521/2394/1521 1529/2388/1529 1533/2381/1533 1525/2380/1525 1505/2321/1505 1513/2320/1513 1517/2328/1517 1509/2334/1509 1473/2354/1473 1481/2348/1481 1485/2341/1485 1477/2340/1477
o Building.014
v -0.867564 2.296162 -0.514578
v -0.877367 2.296162 -0.465389
v -0.872466 2.296162 -0.507988
v -0.876054 2.296162 -0.489983
v -0.880260 2.257674 -0.576511
v -0.889710 2.257674 -0.529090
v -0.884985 2.257674 -0.570158
v -0.888444 2.257674 -0.552800
v -0.873816 2.291005 -0.545544
v -0.883539 2.291005 -0.496756
v -0.878677 2.291005 -0.539008
v -0.882236 2.291005 -0.521150
v -0.878496 2.276918 -0.568213
v -0.888057 2.276918 -0.520241
v -0.883276 2.276918 -0.561786
v -0.886776 2.276918 -0.544227
v -0.795772 2.296162 -0.465389
v -0.805575 2.296162 -0.514578
v -0.797085 2.296162 -0.489983
v -0.800674 2.296162 -0.507988
v -0.783429 2.257674 -0.529090
v -0.792880 2.257674 -0.576511
v -0.784695 2.257674 -0.552800
v -0.788154 2.257674 -0.570158
v -0.789601 2.291005 -0.496756
v -0.799324 2.291005 -0.545544
v -0.790903 2.291005 -0.521150
v -0.794462 2.291005 -0.539008
v -0.785083 2.276918 -0.520241
v -0.794643 2.276918 -0.568213
v -0.786364 2.276918 -0.544227
v -0.789863 2.276918 -0.561786
v -0.877367 2.296162 -0.154345
v -0.867564 2.296162 -0.105156
v -0.876054 2.296162 -0.129750
v -0.872466 2.296162 -0.111746
v -0.889710 2.257674 -0.090644
v -0.880260 2.257674 -0.043223
v -0.888444 2.257674 -0.066933
v -0.884985 2.257674 -0.049576
v -0.883539 2.291005 -0.122978
v -0.873816 2.291005 -0.074190
v -0.882236 2.291005 -0.098584
v -0.878677 2.291005 -0.080726
v -0.888057 2.276918 -0.099493
v -0.878496 2.276918 -0.051521
v -0.886776 2.276918 -0.075507
v -0.883276 2.276918 -0.057948
v -0.805575 2.296162 -0.105156
v -0.795772 2.296162 -0.154345
v -0.800674 2.296162 -0.111746
v -0.797085 2.296162 -0.129750
v -0.792880 2.257674 -0.043223
v -0.783429 2.257674 -0.090644
v -0.788154 2.257674 -0.049576
v -0.784695 2.257674 -0.066933
v -0.799324 2.291005 -0.074190
v -0.789601 2.291005 -0.122978
v -0.794462 2.291005 -0.080726
v -0.790903 2.291005 -0.098584
v -0.794643 2.276918 -0.051521
v -0.785083 2.276918 -0.099493
v -0.789863 2.276918 -0.057948
v -0.786364 2.276918 -0.075507
v -0.883568 1.723899 -0.525224
v -0.889710 1.745111 -0.529273
v -0.886639 1.726741 -0.527251
v -0.888887 1.734505 -0.528734
v -0.879489 1.723899 -0.545692
v -0.880296 1.745111 -0.576511
v -0.879893 1.726741 -0.561101
v -0.880189 1.734505 -0.572382
v -0.882942 1.723899 -0.536943
v -0.888449 1.745111 -0.552892
v -0.885696 1.726741 -0.544919
v -0.887711 1.734505 -0.550757
v -0.881825 1.723899 -0.542552
v -0.885003 1.745111 -0.570182
v -0.883414 1.726741 -0.556367
v -0.884578 1.734505 -0.566481
v -0.793650 1.723899 -0.545692
v -0.792843 1.745111 -0.576511
v -0.793246 1.726741 -0.561101
v -0.792951 1.734505 -0.572382
v -0.789571 1.723899 -0.525224
v -0.783429 1.745111 -0.529273
v -0.786500 1.726741 -0.527251
v -0.784252 1.734505 -0.528734
v -0.791315 1.723899 -0.542552
v -0.788136 1.745111 -0.570182
v -0.789725 1.726741 -0.556367
v -0.788562 1.734505 -0.566481
v -0.790197 1.723899 -0.536943
v -0.784690 1.745111 -0.552892
v -0.787444 1.726741 -0.544919
v -0.785428 1.734505 -0.550757
v -0.879489 1.723899 -0.074042
v -0.880296 1.745111 -0.043223
v -0.879893 1.726741 -0.058632
v -0.880189 1.734505 -0.047352
v -0.883568 1.723899 -0.094510
v -0.889710 1.745111 -0.090460
v -0.886639 1.726741 -0.092482
v -0.888887 1.734505 -0.091000
v -0.881825 1.723899 -0.077182
v -0.885003 1.745111 -0.049552
v -0.883414 1.726741 -0.063366
v -0.884578 1.734505 -0.053253
v -0.882942 1.723899 -0.082791
v -0.888449 1.745111 -0.066842
v -0.885696 1.726741 -0.074815
v -0.887711 1.734505 -0.068977
v -0.789571 1.723899 -0.094510
v -0.783429 1.745111 -0.090460
v -0.786500 1.726741 -0.092482
v -0.784252 1.734505 -0.091000
v -0.793650 1.723899 -0.074042
v -0.792843 1.745111 -0.043223
v -0.793246 1.726741 -0.058632
v -0.792951 1.734505 -0.047352
v -0.790197 1.723899 -0.082791
v -0.784690 1.745111 -0.066842
v -0.787444 1.726741 -0.074815
v -0.785428 1.734505 -0.068977
v -0.791315 1.723899 -0.077182
v -0.788136 1.745111 -0.049552
v -0.789725 1.726741 -0.063366
v -0.788562 1.734505 -0.053253
vn -0.0292 0.9961 -0.0828
vn -0.3851 0.9229 -0.0054
vn -0.1592 0.9852 -0.0629
vn -0.3049 0.9519 -0.0307
vn -0.5684 0.1921 -0.8000
vn -0.9985 0.0478 -0.0282
vn -0.9419 0.1038 -0.3196
vn -0.9912 0.0642 -0.1160
vn -0.1650 0.9320 -0.3228
vn -0.8666 0.4986 -0.0176
vn -0.5662 0.7970 -0.2104
vn -0.7953 0.6003 -0.0850
vn -0.4272 0.6410 -0.6376
vn -0.9802 0.1964 -0.0261
vn -0.8681 0.3941 -0.3017
vn -0.9619 0.2504 -0.1099
vn 0.3851 0.9229 -0.0054
vn 0.0292 0.9961 -0.0828
vn 0.3049 0.9519 -0.0307
vn 0.1592 0.9852 -0.0629
vn 0.9985 0.0478 -0.0282
vn 0.5684 0.1921 -0.8000
vn 0.9912 0.0642 -0.1160
vn 0.9419 0.1038 -0.3196
vn 0.8666 0.4986 -0.0176
vn 0.1650 0.9320 -0.3228
vn 0.7953 0.6003 -0.0850
vn 0.5662 0.7970 -0.2104
vn 0.9802 0.1964 -0.0261
vn 0.4272 0.6410 -0.6376
vn 0.9619 0.2504 -0.1099
vn 0.8681 0.3941 -0.3017
vn -0.3851 0.9229 0.0054
vn -0.0292 0.9961 0.0828
vn -0.3049 0.9519 0.0307
vn -0.1592 0.9852 0.0629
vn -0.9985 0.0478 0.0282
vn -0.5684 0.1921 0.8000
vn -0.9912 0.0642 0.1160
vn -0.9419 0.1038 0.3196
vn -0.8666 0.4986 0.0176
vn -0.1650 0.9320 0.3228
vn -0.7953 0.6003 0.0850
vn -0.5662 0.7970 0.2104
vn -0.9802 0.1964 0.0261
vn -0.4272 0.6410 0.6376
vn -0.9619 0.2504 0.1099
vn -0.8681 0.3941 0.3017
vn 0.0292 0.9961 0.0828
vn 0.3851 0.9229 0.0054
vn 0.1592 0.9852 0.0629
vn 0.3049 0.9519 0.0307
vn 0.5684 0.1921 0.8000
vn 0.9985 0.0478 0.0282
vn 0.9419 0.1038 0.3196
vn 0.9912 0.0642 0.1160
vn 0.1650 0.9320 0.3228
vn 0.8666 0.4986 0.0176
vn 0.5662 0.7970 0.2104
vn 0.7953 0.6003 0.0850
vn 0.4272 0.6410 0.6376
vn 0.9802 0.1964 0.0261
vn 0.8681 0.3941 0.3017
vn 0.9619 0.2504 0.1099
vn -0.4358 -0.9000 -0.0114
vn -0.9989 -0.0383 -0.0262
vn -0.8982 -0.4389 -0.0236
vn -0.9862 -0.1635 -0.0259
vn -0.0633 -0.9934 -0.0959
vn -0.5442 -0.1585 -0.8238
vn -0.2421 -0.8984 -0.3664
vn -0.4528 -0.5701 -0.6855
vn -0.4055 -0.9129 -0.0467
vn -0.9925 -0.0442 -0.1142
vn -0.8719 -0.4793 -0.1003
vn -0.9763 -0.1850 -0.1123
vn -0.2475 -0.9651 -0.0854
vn -0.9428 -0.0727 -0.3254
vn -0.7026 -0.6689 -0.2425
vn -0.9028 -0.2963 -0.3116
vn 0.0633 -0.9934 -0.0959
vn 0.5442 -0.1585 -0.8238
vn 0.2421 -0.8984 -0.3664
vn 0.4528 -0.5701 -0.6855
vn 0.4358 -0.9000 -0.0114
vn 0.9989 -0.0383 -0.0262
vn 0.8982 -0.4389 -0.0236
vn 0.9862 -0.1635 -0.0259
vn 0.2475 -0.9651 -0.0854
vn 0.9428 -0.0727 -0.3254
vn 0.7026 -0.6689 -0.2425
vn 0.9028 -0.2963 -0.3116
vn 0.4055 -0.9129 -0.0467
vn 0.9925 -0.0442 -0.1142
vn 0.8719 -0.4793 -0.1003
vn 0.9763 -0.1850 -0.1123
vn -0.0633 -0.9934 0.0959
vn -0.5442 -0.1585 0.8238
vn -0.2421 -0.8984 0.3664
vn -0.4528 -0.5701 0.6855
vn -0.4358 -0.9000 0.0114
vn -0.9989 -0.0383 0.0262
vn -0.8982 -0.4389 0.0236
vn -0.9862 -0.1635 0.0259
vn -0.2475 -0.9651 0.0854
vn -0.9428 -0.0727 0.3254
vn -0.7026 -0.6689 0.2425
vn -0.9028 -0.2963 0.3116
vn -0.4055 -0.9129 0.0467
vn -0.9925 -0.0442 0.1142
vn -0.8719 -0.4793 0.1003
vn -0.9763 -0.1850 0.1123
vn 0.4358 -0.9000 0.0114
vn 0.9989 -0.0383 0.0262
vn 0.8982 -0.4389 0.0236
vn 0.9862 -0.1635 0.0259
vn 0.0633 -0.9934 0.0959
vn 0.5442 -0.1585 0.8238
vn 0.2421 -0.8984 0.3664
vn 0.4528 -0.5701 0.6855
vn 0.4055 -0.9129 0.0467
vn 0.9925 -0.0442 0.1142
vn 0.8719 -0.4793 0.1003
vn 0.9763 -0.1850 0.1123
vn 0.2475 -0.9651 0.0854
vn 0.9428 -0.0727 0.3254
vn 0.7026 -0.6689 0.2425
vn 0.9028 -0.2963 0.3116
vt 0.869055 0.675900
vt 0.893843 0.675900
vt 0.894364 0.677600
vt 0.868534 0.677600
vt 0.872287 0.672690
vt 0.890611 0.672690
vt 0.892459 0.674515
vt 0.870439 0.674515
vt 0.898419 0.644921
vt 0.941836 0.644921
vt 0.941836 0.646313
vt 0.898419 0.646318
vt 0.898419 0.673545
vt 0.941836 0.673556
vt 0.941836 0.674948
vt 0.898419 0.674942
vt 0.867132 0.721018
vt 0.867137 0.677600
vt 0.868523 0.721018
vt 0.869389 0.651468
vt 0.869763 0.650019
vt 0.870838 0.648944
vt 0.872287 0.648570
vt 0.890611 0.648570
vt 0.892060 0.648944
vt 0.893135 0.650019
vt 0.893509 0.651468
vt 0.893509 0.669793
vt 0.893135 0.671242
vt 0.892060 0.672316
vt 0.870838 0.672316
vt 0.869763 0.671242
vt 0.869389 0.669793
vt 0.895334 0.671641
vt 0.895334 0.649620
vt 0.896719 0.648236
vt 0.896719 0.673024
vt 0.893843 0.645360
vt 0.869055 0.645360
vt 0.868534 0.643660
vt 0.894364 0.643660
vt 0.867564 0.671641
vt 0.867564 0.649620
vt 0.892459 0.646746
vt 0.870439 0.646746
vt 0.866179 0.648236
vt 0.866179 0.673024
vt 0.864479 0.673545
vt 0.864479 0.647715
vt 0.898419 0.647715
vt 0.941836 0.674948
vt 0.941836 0.676339
vt 0.898419 0.676339
vt 0.893896 0.674223
vt 0.895042 0.673078
vt 0.893896 0.647038
vt 0.895042 0.648183
vt 0.895256 0.675684
vt 0.896502 0.674437
vt 0.895256 0.645577
vt 0.896502 0.646823
vt 0.896669 0.675900
vt 0.897025 0.677139
vt 0.897958 0.676206
vt 0.896719 0.675850
vt 0.896612 0.674437
vt 0.898314 0.674942
vt 0.897025 0.644122
vt 0.896669 0.645360
vt 0.896719 0.645410
vt 0.897958 0.645054
vt 0.898314 0.646318
vt 0.896612 0.646823
vt 0.867856 0.648183
vt 0.869002 0.647038
vt 0.866396 0.646823
vt 0.867642 0.645577
vt 0.864940 0.645054
vt 0.866179 0.645410
vt 0.866229 0.645360
vt 0.865873 0.644121
vt 0.867137 0.643766
vt 0.867642 0.645467
vt 0.869002 0.674223
vt 0.867856 0.673078
vt 0.867642 0.675684
vt 0.866396 0.674437
vt 0.867137 0.677495
vt 0.867642 0.675793
vt 0.865873 0.677139
vt 0.866229 0.675900
vt 0.866179 0.675850
vt 0.864940 0.676206
vt 0.821062 0.647704
vt 0.821062 0.673556
vt 0.867137 0.643660
vt 0.867132 0.600243
vt 0.868523 0.600243
vt 0.865740 0.721018
vt 0.865740 0.677600
vt 0.941836 0.673556
vt 0.941836 0.647704
vt 0.868523 0.721018
vt 0.894375 0.721018
vt 0.894375 0.600243
vt 0.864479 0.676339
vt 0.821062 0.676339
vt 0.897158 0.600243
vt 0.897158 0.643660
vt 0.865740 0.643660
vt 0.865740 0.600243
vt 0.821062 0.644921
vt 0.864479 0.644921
vt 0.897158 0.677600
vt 0.897158 0.721018
vt 0.867741 0.569359
vt 0.867556 0.570050
vt 0.866648 0.569930
vt 0.866927 0.568890
vt 0.865748 0.569780
vt 0.866096 0.568483
vt 0.819265 0.676213
vt 0.819265 0.673618
vt 0.868071 0.569029
vt 0.867601 0.568215
vt 0.866159 0.568374
vt 0.867085 0.567447
vt 0.867069 0.722814
vt 0.865803 0.722814
vt 0.868762 0.568844
vt 0.868642 0.567936
vt 0.867194 0.567384
vt 0.868492 0.567037
vt 0.868492 0.722814
vt 0.867194 0.722814
vt 0.895342 0.570050
vt 0.895157 0.569359
vt 0.895971 0.568890
vt 0.896250 0.569930
vt 0.896802 0.568483
vt 0.897150 0.569780
vt 0.943633 0.673587
vt 0.943633 0.674885
vt 0.894827 0.569029
vt 0.895297 0.568215
vt 0.895813 0.567447
vt 0.896739 0.568374
vt 0.943633 0.675011
vt 0.943633 0.676276
vt 0.894136 0.568844
vt 0.894256 0.567936
vt 0.894406 0.567037
vt 0.895704 0.567384
vt 0.897032 0.722814
vt 0.894437 0.722814
vt 0.894136 0.596630
vt 0.894827 0.596445
vt 0.895297 0.597259
vt 0.894256 0.597538
vt 0.895704 0.598090
vt 0.894406 0.598438
vt 0.894437 0.598446
vt 0.897032 0.598446
vt 0.895157 0.596115
vt 0.895971 0.596585
vt 0.896739 0.597101
vt 0.895813 0.598027
vt 0.943633 0.644984
vt 0.943633 0.646250
vt 0.895342 0.595425
vt 0.896250 0.595544
vt 0.897150 0.595694
vt 0.896802 0.596992
vt 0.943633 0.646376
vt 0.943633 0.647673
vt 0.867556 0.595425
vt 0.867741 0.596115
vt 0.866927 0.596585
vt 0.866648 0.595544
vt 0.866096 0.596992
vt 0.865748 0.595694
vt 0.819265 0.647642
vt 0.819265 0.645048
vt 0.868071 0.596445
vt 0.867601 0.597259
vt 0.867085 0.598027
vt 0.866159 0.597101
vt 0.865803 0.598446
vt 0.867069 0.598446
vt 0.868762 0.596630
vt 0.868642 0.597538
vt 0.868523 0.599344
vt 0.867194 0.599344
vt 0.943633 0.647736
vt 0.943633 0.673524
vt 0.897158 0.569843
vt 0.897158 0.595631
vt 0.894343 0.599344
vt 0.819265 0.673524
vt 0.819265 0.647736
vt 0.865740 0.595631
vt 0.865740 0.569843
vt 0.894343 0.722814
vt 0.868555 0.722814
vt 0.868555 0.567028
vt 0.894343 0.567028
s 1
f 1581/2411/1581 1550/2412/1550 1542/2413/1542 1573/2414/1573
f 1569/2415/1569 1538/2416/1538 1546/2417/1546 1577/2418/1577
f 1559/2419/1559 1630/2420/1630 1626/2421/1626 1560/2422/1560
f 1541/2423/1541 1606/2424/1606 1614/2425/1614 1543/2426/1543
f 1646/2427/1646 1575/2428/1575 1573/2414/1573 1638/2429/1638
f 1585/2430/1585 1587/2431/1587 1588/2432/1588 1586/2433/1586 1553/2434/1553 1555/2435/1555 1556/2436/1556 1554/2437/1554 1537/2438/1537 1539/2439/1539 1540/2440/1540 1538/2416/1538 1569/2415/1569 1571/2441/1571 1572/2442/1572 1570/2443/1570
f 1577/2418/1577 1546/2417/1546 1550/2412/1550 1581/2411/1581
f 1545/2444/1545 1562/2445/1562 1566/2446/1566 1549/2447/1549
f 1565/2448/1565 1598/2449/1598 1590/2450/1590 1557/2451/1557
f 1585/2430/1585 1570/2443/1570 1578/2452/1578 1593/2453/1593
f 1561/2454/1561 1594/2455/1594 1598/2449/1598 1565/2448/1565
f 1597/2456/1597 1582/2457/1582 1574/2458/1574 1589/2459/1589
f 1593/2453/1593 1578/2452/1578 1582/2457/1582 1597/2456/1597
f 1537/2438/1537 1554/2437/1554 1562/2445/1562 1545/2444/1545
f 1553/2434/1553 1586/2433/1586 1594/2455/1594 1561/2454/1561
f 1549/2447/1549 1566/2446/1566 1558/2460/1558 1541/2423/1541
f 1543/2426/1543 1614/2461/1614 1610/2462/1610 1544/2463/1544
f 1546/2417/1546 1538/2416/1538 1540/2440/1540 1548/2464/1548
f 1548/2464/1548 1540/2440/1540 1539/2439/1539 1547/2465/1547
f 1547/2465/1547 1539/2439/1539 1537/2438/1537 1545/2444/1545
f 1553/2434/1553 1561/2454/1561 1563/2466/1563 1555/2435/1555
f 1555/2435/1555 1563/2466/1563 1564/2467/1564 1556/2436/1556
f 1556/2436/1556 1564/2467/1564 1562/2445/1562 1554/2437/1554
f 1550/2412/1550 1546/2417/1546 1548/2464/1548 1552/2468/1552
f 1552/2468/1552 1548/2464/1548 1547/2465/1547 1551/2469/1551
f 1551/2469/1551 1547/2465/1547 1545/2444/1545 1549/2447/1549
f 1561/2454/1561 1565/2448/1565 1567/2470/1567 1563/2466/1563
f 1563/2466/1563 1567/2470/1567 1568/2471/1568 1564/2467/1564
f 1564/2467/1564 1568/2471/1568 1566/2446/1566 1562/2445/1562
f 1542/2413/1542 1550/2412/1550 1552/2472/1552 1544/2473/1544
f 1544/2474/1544 1552/2475/1552 1551/2476/1551 1543/2477/1543
f 1543/2477/1543 1551/2476/1551 1549/2447/1549 1541/2423/1541
f 1565/2448/1565 1557/2451/1557 1559/2478/1559 1567/2479/1567
f 1567/2480/1567 1559/2481/1559 1560/2482/1560 1568/2483/1568
f 1568/2483/1568 1560/2482/1560 1558/2460/1558 1566/2446/1566
f 1585/2430/1585 1593/2453/1593 1595/2484/1595 1587/2431/1587
f 1587/2431/1587 1595/2484/1595 1596/2485/1596 1588/2432/1588
f 1588/2432/1588 1596/2485/1596 1594/2455/1594 1586/2433/1586
f 1593/2453/1593 1597/2456/1597 1599/2486/1599 1595/2484/1595
f 1595/2484/1595 1599/2486/1599 1600/2487/1600 1596/2485/1596
f 1596/2485/1596 1600/2487/1600 1598/2449/1598 1594/2455/1594
f 1597/2456/1597 1589/2459/1589 1591/2488/1591 1599/2489/1599
f 1599/2490/1599 1591/2491/1591 1592/2492/1592 1600/2493/1600
f 1600/2493/1600 1592/2492/1592 1590/2450/1590 1598/2449/1598
f 1569/2415/1569 1577/2418/1577 1579/2494/1579 1571/2441/1571
f 1571/2441/1571 1579/2494/1579 1580/2495/1580 1572/2442/1572
f 1572/2442/1572 1580/2495/1580 1578/2452/1578 1570/2443/1570
f 1577/2418/1577 1581/2411/1581 1583/2496/1583 1579/2494/1579
f 1579/2494/1579 1583/2496/1583 1584/2497/1584 1580/2495/1580
f 1580/2495/1580 1584/2497/1584 1582/2457/1582 1578/2452/1578
f 1581/2411/1581 1573/2414/1573 1575/2498/1575 1583/2499/1583
f 1583/2499/1583 1575/2498/1575 1576/2500/1576 1584/2501/1584
f 1584/2502/1584 1576/2503/1576 1574/2458/1574 1582/2457/1582
f 1654/2504/1654 1589/2459/1589 1574/2458/1574 1634/2505/1634
f 1592/2506/1592 1658/2507/1658 1650/2508/1650 1590/2450/1590
f 1642/2509/1642 1576/2510/1576 1575/2428/1575 1646/2427/1646
f 1606/2511/1606 1541/2423/1541 1558/2460/1558 1618/2512/1618
f 1560/2422/1560 1626/2421/1626 1618/2512/1618 1558/2460/1558
f 1638/2513/1638 1573/2414/1573 1542/2413/1542 1602/2514/1602
f 1622/2515/1622 1557/2451/1557 1590/2450/1590 1650/2508/1650
f 1634/2505/1634 1574/2458/1574 1576/2516/1576 1642/2517/1642
f 1557/2451/1557 1622/2515/1622 1630/2518/1630 1559/2519/1559
f 1591/2520/1591 1662/2521/1662 1658/2507/1658 1592/2506/1592
f 1589/2459/1589 1654/2504/1654 1662/2522/1662 1591/2523/1591
f 1544/2524/1544 1610/2525/1610 1602/2514/1602 1542/2413/1542
f 1641/2526/1641 1633/2527/1633 1635/2528/1635 1643/2529/1643
f 1643/2529/1643 1635/2528/1635 1636/2530/1636 1644/2531/1644
f 1644/2532/1644 1636/2533/1636 1634/2505/1634 1642/2517/1642
f 1645/2534/1645 1641/2526/1641 1643/2529/1643 1647/2535/1647
f 1647/2535/1647 1643/2529/1643 1644/2536/1644 1648/2537/1648
f 1648/2538/1648 1644/2539/1644 1642/2509/1642 1646/2427/1646
f 1637/2540/1637 1645/2534/1645 1647/2535/1647 1639/2541/1639
f 1639/2541/1639 1647/2535/1647 1648/2542/1648 1640/2543/1640
f 1640/2544/1640 1648/2545/1648 1646/2427/1646 1638/2429/1638
f 1605/2546/1605 1613/2547/1613 1615/2548/1615 1607/2549/1607
f 1607/2549/1607 1615/2548/1615 1616/2550/1616 1608/2551/1608
f 1608/2552/1608 1616/2553/1616 1614/2425/1614 1606/2424/1606
f 1613/2547/1613 1609/2554/1609 1611/2555/1611 1615/2548/1615
f 1615/2548/1615 1611/2555/1611 1612/2556/1612 1616/2557/1616
f 1616/2558/1616 1612/2559/1612 1610/2462/1610 1614/2461/1614
f 1609/2554/1609 1601/2560/1601 1603/2561/1603 1611/2555/1611
f 1611/2555/1611 1603/2561/1603 1604/2562/1604 1612/2563/1612
f 1612/2564/1612 1604/2565/1604 1602/2514/1602 1610/2525/1610
f 1621/2566/1621 1629/2567/1629 1631/2568/1631 1623/2569/1623
f 1623/2569/1623 1631/2568/1631 1632/2570/1632 1624/2571/1624
f 1624/2572/1624 1632/2573/1632 1630/2518/1630 1622/2515/1622
f 1629/2567/1629 1625/2574/1625 1627/2575/1627 1631/2568/1631
f 1631/2568/1631 1627/2575/1627 1628/2576/1628 1632/2577/1632
f 1632/2578/1632 1628/2579/1628 1626/2421/1626 1630/2420/1630
f 1625/2574/1625 1617/2580/1617 1619/2581/1619 1627/2575/1627
f 1627/2575/1627 1619/2581/1619 1620/2582/1620 1628/2583/1628
f 1628/2584/1628 1620/2585/1620 1618/2512/1618 1626/2421/1626
f 1653/2586/1653 1661/2587/1661 1663/2588/1663 1655/2589/1655
f 1655/2589/1655 1663/2588/1663 1664/2590/1664 1656/2591/1656
f 1656/2592/1656 1664/2593/1664 1662/2522/1662 1654/2504/1654
f 1661/2587/1661 1657/2594/1657 1659/2595/1659 1663/2588/1663
f 1663/2588/1663 1659/2595/1659 1660/2596/1660 1664/2597/1664
f 1664/2598/1664 1660/2599/1660 1658/2507/1658 1662/2521/1662
f 1657/2594/1657 1649/2600/1649 1651/2601/1651 1659/2595/1659
f 1659/2595/1659 1651/2601/1651 1652/2602/1652 1660/2603/1660
f 1660/2603/1660 1652/2602/1652 1650/2508/1650 1658/2507/1658
f 1606/2511/1606 1618/2512/1618 1620/2604/1620 1608/2605/1608
f 1608/2606/1608 1620/2607/1620 1619/2581/1619 1607/2549/1607
f 1607/2549/1607 1619/2581/1619 1617/2580/1617 1605/2546/1605
f 1622/2515/1622 1650/2508/1650 1652/2602/1652 1624/2608/1624
f 1624/2608/1624 1652/2602/1652 1651/2601/1651 1623/2569/1623
f 1623/2569/1623 1651/2601/1651 1649/2600/1649 1621/2566/1621
f 1654/2504/1654 1634/2505/1634 1636/2609/1636 1656/2610/1656
f 1656/2611/1656 1636/2612/1636 1635/2528/1635 1655/2589/1655
f 1655/2589/1655 1635/2528/1635 1633/2527/1633 1653/2586/1653
f 1638/2513/1638 1602/2514/1602 1604/2613/1604 1640/2614/1640
f 1640/2615/1640 1604/2616/1604 1603/2561/1603 1639/2541/1639
f 1639/2541/1639 1603/2561/1603 1601/2560/1601 1637/2540/1637
f 1617/2580/1617 1625/2574/1625 1629/2567/1629 1621/2566/1621 1649/2600/1649 1657/2594/1657 1661/2587/1661 1653/2586/1653 1633/2527/1633 1641/2526/1641 1645/2534/1645 1637/2540/1637 1601/2560/1601 1609/2554/1609 1613/2547/1613 1605/2546/1605
o Building.015
v -0.867564 2.296162 0.170200
v -0.877367 2.296162 0.219389
v -0.872466 2.296162 0.176790
v -0.876054 2.296162 0.194795
v -0.880260 2.257674 0.108267
v -0.889710 2.257674 0.155688
v -0.884985 2.257674 0.114620
v -0.888444 2.257674 0.131978
v -0.873816 2.291005 0.139234
v -0.883539 2.291005 0.188022
v -0.878677 2.291005 0.145770
v -0.882236 2.291005 0.163628
v -0.878496 2.276918 0.116565
v -0.888057 2.276918 0.164537
v -0.883276 2.276918 0.122992
v -0.886776 2.276918 0.140551
v -0.795772 2.296162 0.219389
v -0.805575 2.296162 0.170200
v -0.797085 2.296162 0.194795
v -0.800673 2.296162 0.176790
v -0.783429 2.257674 0.155688
v -0.792880 2.257674 0.108267
v -0.784695 2.257674 0.131978
v -0.788154 2.257674 0.114620
v -0.789601 2.291005 0.188022
v -0.799324 2.291005 0.139234
v -0.790903 2.291005 0.163628
v -0.794462 2.291005 0.145770
v -0.785083 2.276918 0.164537
v -0.794643 2.276918 0.116565
v -0.786364 2.276918 0.140551
v -0.789863 2.276918 0.122992
v -0.877367 2.296162 0.530433
v -0.867564 2.296162 0.579622
v -0.876054 2.296162 0.555028
v -0.872466 2.296162 0.573032
v -0.889710 2.257674 0.594134
v -0.880260 2.257674 0.641555
v -0.888444 2.257674 0.617845
v -0.884985 2.257674 0.635202
v -0.883539 2.291005 0.561800
v -0.873816 2.291005 0.610588
v -0.882236 2.291005 0.586194
v -0.878677 2.291005 0.604052
v -0.888057 2.276918 0.585285
v -0.878496 2.276918 0.633257
v -0.886776 2.276918 0.609271
v -0.883276 2.276918 0.626830
v -0.805575 2.296162 0.579622
v -0.795772 2.296162 0.530433
v -0.800673 2.296162 0.573032
v -0.797085 2.296162 0.555028
v -0.792880 2.257674 0.641555
v -0.783429 2.257674 0.594134
v -0.788154 2.257674 0.635202
v -0.784695 2.257674 0.617845
v -0.799324 2.291005 0.610588
v -0.789600 2.291005 0.561800
v -0.794462 2.291005 0.604052
v -0.790903 2.291005 0.586194
v -0.794643 2.276918 0.633257
v -0.785083 2.276918 0.585285
v -0.789863 2.276918 0.626830
v -0.786364 2.276918 0.609271
v -0.883568 1.723899 0.159554
v -0.889710 1.745111 0.155505
v -0.886639 1.726741 0.157527
v -0.888887 1.734505 0.156044
v -0.879489 1.723899 0.139086
v -0.880296 1.745111 0.108267
v -0.879893 1.726741 0.123677
v -0.880189 1.734505 0.112396
v -0.882942 1.723899 0.147835
v -0.888449 1.745111 0.131886
v -0.885696 1.726741 0.139859
v -0.887711 1.734505 0.134021
v -0.881825 1.723899 0.142226
v -0.885003 1.745111 0.114596
v -0.883414 1.726741 0.128411
v -0.884578 1.734505 0.118297
v -0.793650 1.723899 0.139086
v -0.792843 1.745111 0.108267
v -0.793246 1.726741 0.123677
v -0.792951 1.734505 0.112396
v -0.789571 1.723899 0.159554
v -0.783429 1.745111 0.155505
v -0.786500 1.726741 0.157527
v -0.784252 1.734505 0.156044
v -0.791315 1.723899 0.142226
v -0.788136 1.745111 0.114596
v -0.789725 1.726741 0.128411
v -0.788562 1.734505 0.118297
v -0.790197 1.723899 0.147835
v -0.784690 1.745111 0.131886
v -0.787444 1.726741 0.139859
v -0.785428 1.734505 0.134021
v -0.879489 1.723899 0.610736
v -0.880296 1.745111 0.641555
v -0.879893 1.726741 0.626145
v -0.880189 1.734505 0.637426
v -0.883568 1.723899 0.590268
v -0.889710 1.745111 0.594318
v -0.886639 1.726741 0.592296
v -0.888887 1.734505 0.593778
v -0.881825 1.723899 0.607596
v -0.885003 1.745111 0.635226
v -0.883414 1.726741 0.621412
v -0.884578 1.734505 0.631525
v -0.882942 1.723899 0.601987
v -0.888449 1.745111 0.617936
v -0.885696 1.726741 0.609963
v -0.887711 1.734505 0.615801
v -0.789571 1.723899 0.590268
v -0.783429 1.745111 0.594318
v -0.786500 1.726741 0.592296
v -0.784252 1.734505 0.593778
v -0.793650 1.723899 0.610736
v -0.792843 1.745111 0.641555
v -0.793246 1.726741 0.626145
v -0.792951 1.734505 0.637426
v -0.790197 1.723899 0.601987
v -0.784690 1.745111 0.617936
v -0.787444 1.726741 0.609963
v -0.785428 1.734505 0.615801
v -0.791315 1.723899 0.607596
v -0.788136 1.745111 0.635226
v -0.789725 1.726741 0.621412
v -0.788562 1.734505 0.631525
vn -0.0292 0.9961 -0.0828
vn -0.3851 0.9229 -0.0054
vn -0.1592 0.9852 -0.0629
vn -0.3049 0.9519 -0.0307
vn -0.5684 0.1921 -0.8000
vn -0.9985 0.0478 -0.0282
vn -0.9419 0.1038 -0.3196
vn -0.9912 0.0642 -0.1160
vn -0.1650 0.9320 -0.3228
vn -0.8666 0.4986 -0.0176
vn -0.5662 0.7970 -0.2104
vn -0.7953 0.6003 -0.0850
vn -0.4272 0.6410 -0.6376
vn -0.9802 0.1964 -0.0261
vn -0.8681 0.3941 -0.3017
vn -0.9619 0.2504 -0.1099
vn 0.3851 0.9229 -0.0054
vn 0.0292 0.9961 -0.0828
vn 0.3049 0.9519 -0.0307
vn 0.1592 0.9852 -0.0629
vn 0.9985 0.0478 -0.0282
vn 0.5684 0.1921 -0.8000
vn 0.9912 0.0642 -0.1160
vn 0.9419 0.1038 -0.3196
vn 0.8666 0.4986 -0.0176
vn 0.1650 0.9320 -0.3228
vn 0.7953 0.6003 -0.0850
vn 0.5662 0.7970 -0.2104
vn 0.9802 0.1964 -0.0261
vn 0.4272 0.6410 -0.6376
vn 0.9619 0.2504 -0.1099
vn 0.8681 0.3941 -0.3017
vn -0.3851 0.9229 0.0054
vn -0.0292 0.9961 0.0828
vn -0.3049 0.9519 0.0307
vn -0.1592 0.9852 0.0629
vn -0.9985 0.0478 0.0282
vn -0.5684 0.1921 0.8000
vn -0.9912 0.0642 0.1160
vn -0.9419 0.1038 0.3196
vn -0.8666 0.4986 0.0176
vn -0.1650 0.9320 0.3228
vn -0.7953 0.6003 0.0850
vn -0.5662 0.7970 0.2104
vn -0.9802 0.1964 0.0261
vn -0.4272 0.6410 0.6376
vn -0.9619 0.2504 0.1099
vn -0.8681 0.3941 0.3017
vn 0.0292 0.9961 0.0828
vn 0.3851 0.9229 0.0054
vn 0.1592 0.9852 0.0629
vn 0.3049 0.9519 0.0307
vn 0.5684 0.1921 0.8000
vn 0.9985 0.0478 0.0282
vn 0.9419 0.1038 0.3196
vn 0.9912 0.0642 0.1160
vn 0.1650 0.9320 0.3228
vn 0.8666 0.4986 0.0176
vn 0.5662 0.7970 0.2104
vn 0.7953 0.6003 0.0850
vn 0.4272 0.6410 0.6376
vn 0.9802 0.1964 0.0261
vn 0.8681 0.3941 0.3017
vn 0.9619 0.2504 0.1099
vn -0.4358 -0.9000 -0.0114
vn -0.9989 -0.0383 -0.0262
vn -0.8982 -0.4389 -0.0236
vn -0.9862 -0.1635 -0.0259
vn -0.0633 -0.9934 -0.0959
vn -0.5442 -0.1585 -0.8238
vn -0.2421 -0.8984 -0.3664
vn -0.4528 -0.5701 -0.6855
vn -0.4055 -0.9129 -0.0467
vn -0.9925 -0.0442 -0.1142
vn -0.8719 -0.4793 -0.1003
vn -0.9763 -0.1850 -0.1123
vn -0.2475 -0.9651 -0.0854
vn -0.9428 -0.0727 -0.3254
vn -0.7026 -0.6689 -0.2425
vn -0.9028 -0.2963 -0.3116
vn 0.0633 -0.9934 -0.0959
vn 0.5442 -0.1585 -0.8238
vn 0.2421 -0.8984 -0.3664
vn 0.4528 -0.5701 -0.6855
vn 0.4358 -0.9000 -0.0114
vn 0.9989 -0.0383 -0.0262
vn 0.8982 -0.4389 -0.0236
vn 0.9862 -0.1635 -0.0259
vn 0.2475 -0.9651 -0.0854
vn 0.9428 -0.0727 -0.3254
vn 0.7026 -0.6689 -0.2425
vn 0.9028 -0.2963 -0.3116
vn 0.4055 -0.9129 -0.0467
vn 0.9925 -0.0442 -0.1142
vn 0.8719 -0.4793 -0.1003
vn 0.9763 -0.1850 -0.1123
vn -0.0633 -0.9934 0.0959
vn -0.5442 -0.1585 0.8238
vn -0.2421 -0.8984 0.3664
vn -0.4528 -0.5701 0.6855
vn -0.4358 -0.9000 0.0114
vn -0.9989 -0.0383 0.0262
vn -0.8982 -0.4389 0.0236
vn -0.9862 -0.1635 0.0259
vn -0.2475 -0.9651 0.0854
vn -0.9428 -0.0727 0.3254
vn -0.7026 -0.6689 0.2425
vn -0.9028 -0.2963 0.3116
vn -0.4055 -0.9129 0.0467
vn -0.9925 -0.0442 0.1142
vn -0.8719 -0.4793 0.1003
vn -0.9763 -0.1850 0.1123
vn 0.4358 -0.9000 0.0114
vn 0.9989 -0.0383 0.0262
vn 0.8982 -0.4389 0.0236
vn 0.9862 -0.1635 0.0259
vn 0.0633 -0.9934 0.0959
vn 0.5442 -0.1585 0.8238
vn 0.2421 -0.8984 0.3664
vn 0.4528 -0.5701 0.6855
vn 0.4055 -0.9129 0.0467
vn 0.9925 -0.0442 0.1142
vn 0.8719 -0.4793 0.1003
vn 0.9763 -0.1850 0.1123
vn 0.2475 -0.9651 0.0854
vn 0.9428 -0.0727 0.3254
vn 0.7026 -0.6689 0.2425
vn 0.9028 -0.2963 0.3116
vt 0.894272 0.669876
vt 0.914240 0.669876
vt 0.914660 0.671246
vt 0.893852 0.671246
vt 0.896875 0.667291
vt 0.911636 0.667291
vt 0.913125 0.668760
vt 0.895386 0.668760
vt 0.917926 0.644921
vt 0.952901 0.644921
vt 0.952901 0.646042
vt 0.917926 0.646047
vt 0.917926 0.667980
vt 0.952901 0.667988
vt 0.952901 0.669109
vt 0.917926 0.669105
vt 0.892722 0.706221
vt 0.892727 0.671246
vt 0.893843 0.706221
vt 0.894541 0.650195
vt 0.894842 0.649028
vt 0.895708 0.648162
vt 0.896875 0.647861
vt 0.911636 0.647861
vt 0.912804 0.648162
vt 0.913670 0.649028
vt 0.913971 0.650195
vt 0.913971 0.664956
vt 0.913670 0.666124
vt 0.912804 0.666990
vt 0.895708 0.666990
vt 0.894842 0.666124
vt 0.894541 0.664956
vt 0.915441 0.666445
vt 0.915441 0.648706
vt 0.916556 0.647592
vt 0.916556 0.667560
vt 0.914240 0.645275
vt 0.894272 0.645275
vt 0.893852 0.643905
vt 0.914660 0.643905
vt 0.893071 0.666445
vt 0.893071 0.648706
vt 0.913125 0.646391
vt 0.895386 0.646391
vt 0.891955 0.647592
vt 0.891955 0.667560
vt 0.890585 0.667980
vt 0.890585 0.647172
vt 0.917926 0.647172
vt 0.952901 0.670230
vt 0.917926 0.670230
vt 0.914283 0.668525
vt 0.915205 0.667603
vt 0.914283 0.646626
vt 0.915205 0.647549
vt 0.915378 0.669702
vt 0.916382 0.668698
vt 0.915378 0.645449
vt 0.916382 0.646453
vt 0.916516 0.669876
vt 0.916803 0.670874
vt 0.917554 0.670123
vt 0.916556 0.669836
vt 0.916471 0.668698
vt 0.917841 0.669105
vt 0.916803 0.644277
vt 0.916516 0.645275
vt 0.916556 0.645315
vt 0.917554 0.645028
vt 0.917841 0.646047
vt 0.916471 0.646453
vt 0.893306 0.647549
vt 0.894229 0.646626
vt 0.892129 0.646453
vt 0.893134 0.645449
vt 0.890957 0.645028
vt 0.891955 0.645315
vt 0.891995 0.645275
vt 0.891708 0.644277
vt 0.892727 0.643990
vt 0.893134 0.645361
vt 0.894229 0.668525
vt 0.893306 0.667603
vt 0.893134 0.669702
vt 0.892129 0.668698
vt 0.892727 0.671161
vt 0.893134 0.669791
vt 0.891708 0.670874
vt 0.891995 0.669876
vt 0.891955 0.669836
vt 0.890957 0.670123
vt 0.855610 0.647163
vt 0.855610 0.667988
vt 0.892727 0.643905
vt 0.892722 0.608930
vt 0.893843 0.608930
vt 0.891601 0.706221
vt 0.891601 0.671246
vt 0.952901 0.647163
vt 0.914668 0.706221
vt 0.914668 0.608930
vt 0.890585 0.670230
vt 0.855610 0.670230
vt 0.916910 0.608930
vt 0.916910 0.643905
vt 0.891601 0.643905
vt 0.891601 0.608930
vt 0.855610 0.644921
vt 0.890585 0.644921
vt 0.916910 0.671246
vt 0.916910 0.706221
vt 0.893213 0.584052
vt 0.893064 0.584608
vt 0.892333 0.584512
vt 0.892557 0.583674
vt 0.891608 0.584391
vt 0.891888 0.583346
vt 0.854163 0.670128
vt 0.854163 0.668038
vt 0.893479 0.583786
vt 0.893101 0.583130
vt 0.891939 0.583258
vt 0.892685 0.582512
vt 0.892671 0.707668
vt 0.891652 0.707668
vt 0.894035 0.583637
vt 0.893939 0.582906
vt 0.892773 0.582461
vt 0.893818 0.582181
vt 0.893818 0.707668
vt 0.892773 0.707668
vt 0.915447 0.584608
vt 0.915298 0.584052
vt 0.915954 0.583674
vt 0.916179 0.584512
vt 0.916623 0.583346
vt 0.916903 0.584391
vt 0.954349 0.668013
vt 0.954349 0.669059
vt 0.915032 0.583786
vt 0.915411 0.583130
vt 0.915826 0.582512
vt 0.916573 0.583258
vt 0.954349 0.669160
vt 0.954349 0.670179
vt 0.914476 0.583637
vt 0.914572 0.582906
vt 0.914693 0.582181
vt 0.915739 0.582461
vt 0.916808 0.707668
vt 0.914718 0.707668
vt 0.914476 0.606020
vt 0.915032 0.605871
vt 0.915411 0.606527
vt 0.914572 0.606752
vt 0.915739 0.607196
vt 0.914693 0.607476
vt 0.914718 0.607483
vt 0.916808 0.607483
vt 0.915298 0.605605
vt 0.915954 0.605984
vt 0.916573 0.606399
vt 0.915827 0.607146
vt 0.954349 0.644972
vt 0.954349 0.645991
vt 0.915447 0.605049
vt 0.916179 0.605145
vt 0.916903 0.605266
vt 0.916623 0.606311
vt 0.954349 0.646093
vt 0.954349 0.647138
vt 0.893064 0.605049
vt 0.893213 0.605605
vt 0.892557 0.605984
vt 0.892333 0.605145
vt 0.891888 0.606311
vt 0.891608 0.605266
vt 0.854163 0.647113
vt 0.854163 0.645023
vt 0.893479 0.605871
vt 0.893101 0.606527
vt 0.892685 0.607146
vt 0.891939 0.606399
vt 0.891652 0.607483
vt 0.892671 0.607483
vt 0.894035 0.606020
vt 0.893939 0.606752
vt 0.893843 0.608207
vt 0.892773 0.608207
vt 0.954349 0.647189
vt 0.954349 0.667963
vt 0.916910 0.584442
vt 0.916910 0.605216
vt 0.914643 0.608207
vt 0.854163 0.667963
vt 0.854163 0.647189
vt 0.891601 0.605216
vt 0.891601 0.584442
vt 0.914643 0.707668
vt 0.893869 0.707668
vt 0.893869 0.582174
vt 0.914643 0.582174
s 1
f 1709/2617/1709 1678/2618/1678 1670/2619/1670 1701/2620/1701
f 1697/2621/1697 1666/2622/1666 1674/2623/1674 1705/2624/1705
f 1687/2625/1687 1758/2626/1758 1754/2627/1754 1688/2628/1688
f 1669/2629/1669 1734/2630/1734 1742/2631/1742 1671/2632/1671
f 1774/2633/1774 1703/2634/1703 1701/2620/1701 1766/2635/1766
f 1713/2636/1713 1715/2637/1715 1716/2638/1716 1714/2639/1714 1681/2640/1681 1683/2641/1683 1684/2642/1684 1682/2643/1682 1665/2644/1665 1667/2645/1667 1668/2646/1668 1666/2622/1666 1697/2621/1697 1699/2647/1699 1700/2648/1700 1698/2649/1698
f 1705/2624/1705 1674/2623/1674 1678/2618/1678 1709/2617/1709
f 1673/2650/1673 1690/2651/1690 1694/2652/1694 1677/2653/1677
f 1693/2654/1693 1726/2655/1726 1718/2656/1718 1685/2657/1685
f 1713/2636/1713 1698/2649/1698 1706/2658/1706 1721/2659/1721
f 1689/2660/1689 1722/2661/1722 1726/2655/1726 1693/2654/1693
f 1725/2662/1725 1710/2663/1710 1702/2664/1702 1717/2665/1717
f 1721/2659/1721 1706/2658/1706 1710/2663/1710 1725/2662/1725
f 1665/2644/1665 1682/2643/1682 1690/2651/1690 1673/2650/1673
f 1681/2640/1681 1714/2639/1714 1722/2661/1722 1689/2660/1689
f 1677/2653/1677 1694/2652/1694 1686/2666/1686 1669/2629/1669
f 1671/2632/1671 1742/2631/1742 1738/2667/1738 1672/2668/1672
f 1674/2623/1674 1666/2622/1666 1668/2646/1668 1676/2669/1676
f 1676/2669/1676 1668/2646/1668 1667/2645/1667 1675/2670/1675
f 1675/2670/1675 1667/2645/1667 1665/2644/1665 1673/2650/1673
f 1681/2640/1681 1689/2660/1689 1691/2671/1691 1683/2641/1683
f 1683/2641/1683 1691/2671/1691 1692/2672/1692 1684/2642/1684
f 1684/2642/1684 1692/2672/1692 1690/2651/1690 1682/2643/1682
f 1678/2618/1678 1674/2623/1674 1676/2669/1676 1680/2673/1680
f 1680/2673/1680 1676/2669/1676 1675/2670/1675 1679/2674/1679
f 1679/2674/1679 1675/2670/1675 1673/2650/1673 1677/2653/1677
f 1689/2660/1689 1693/2654/1693 1695/2675/1695 1691/2671/1691
f 1691/2671/1691 1695/2675/1695 1696/2676/1696 1692/2672/1692
f 1692/2672/1692 1696/2676/1696 1694/2652/1694 1690/2651/1690
f 1670/2619/1670 1678/2618/1678 1680/2677/1680 1672/2678/1672
f 1672/2679/1672 1680/2680/1680 1679/2681/1679 1671/2682/1671
f 1671/2682/1671 1679/2681/1679 1677/2653/1677 1669/2629/1669
f 1693/2654/1693 1685/2657/1685 1687/2683/1687 1695/2684/1695
f 1695/2685/1695 1687/2686/1687 1688/2687/1688 1696/2688/1696
f 1696/2688/1696 1688/2687/1688 1686/2666/1686 1694/2652/1694
f 1713/2636/1713 1721/2659/1721 1723/2689/1723 1715/2637/1715
f 1715/2637/1715 1723/2689/1723 1724/2690/1724 1716/2638/1716
f 1716/2638/1716 1724/2690/1724 1722/2661/1722 1714/2639/1714
f 1721/2659/1721 1725/2662/1725 1727/2691/1727 1723/2689/1723
f 1723/2689/1723 1727/2691/1727 1728/2692/1728 1724/2690/1724
f 1724/2690/1724 1728/2692/1728 1726/2655/1726 1722/2661/1722
f 1725/2662/1725 1717/2665/1717 1719/2693/1719 1727/2694/1727
f 1727/2695/1727 1719/2696/1719 1720/2697/1720 1728/2698/1728
f 1728/2698/1728 1720/2697/1720 1718/2656/1718 1726/2655/1726
f 1697/2621/1697 1705/2624/1705 1707/2699/1707 1699/2647/1699
f 1699/2647/1699 1707/2699/1707 1708/2700/1708 1700/2648/1700
f 1700/2648/1700 1708/2700/1708 1706/2658/1706 1698/2649/1698
f 1705/2624/1705 1709/2617/1709 1711/2701/1711 1707/2699/1707
f 1707/2699/1707 1711/2701/1711 1712/2702/1712 1708/2700/1708
f 1708/2700/1708 1712/2702/1712 1710/2663/1710 1706/2658/1706
f 1709/2617/1709 1701/2620/1701 1703/2703/1703 1711/2704/1711
f 1711/2704/1711 1703/2703/1703 1704/2705/1704 1712/2706/1712
f 1712/2707/1712 1704/2708/1704 1702/2664/1702 1710/2663/1710
f 1782/2709/1782 1717/2665/1717 1702/2664/1702 1762/2710/1762
f 1720/2711/1720 1786/2712/1786 1778/2713/1778 1718/2656/1718
f 1770/2714/1770 1704/2715/1704 1703/2634/1703 1774/2633/1774
f 1734/2630/1734 1669/2629/1669 1686/2666/1686 1746/2716/1746
f 1688/2628/1688 1754/2627/1754 1746/2716/1746 1686/2666/1686
f 1766/2635/1766 1701/2620/1701 1670/2619/1670 1730/2717/1730
f 1750/2718/1750 1685/2657/1685 1718/2656/1718 1778/2713/1778
f 1762/2710/1762 1702/2664/1702 1704/2719/1704 1770/2720/1770
f 1685/2657/1685 1750/2718/1750 1758/2721/1758 1687/2722/1687
f 1719/2723/1719 1790/2724/1790 1786/2712/1786 1720/2711/1720
f 1717/2665/1717 1782/2709/1782 1790/2725/1790 1719/2726/1719
f 1672/2727/1672 1738/2728/1738 1730/2717/1730 1670/2619/1670
f 1769/2729/1769 1761/2730/1761 1763/2731/1763 1771/2732/1771
f 1771/2732/1771 1763/2731/1763 1764/2733/1764 1772/2734/1772
f 1772/2735/1772 1764/2736/1764 1762/2710/1762 1770/2720/1770
f 1773/2737/1773 1769/2729/1769 1771/2732/1771 1775/2738/1775
f 1775/2738/1775 1771/2732/1771 1772/2739/1772 1776/2740/1776
f 1776/2741/1776 1772/2742/1772 1770/2714/1770 1774/2633/1774
f 1765/2743/1765 1773/2737/1773 1775/2738/1775 1767/2744/1767
f 1767/2744/1767 1775/2738/1775 1776/2745/1776 1768/2746/1768
f 1768/2747/1768 1776/2748/1776 1774/2633/1774 1766/2635/1766
f 1733/2749/1733 1741/2750/1741 1743/2751/1743 1735/2752/1735
f 1735/2752/1735 1743/2751/1743 1744/2753/1744 1736/2754/1736
f 1736/2755/1736 1744/2756/1744 1742/2631/1742 1734/2630/1734
f 1741/2750/1741 1737/2757/1737 1739/2758/1739 1743/2751/1743
f 1743/2751/1743 1739/2758/1739 1740/2759/1740 1744/2760/1744
f 1744/2761/1744 1740/2762/1740 1738/2667/1738 1742/2631/1742
f 1737/2757/1737 1729/2763/1729 1731/2764/1731 1739/2758/1739
f 1739/2758/1739 1731/2764/1731 1732/2765/1732 1740/2766/1740
f 1740/2767/1740 1732/2768/1732 1730/2717/1730 1738/2728/1738
f 1749/2769/1749 1757/2770/1757 1759/2771/1759 1751/2772/1751
f 1751/2772/1751 1759/2771/1759 1760/2773/1760 1752/2774/1752
f 1752/2775/1752 1760/2776/1760 1758/2721/1758 1750/2718/1750
f 1757/2770/1757 1753/2777/1753 1755/2778/1755 1759/2771/1759
f 1759/2771/1759 1755/2778/1755 1756/2779/1756 1760/2780/1760
f 1760/2781/1760 1756/2782/1756 1754/2627/1754 1758/2626/1758
f 1753/2777/1753 1745/2783/1745 1747/2784/1747 1755/2778/1755
f 1755/2778/1755 1747/2784/1747 1748/2785/1748 1756/2786/1756
f 1756/2787/1756 1748/2788/1748 1746/2716/1746 1754/2627/1754
f 1781/2789/1781 1789/2790/1789 1791/2791/1791 1783/2792/1783
f 1783/2792/1783 1791/2791/1791 1792/2793/1792 1784/2794/1784
f 1784/2795/1784 1792/2796/1792 1790/2725/1790 1782/2709/1782
f 1789/2790/1789 1785/2797/1785 1787/2798/1787 1791/2791/1791
f 1791/2791/1791 1787/2798/1787 1788/2799/1788 1792/2800/1792
f 1792/2801/1792 1788/2802/1788 1786/2712/1786 1790/2724/1790
f 1785/2797/1785 1777/2803/1777 1779/2804/1779 1787/2798/1787
f 1787/2798/1787 1779/2804/1779 1780/2805/1780 1788/2806/1788
f 1788/2806/1788 1780/2805/1780 1778/2713/1778 1786/2712/1786
f 1734/2630/1734 1746/2716/1746 1748/2807/1748 1736/2808/1736
f 1736/2809/1736 1748/2810/1748 1747/2784/1747 1735/2752/1735
f 1735/2752/1735 1747/2784/1747 1745/2783/1745 1733/2749/1733
f 1750/2718/1750 1778/2713/1778 1780/2805/1780 1752/2811/1752
f 1752/2811/1752 1780/2805/1780 1779/2804/1779 1751/2772/1751
f 1751/2772/1751 1779/2804/1779 1777/2803/1777 1749/2769/1749
f 1782/2709/1782 1762/2710/1762 1764/2812/1764 1784/2813/1784
f 1784/2814/1784 1764/2815/1764 1763/2731/1763 1783/2792/1783
f 1783/2792/1783 1763/2731/1763 1761/2730/1761 1781/2789/1781
f 1766/2635/1766 1730/2717/1730 1732/2816/1732 1768/2817/1768
f 1768/2818/1768 1732/2819/1732 1731/2764/1731 1767/2744/1767
f 1767/2744/1767 1731/2764/1731 1729/2763/1729 1765/2743/1765
f 1745/2783/1745 1753/2777/1753 1757/2770/1757 1749/2769/1749 1777/2803/1777 1785/2797/1785 1789/2790/1789 1781/2789/1781 1761/2730/1761 1769/2729/1769 1773/2737/1773 1765/2743/1765 1729/2763/1729 1737/2757/1737 1741/2750/1741 1733/2749/1733
o Building.017
v -0.867564 1.553761 -0.509468
v -0.877367 1.553761 -0.460279
v -0.872466 1.553761 -0.502878
v -0.876054 1.553761 -0.484874
v -0.880260 1.515274 -0.571401
v -0.889710 1.515274 -0.523981
v -0.884985 1.515274 -0.565048
v -0.888444 1.515274 -0.547691
v -0.873816 1.548605 -0.540435
v -0.883539 1.548605 -0.491647
v -0.878677 1.548605 -0.533898
v -0.882236 1.548605 -0.516041
v -0.878496 1.534518 -0.563104
v -0.888057 1.534518 -0.515131
v -0.883276 1.534518 -0.556676
v -0.886776 1.534518 -0.539117
v -0.795772 1.553761 -0.460279
v -0.805575 1.553761 -0.509468
v -0.797085 1.553761 -0.484874
v -0.800673 1.553761 -0.502878
v -0.783429 1.515274 -0.523981
v -0.792880 1.515274 -0.571401
v -0.784695 1.515274 -0.547691
v -0.788154 1.515274 -0.565048
v -0.789601 1.548605 -0.491647
v -0.799324 1.548605 -0.540435
v -0.790903 1.548605 -0.516041
v -0.794462 1.548605 -0.533898
v -0.785083 1.534518 -0.515131
v -0.794643 1.534518 -0.563104
v -0.786364 1.534518 -0.539117
v -0.789863 1.534518 -0.556676
v -0.877367 1.553761 0.530433
v -0.867564 1.553761 0.579622
v -0.876054 1.553761 0.555028
v -0.872466 1.553761 0.573032
v -0.889710 1.515274 0.594134
v -0.880260 1.515274 0.641555
v -0.888444 1.515274 0.617845
v -0.884985 1.515274 0.635202
v -0.883539 1.548605 0.561800
v -0.873816 1.548605 0.610588
v -0.882236 1.548605 0.586194
v -0.878677 1.548605 0.604052
v -0.888057 1.534518 0.585285
v -0.878496 1.534518 0.633257
v -0.886776 1.534518 0.609271
v -0.883276 1.534518 0.626830
v -0.805575 1.553761 0.579622
v -0.795772 1.553761 0.530433
v -0.800673 1.553761 0.573032
v -0.797085 1.553761 0.555028
v -0.792880 1.515274 0.641555
v -0.783429 1.515274 0.594134
v -0.788154 1.515274 0.635202
v -0.784695 1.515274 0.617845
v -0.799324 1.548605 0.610588
v -0.789600 1.548605 0.561800
v -0.794462 1.548605 0.604052
v -0.790903 1.548605 0.586194
v -0.794643 1.534518 0.633257
v -0.785083 1.534518 0.585285
v -0.789863 1.534518 0.626830
v -0.786364 1.534518 0.609271
v -0.883568 0.981498 -0.520114
v -0.889710 1.002710 -0.524164
v -0.886639 0.984340 -0.522142
v -0.888887 0.992104 -0.523624
v -0.879489 0.981498 -0.540582
v -0.880296 1.002710 -0.571401
v -0.879893 0.984340 -0.555992
v -0.880189 0.992104 -0.567272
v -0.882942 0.981498 -0.531833
v -0.888449 1.002710 -0.547782
v -0.885696 0.984340 -0.539809
v -0.887711 0.992104 -0.545647
v -0.881825 0.981498 -0.537442
v -0.885003 1.002710 -0.565072
v -0.883414 0.984340 -0.551258
v -0.884578 0.992104 -0.561371
v -0.793650 0.981498 -0.540582
v -0.792843 1.002710 -0.571401
v -0.793246 0.984340 -0.555992
v -0.792951 0.992104 -0.567272
v -0.789571 0.981498 -0.520114
v -0.783429 1.002710 -0.524164
v -0.786500 0.984340 -0.522142
v -0.784252 0.992104 -0.523624
v -0.791315 0.981498 -0.537442
v -0.788136 1.002710 -0.565072
v -0.789725 0.984340 -0.551258
v -0.788562 0.992104 -0.561371
v -0.790197 0.981498 -0.531833
v -0.784690 1.002710 -0.547782
v -0.787444 0.984340 -0.539809
v -0.785428 0.992104 -0.545647
v -0.879489 0.981498 0.610736
v -0.880296 1.002710 0.641555
v -0.879893 0.984340 0.626145
v -0.880189 0.992104 0.637426
v -0.883568 0.981498 0.590268
v -0.889710 1.002710 0.594318
v -0.886639 0.984340 0.592296
v -0.888887 0.992104 0.593778
v -0.881825 0.981498 0.607596
v -0.885003 1.002710 0.635226
v -0.883414 0.984340 0.621412
v -0.884578 0.992104 0.631525
v -0.882942 0.981498 0.601987
v -0.888449 1.002710 0.617936
v -0.885696 0.984340 0.609963
v -0.887711 0.992104 0.615801
v -0.789571 0.981498 0.590268
v -0.783429 1.002710 0.594318
v -0.786500 0.984340 0.592296
v -0.784252 0.992104 0.593778
v -0.793650 0.981498 0.610736
v -0.792843 1.002710 0.641555
v -0.793246 0.984340 0.626145
v -0.792951 0.992104 0.637426
v -0.790197 0.981498 0.601987
v -0.784690 1.002710 0.617936
v -0.787444 0.984340 0.609963
v -0.785428 0.992104 0.615801
v -0.791315 0.981498 0.607596
v -0.788136 1.002710 0.635226
v -0.789725 0.984340 0.621412
v -0.788562 0.992104 0.631525
vn -0.0292 0.9961 -0.0828
vn -0.3851 0.9229 -0.0054
vn -0.1592 0.9852 -0.0629
vn -0.3049 0.9519 -0.0307
vn -0.5684 0.1921 -0.8000
vn -0.9985 0.0478 -0.0282
vn -0.9419 0.1038 -0.3196
vn -0.9912 0.0642 -0.1160
vn -0.1650 0.9320 -0.3228
vn -0.8666 0.4986 -0.0176
vn -0.5662 0.7970 -0.2104
vn -0.7953 0.6003 -0.0850
vn -0.4272 0.6410 -0.6376
vn -0.9802 0.1964 -0.0261
vn -0.8681 0.3941 -0.3017
vn -0.9619 0.2504 -0.1099
vn 0.3851 0.9229 -0.0054
vn 0.0292 0.9961 -0.0828
vn 0.3049 0.9519 -0.0307
vn 0.1592 0.9852 -0.0629
vn 0.9985 0.0478 -0.0282
vn 0.5684 0.1921 -0.8000
vn 0.9912 0.0642 -0.1160
vn 0.9419 0.1038 -0.3196
vn 0.8666 0.4986 -0.0176
vn 0.1650 0.9320 -0.3228
vn 0.7953 0.6003 -0.0850
vn 0.5662 0.7970 -0.2104
vn 0.9802 0.1964 -0.0261
vn 0.4272 0.6410 -0.6376
vn 0.9619 0.2504 -0.1099
vn 0.8681 0.3941 -0.3017
vn -0.3851 0.9229 0.0054
vn -0.0292 0.9961 0.0828
vn -0.3049 0.9519 0.0307
vn -0.1592 0.9852 0.0629
vn -0.9985 0.0478 0.0282
vn -0.5684 0.1921 0.8000
vn -0.9912 0.0642 0.1160
vn -0.9419 0.1038 0.3196
vn -0.8666 0.4986 0.0176
vn -0.1650 0.9320 0.3228
vn -0.7953 0.6003 0.0850
vn -0.5662 0.7970 0.2104
vn -0.9802 0.1964 0.0261
vn -0.4272 0.6410 0.6376
vn -0.9619 0.2504 0.1099
vn -0.8681 0.3941 0.3017
vn 0.0292 0.9961 0.0828
vn 0.3851 0.9229 0.0054
vn 0.1592 0.9852 0.0629
vn 0.3049 0.9519 0.0307
vn 0.5684 0.1921 0.8000
vn 0.9985 0.0478 0.0282
vn 0.9419 0.1038 0.3196
vn 0.9912 0.0642 0.1160
vn 0.1650 0.9320 0.3228
vn 0.8666 0.4986 0.0176
vn 0.5662 0.7970 0.2104
vn 0.7953 0.6003 0.0850
vn 0.4272 0.6410 0.6376
vn 0.9802 0.1964 0.0261
vn 0.8681 0.3941 0.3017
vn 0.9619 0.2504 0.1099
vn -0.4358 -0.9000 -0.0114
vn -0.9989 -0.0383 -0.0262
vn -0.8982 -0.4389 -0.0236
vn -0.9862 -0.1635 -0.0259
vn -0.0633 -0.9934 -0.0959
vn -0.5442 -0.1585 -0.8238
vn -0.2421 -0.8984 -0.3664
vn -0.4528 -0.5701 -0.6855
vn -0.4055 -0.9129 -0.0467
vn -0.9925 -0.0442 -0.1142
vn -0.8719 -0.4793 -0.1003
vn -0.9763 -0.1850 -0.1123
vn -0.2475 -0.9651 -0.0854
vn -0.9428 -0.0727 -0.3254
vn -0.7026 -0.6689 -0.2425
vn -0.9028 -0.2963 -0.3116
vn 0.0633 -0.9934 -0.0959
vn 0.5442 -0.1585 -0.8238
vn 0.2421 -0.8984 -0.3664
vn 0.4528 -0.5701 -0.6855
vn 0.4358 -0.9000 -0.0114
vn 0.9989 -0.0383 -0.0262
vn 0.8982 -0.4389 -0.0236
vn 0.9862 -0.1635 -0.0259
vn 0.2475 -0.9651 -0.0854
vn 0.9428 -0.0727 -0.3254
vn 0.7026 -0.6689 -0.2425
vn 0.9028 -0.2963 -0.3116
vn 0.4055 -0.9129 -0.0467
vn 0.9925 -0.0442 -0.1142
vn 0.8719 -0.4793 -0.1003
vn 0.9763 -0.1850 -0.1123
vn -0.0633 -0.9934 0.0959
vn -0.5442 -0.1585 0.8238
vn -0.2421 -0.8984 0.3664
vn -0.4528 -0.5701 0.6855
vn -0.4358 -0.9000 0.0114
vn -0.9989 -0.0383 0.0262
vn -0.8982 -0.4389 0.0236
vn -0.9862 -0.1635 0.0259
vn -0.2475 -0.9651 0.0854
vn -0.9428 -0.0727 0.3254
vn -0.7026 -0.6689 0.2425
vn -0.9028 -0.2963 0.3116
vn -0.4055 -0.9129 0.0467
vn -0.9925 -0.0442 0.1142
vn -0.8719 -0.4793 0.1003
vn -0.9763 -0.1850 0.1123
vn 0.4358 -0.9000 0.0114
vn 0.9989 -0.0383 0.0262
vn 0.8982 -0.4389 0.0236
vn 0.9862 -0.1635 0.0259
vn 0.0633 -0.9934 0.0959
vn 0.5442 -0.1585 0.8238
vn 0.2421 -0.8984 0.3664
vn 0.4528 -0.5701 0.6855
vn 0.4055 -0.9129 0.0467
vn 0.9925 -0.0442 0.1142
vn 0.8719 -0.4793 0.1003
vn 0.9763 -0.1850 0.1123
vn 0.2475 -0.9651 0.0854
vn 0.9428 -0.0727 0.3254
vn 0.7026 -0.6689 0.2425
vn 0.9028 -0.2963 0.3116
vt 0.874500 0.680709
vt 0.898924 0.680709
vt 0.899438 0.682384
vt 0.873986 0.682384
vt 0.877684 0.677547
vt 0.895740 0.677547
vt 0.897561 0.679344
vt 0.875863 0.679344
vt 0.903434 0.650184
vt 0.946215 0.650184
vt 0.946215 0.651556
vt 0.903434 0.651561
vt 0.903434 0.678389
vt 0.946215 0.678400
vt 0.946215 0.679771
vt 0.903434 0.679765
vt 0.872605 0.725165
vt 0.872610 0.682384
vt 0.873976 0.725165
vt 0.874829 0.656635
vt 0.875197 0.655207
vt 0.876256 0.654148
vt 0.877684 0.653780
vt 0.895740 0.653780
vt 0.897168 0.654148
vt 0.898227 0.655207
vt 0.898596 0.656635
vt 0.898596 0.674691
vt 0.898227 0.676119
vt 0.897168 0.677178
vt 0.876256 0.677178
vt 0.875197 0.676119
vt 0.874829 0.674691
vt 0.900393 0.676512
vt 0.900393 0.654814
vt 0.901758 0.653451
vt 0.901758 0.677875
vt 0.898924 0.650617
vt 0.874500 0.650617
vt 0.873986 0.648942
vt 0.899438 0.648942
vt 0.873031 0.676512
vt 0.873031 0.654814
vt 0.897561 0.651982
vt 0.875863 0.651982
vt 0.871666 0.653451
vt 0.871666 0.677875
vt 0.869991 0.678389
vt 0.869991 0.652937
vt 0.903434 0.652937
vt 0.946215 0.681142
vt 0.903434 0.681142
vt 0.898977 0.679057
vt 0.900106 0.677928
vt 0.898977 0.652270
vt 0.900106 0.653398
vt 0.900317 0.680496
vt 0.901545 0.679268
vt 0.900317 0.650830
vt 0.901545 0.652059
vt 0.901709 0.680709
vt 0.902060 0.681930
vt 0.902979 0.681011
vt 0.901758 0.680660
vt 0.901653 0.679268
vt 0.903330 0.679765
vt 0.902060 0.649396
vt 0.901709 0.650617
vt 0.901758 0.650666
vt 0.902979 0.650315
vt 0.903330 0.651561
vt 0.901653 0.652058
vt 0.873319 0.653398
vt 0.874447 0.652270
vt 0.871879 0.652059
vt 0.873107 0.650830
vt 0.870445 0.650315
vt 0.871666 0.650666
vt 0.871715 0.650617
vt 0.871364 0.649396
vt 0.872610 0.649046
vt 0.873107 0.650722
vt 0.874447 0.679057
vt 0.873319 0.677928
vt 0.873107 0.680496
vt 0.871879 0.679268
vt 0.872610 0.682281
vt 0.873107 0.680604
vt 0.871364 0.681930
vt 0.871715 0.680709
vt 0.871666 0.680660
vt 0.870445 0.681011
vt 0.827210 0.652927
vt 0.827210 0.678400
vt 0.872610 0.648942
vt 0.872605 0.606161
vt 0.873976 0.606161
vt 0.871233 0.725165
vt 0.871233 0.682384
vt 0.946215 0.652927
vt 0.899449 0.725165
vt 0.899449 0.606161
vt 0.869991 0.681142
vt 0.827210 0.681142
vt 0.902191 0.606161
vt 0.902191 0.648942
vt 0.871233 0.648942
vt 0.871233 0.606161
vt 0.827210 0.650184
vt 0.869991 0.650184
vt 0.902191 0.682384
vt 0.902191 0.725165
vt 0.873205 0.575730
vt 0.873023 0.576410
vt 0.872128 0.576292
vt 0.872403 0.575267
vt 0.871242 0.576144
vt 0.871584 0.574866
vt 0.825439 0.681017
vt 0.825439 0.678461
vt 0.873530 0.575404
vt 0.873067 0.574602
vt 0.871646 0.574758
vt 0.872559 0.573846
vt 0.872542 0.726936
vt 0.871295 0.726936
vt 0.874211 0.575222
vt 0.874093 0.574327
vt 0.872666 0.573784
vt 0.873945 0.573441
vt 0.873945 0.726936
vt 0.872666 0.726936
vt 0.900402 0.576410
vt 0.900219 0.575730
vt 0.901021 0.575267
vt 0.901296 0.576292
vt 0.901840 0.574866
vt 0.902183 0.576144
vt 0.947985 0.678430
vt 0.947985 0.679709
vt 0.899894 0.575404
vt 0.900357 0.574602
vt 0.900865 0.573846
vt 0.901778 0.574758
vt 0.947985 0.679833
vt 0.947985 0.681080
vt 0.899214 0.575222
vt 0.899331 0.574327
vt 0.899479 0.573441
vt 0.900758 0.573784
vt 0.902066 0.726936
vt 0.899510 0.726936
vt 0.899214 0.602601
vt 0.899894 0.602419
vt 0.900357 0.603221
vt 0.899331 0.603496
vt 0.900758 0.604040
vt 0.899479 0.604382
vt 0.899510 0.604390
vt 0.902066 0.604390
vt 0.900219 0.602093
vt 0.901021 0.602556
vt 0.901778 0.603065
vt 0.900865 0.603978
vt 0.947985 0.650247
vt 0.947985 0.651493
vt 0.900402 0.601413
vt 0.901296 0.601531
vt 0.902183 0.601679
vt 0.901840 0.602957
vt 0.947985 0.651617
vt 0.947985 0.652896
vt 0.873023 0.601413
vt 0.873205 0.602093
vt 0.872403 0.602556
vt 0.872128 0.601531
vt 0.871584 0.602957
vt 0.871242 0.601679
vt 0.825439 0.652866
vt 0.825439 0.650309
vt 0.873530 0.602419
vt 0.873067 0.603221
vt 0.872559 0.603978
vt 0.871646 0.603065
vt 0.871295 0.604390
vt 0.872542 0.604390
vt 0.874211 0.602601
vt 0.874093 0.603496
vt 0.873976 0.605275
vt 0.872666 0.605275
vt 0.947985 0.652958
vt 0.947985 0.678368
vt 0.902191 0.576206
vt 0.902191 0.601617
vt 0.899417 0.605275
vt 0.825439 0.678368
vt 0.825439 0.652958
vt 0.871233 0.601617
vt 0.871233 0.576206
vt 0.899417 0.726936
vt 0.874007 0.726936
vt 0.874007 0.573433
vt 0.899417 0.573433
s 1
f 1837/2820/1837 1806/2821/1806 1798/2822/1798 1829/2823/1829
f 1825/2824/1825 1794/2825/1794 1802/2826/1802 1833/2827/1833
f 1815/2828/1815 1886/2829/1886 1882/2830/1882 1816/2831/1816
f 1797/2832/1797 1862/2833/1862 1870/2834/1870 1799/2835/1799
f 1902/2836/1902 1831/2837/1831 1829/2823/1829 1894/2838/1894
f 1841/2839/1841 1843/2840/1843 1844/2841/1844 1842/2842/1842 1809/2843/1809 1811/2844/1811 1812/2845/1812 1810/2846/1810 1793/2847/1793 1795/2848/1795 1796/2849/1796 1794/2825/1794 1825/2824/1825 1827/2850/1827 1828/2851/1828 1826/2852/1826
f 1833/2827/1833 1802/2826/1802 1806/2821/1806 1837/2820/1837
f 1801/2853/1801 1818/2854/1818 1822/2855/1822 1805/2856/1805
f 1821/2857/1821 1854/2858/1854 1846/2859/1846 1813/2860/1813
f 1841/2839/1841 1826/2852/1826 1834/2861/1834 1849/2862/1849
f 1817/2863/1817 1850/2864/1850 1854/2858/1854 1821/2857/1821
f 1853/2865/1853 1838/2866/1838 1830/2867/1830 1845/2868/1845
f 1849/2862/1849 1834/2861/1834 1838/2866/1838 1853/2865/1853
f 1793/2847/1793 1810/2846/1810 1818/2854/1818 1801/2853/1801
f 1809/2843/1809 1842/2842/1842 1850/2864/1850 1817/2863/1817
f 1805/2856/1805 1822/2855/1822 1814/2869/1814 1797/2832/1797
f 1799/2835/1799 1870/2834/1870 1866/2870/1866 1800/2871/1800
f 1802/2826/1802 1794/2825/1794 1796/2849/1796 1804/2872/1804
f 1804/2872/1804 1796/2849/1796 1795/2848/1795 1803/2873/1803
f 1803/2873/1803 1795/2848/1795 1793/2847/1793 1801/2853/1801
f 1809/2843/1809 1817/2863/1817 1819/2874/1819 1811/2844/1811
f 1811/2844/1811 1819/2874/1819 1820/2875/1820 1812/2845/1812
f 1812/2845/1812 1820/2875/1820 1818/2854/1818 1810/2846/1810
f 1806/2821/1806 1802/2826/1802 1804/2872/1804 1808/2876/1808
f 1808/2876/1808 1804/2872/1804 1803/2873/1803 1807/2877/1807
f 1807/2877/1807 1803/2873/1803 1801/2853/1801 1805/2856/1805
f 1817/2863/1817 1821/2857/1821 1823/2878/1823 1819/2874/1819
f 1819/2874/1819 1823/2878/1823 1824/2879/1824 1820/2875/1820
f 1820/2875/1820 1824/2879/1824 1822/2855/1822 1818/2854/1818
f 1798/2822/1798 1806/2821/1806 1808/2880/1808 1800/2881/1800
f 1800/2882/1800 1808/2883/1808 1807/2884/1807 1799/2885/1799
f 1799/2885/1799 1807/2884/1807 1805/2856/1805 1797/2832/1797
f 1821/2857/1821 1813/2860/1813 1815/2886/1815 1823/2887/1823
f 1823/2888/1823 1815/2889/1815 1816/2890/1816 1824/2891/1824
f 1824/2891/1824 1816/2890/1816 1814/2869/1814 1822/2855/1822
f 1841/2839/1841 1849/2862/1849 1851/2892/1851 1843/2840/1843
f 1843/2840/1843 1851/2892/1851 1852/2893/1852 1844/2841/1844
f 1844/2841/1844 1852/2893/1852 1850/2864/1850 1842/2842/1842
f 1849/2862/1849 1853/2865/1853 1855/2894/1855 1851/2892/1851
f 1851/2892/1851 1855/2894/1855 1856/2895/1856 1852/2893/1852
f 1852/2893/1852 1856/2895/1856 1854/2858/1854 1850/2864/1850
f 1853/2865/1853 1845/2868/1845 1847/2896/1847 1855/2897/1855
f 1855/2898/1855 1847/2899/1847 1848/2900/1848 1856/2901/1856
f 1856/2901/1856 1848/2900/1848 1846/2859/1846 1854/2858/1854
f 1825/2824/1825 1833/2827/1833 1835/2902/1835 1827/2850/1827
f 1827/2850/1827 1835/2902/1835 1836/2903/1836 1828/2851/1828
f 1828/2851/1828 1836/2903/1836 1834/2861/1834 1826/2852/1826
f 1833/2827/1833 1837/2820/1837 1839/2904/1839 1835/2902/1835
f 1835/2902/1835 1839/2904/1839 1840/2905/1840 1836/2903/1836
f 1836/2903/1836 1840/2905/1840 1838/2866/1838 1834/2861/1834
f 1837/2820/1837 1829/2823/1829 1831/2906/1831 1839/2907/1839
f 1839/2907/1839 1831/2906/1831 1832/2908/1832 1840/2909/1840
f 1840/2910/1840 1832/2911/1832 1830/2867/1830 1838/2866/1838
f 1910/2912/1910 1845/2868/1845 1830/2867/1830 1890/2913/1890
f 1848/2914/1848 1914/2915/1914 1906/2916/1906 1846/2859/1846
f 1898/2917/1898 1832/2918/1832 1831/2837/1831 1902/2836/1902
f 1862/2833/1862 1797/2832/1797 1814/2869/1814 1874/2919/1874
f 1816/2831/1816 1882/2830/1882 1874/2919/1874 1814/2869/1814
f 1894/2838/1894 1829/2823/1829 1798/2822/1798 1858/2920/1858
f 1878/2921/1878 1813/2860/1813 1846/2859/1846 1906/2916/1906
f 1890/2913/1890 1830/2867/1830 1832/2922/1832 1898/2923/1898
f 1813/2860/1813 1878/2921/1878 1886/2924/1886 1815/2925/1815
f 1847/2926/1847 1918/2927/1918 1914/2915/1914 1848/2914/1848
f 1845/2868/1845 1910/2912/1910 1918/2928/1918 1847/2929/1847
f 1800/2930/1800 1866/2931/1866 1858/2920/1858 1798/2822/1798
f 1897/2932/1897 1889/2933/1889 1891/2934/1891 1899/2935/1899
f 1899/2935/1899 1891/2934/1891 1892/2936/1892 1900/2937/1900
f 1900/2938/1900 1892/2939/1892 1890/2913/1890 1898/2923/1898
f 1901/2940/1901 1897/2932/1897 1899/2935/1899 1903/2941/1903
f 1903/2941/1903 1899/2935/1899 1900/2942/1900 1904/2943/1904
f 1904/2944/1904 1900/2945/1900 1898/2917/1898 1902/2836/1902
f 1893/2946/1893 1901/2940/1901 1903/2941/1903 1895/2947/1895
f 1895/2947/1895 1903/2941/1903 1904/2948/1904 1896/2949/1896
f 1896/2950/1896 1904/2951/1904 1902/2836/1902 1894/2838/1894
f 1861/2952/1861 1869/2953/1869 1871/2954/1871 1863/2955/1863
f 1863/2955/1863 1871/2954/1871 1872/2956/1872 1864/2957/1864
f 1864/2958/1864 1872/2959/1872 1870/2834/1870 1862/2833/1862
f 1869/2953/1869 1865/2960/1865 1867/2961/1867 1871/2954/1871
f 1871/2954/1871 1867/2961/1867 1868/2962/1868 1872/2963/1872
f 1872/2964/1872 1868/2965/1868 1866/2870/1866 1870/2834/1870
f 1865/2960/1865 1857/2966/1857 1859/2967/1859 1867/2961/1867
f 1867/2961/1867 1859/2967/1859 1860/2968/1860 1868/2969/1868
f 1868/2970/1868 1860/2971/1860 1858/2920/1858 1866/2931/1866
f 1877/2972/1877 1885/2973/1885 1887/2974/1887 1879/2975/1879
f 1879/2975/1879 1887/2974/1887 1888/2976/1888 1880/2977/1880
f 1880/2978/1880 1888/2979/1888 1886/2924/1886 1878/2921/1878
f 1885/2973/1885 1881/2980/1881 1883/2981/1883 1887/2974/1887
f 1887/2974/1887 1883/2981/1883 1884/2982/1884 1888/2983/1888
f 1888/2984/1888 1884/2985/1884 1882/2830/1882 1886/2829/1886
f 1881/2980/1881 1873/2986/1873 1875/2987/1875 1883/2981/1883
f 1883/2981/1883 1875/2987/1875 1876/2988/1876 1884/2989/1884
f 1884/2990/1884 1876/2991/1876 1874/2919/1874 1882/2830/1882
f 1909/2992/1909 1917/2993/1917 1919/2994/1919 1911/2995/1911
f 1911/2995/1911 1919/2994/1919 1920/2996/1920 1912/2997/1912
f 1912/2998/1912 1920/2999/1920 1918/2928/1918 1910/2912/1910
f 1917/2993/1917 1913/3000/1913 1915/3001/1915 1919/2994/1919
f 1919/2994/1919 1915/3001/1915 1916/3002/1916 1920/3003/1920
f 1920/3004/1920 1916/3005/1916 1914/2915/1914 1918/2927/1918
f 1913/3000/1913 1905/3006/1905 1907/3007/1907 1915/3001/1915
f 1915/3001/1915 1907/3007/1907 1908/3008/1908 1916/3009/1916
f 1916/3009/1916 1908/3008/1908 1906/2916/1906 1914/2915/1914
f 1862/2833/1862 1874/2919/1874 1876/3010/1876 1864/3011/1864
f 1864/3012/1864 1876/3013/1876 1875/2987/1875 1863/2955/1863
f 1863/2955/1863 1875/2987/1875 1873/2986/1873 1861/2952/1861
f 1878/2921/1878 1906/2916/1906 1908/3008/1908 1880/3014/1880
f 1880/3014/1880 1908/3008/1908 1907/3007/1907 1879/2975/1879
f 1879/2975/1879 1907/3007/1907 1905/3006/1905 1877/2972/1877
f 1910/2912/1910 1890/2913/1890 1892/3015/1892 1912/3016/1912
f 1912/3017/1912 1892/3018/1892 1891/2934/1891 1911/2995/1911
f 1911/2995/1911 1891/2934/1891 1889/2933/1889 1909/2992/1909
f 1894/2838/1894 1858/2920/1858 1860/3019/1860 1896/3020/1896
f 1896/3021/1896 1860/3022/1860 1859/2967/1859 1895/2947/1895
f 1895/2947/1895 1859/2967/1859 1857/2966/1857 1893/2946/1893
f 1873/2986/1873 1881/2980/1881 1885/2973/1885 1877/2972/1877 1905/3006/1905 1913/3000/1913 1917/2993/1917 1909/2992/1909 1889/2933/1889 1897/2932/1897 1901/2940/1901 1893/2946/1893 1857/2966/1857 1865/2960/1865 1869/2953/1869 1861/2952/1861
