# Blender 4.4.3
# www.blender.org
mtllib Building2.mtl
o Building.002
v 0.068059 1.634633 0.865110
v 0.105806 1.634633 0.872633
v 0.073116 1.634633 0.868872
v 0.086932 1.634633 0.871625
v 0.020533 1.605099 0.874852
v 0.056923 1.605099 0.882105
v 0.025408 1.605099 0.878478
v 0.038728 1.605099 0.881133
v 0.044296 1.630676 0.869907
v 0.081735 1.630676 0.877369
v 0.049312 1.630676 0.873638
v 0.063016 1.630676 0.876369
v 0.026900 1.619866 0.873499
v 0.063713 1.619866 0.880836
v 0.031832 1.619866 0.877167
v 0.045307 1.619866 0.879853
v 0.105806 1.634633 0.810018
v 0.068059 1.634633 0.817541
v 0.086932 1.634633 0.811026
v 0.073116 1.634633 0.813779
v 0.056923 1.605099 0.800546
v 0.020533 1.605099 0.807799
v 0.038728 1.605099 0.801518
v 0.025408 1.605099 0.804173
v 0.081735 1.630676 0.805282
v 0.044296 1.630676 0.812744
v 0.063016 1.630676 0.806282
v 0.049312 1.630676 0.809013
v 0.063713 1.619866 0.801815
v 0.026900 1.619866 0.809152
v 0.045307 1.619866 0.802798
v 0.031832 1.619866 0.805484
v 0.344495 1.634633 0.872633
v 0.382241 1.634633 0.865110
v 0.363368 1.634633 0.871625
v 0.377184 1.634633 0.868872
v 0.393378 1.605099 0.882105
v 0.429767 1.605099 0.874852
v 0.411573 1.605099 0.881133
v 0.424892 1.605099 0.878478
v 0.368565 1.630676 0.877369
v 0.406004 1.630676 0.869907
v 0.387285 1.630676 0.876369
v 0.400988 1.630676 0.873638
v 0.386587 1.619866 0.880836
v 0.423400 1.619866 0.873499
v 0.404994 1.619866 0.879853
v 0.418468 1.619866 0.877167
v 0.382241 1.634633 0.817541
v 0.344495 1.634633 0.810018
v 0.377184 1.634633 0.813779
v 0.363368 1.634633 0.811026
v 0.429767 1.605099 0.807799
v 0.393378 1.605099 0.800546
v 0.424892 1.605099 0.804173
v 0.411573 1.605099 0.801518
v 0.406004 1.630676 0.812744
v 0.368565 1.630676 0.805282
v 0.400988 1.630676 0.809013
v 0.387285 1.630676 0.806282
v 0.423400 1.619866 0.809152
v 0.386587 1.619866 0.801815
v 0.418468 1.619866 0.805484
v 0.404994 1.619866 0.802798
v 0.059890 1.195490 0.877391
v 0.056782 1.211767 0.882105
v 0.058334 1.197671 0.879748
v 0.057196 1.203629 0.881473
v 0.044183 1.195490 0.874261
v 0.020533 1.211767 0.874880
v 0.032358 1.197671 0.874571
v 0.023702 1.203629 0.874798
v 0.050897 1.195490 0.876911
v 0.038658 1.211767 0.881137
v 0.044776 1.197671 0.879024
v 0.040296 1.203629 0.880571
v 0.046593 1.195490 0.876053
v 0.025389 1.211767 0.878492
v 0.035991 1.197671 0.877273
v 0.028230 1.203629 0.878166
v 0.044183 1.195490 0.808390
v 0.020533 1.211767 0.807771
v 0.032358 1.197671 0.808080
v 0.023702 1.203629 0.807853
v 0.059890 1.195490 0.805260
v 0.056782 1.211767 0.800546
v 0.058334 1.197671 0.802903
v 0.057196 1.203629 0.801178
v 0.046593 1.195490 0.806598
v 0.025389 1.211767 0.804159
v 0.035991 1.197671 0.805378
v 0.028230 1.203629 0.804485
v 0.050897 1.195490 0.805740
v 0.038658 1.211767 0.801514
v 0.044776 1.197671 0.803627
v 0.040296 1.203629 0.802080
v 0.406118 1.195490 0.874261
v 0.429767 1.211767 0.874880
v 0.417943 1.197671 0.874571
v 0.426599 1.203629 0.874798
v 0.390411 1.195490 0.877391
v 0.393519 1.211767 0.882105
v 0.391967 1.197671 0.879748
v 0.393104 1.203629 0.881473
v 0.403708 1.195490 0.876053
v 0.424911 1.211767 0.878492
v 0.414310 1.197671 0.877273
v 0.422071 1.203629 0.878166
v 0.399404 1.195490 0.876911
v 0.411643 1.211767 0.881137
v 0.405524 1.197671 0.879024
v 0.410004 1.203629 0.880571
v 0.390411 1.195490 0.805260
v 0.393519 1.211767 0.800546
v 0.391967 1.197671 0.802903
v 0.393104 1.203629 0.801178
v 0.406118 1.195490 0.808390
v 0.429767 1.211767 0.807771
v 0.417943 1.197671 0.808080
v 0.426599 1.203629 0.807853
v 0.399404 1.195490 0.805740
v 0.411643 1.211767 0.801514
v 0.405524 1.197671 0.803627
v 0.410004 1.203629 0.802080
v 0.403708 1.195490 0.806598
v 0.424911 1.211767 0.804159
v 0.414310 1.197671 0.805378
v 0.422071 1.203629 0.804485
vn 0.0217 0.0955 0.9952
vn -0.0217 0.0955 0.9952
vn -0.0282 0.0478 0.9985
vn 0.0282 0.0478 0.9985
vn 0.0054 0.9229 0.3851
vn -0.0054 0.9229 0.3851
vn -0.0176 0.4986 0.8666
vn 0.0176 0.4986 0.8666
vn -0.1160 0.0642 -0.9912
vn -0.1142 -0.0442 -0.9925
vn -0.3254 -0.0727 -0.9428
vn -0.3196 0.1038 -0.9419
vn -0.8000 0.1921 0.5684
vn -0.8238 -0.1585 0.5442
vn -0.3254 -0.0727 0.9428
vn -0.3196 0.1038 0.9419
vn 0.1142 -0.0442 0.9925
vn 0.1160 0.0642 0.9912
vn 0.0262 -0.0383 0.9989
vn 0.0828 0.9961 -0.0292
vn 0.0629 0.9852 -0.1592
vn 0.0307 0.9519 -0.3049
vn 0.0054 0.9229 -0.3851
vn -0.0054 0.9229 -0.3851
vn -0.0307 0.9519 -0.3049
vn -0.0629 0.9852 -0.1592
vn -0.0828 0.9961 -0.0292
vn -0.0828 0.9961 0.0292
vn -0.0629 0.9852 0.1592
vn -0.0307 0.9519 0.3049
vn 0.0307 0.9519 0.3049
vn 0.0629 0.9852 0.1592
vn 0.0828 0.9961 0.0292
vn -0.0326 0.3541 0.9347
vn 0.0326 0.3541 0.9347
vn -0.3228 0.9320 0.1650
vn -0.3228 0.9320 -0.1650
vn -0.4310 0.8192 -0.3783
vn -0.4310 0.8192 0.3783
vn -0.0217 0.0955 -0.9952
vn 0.0217 0.0955 -0.9952
vn 0.0282 0.0478 -0.9985
vn -0.0282 0.0478 -0.9985
vn 0.3228 0.9320 0.1650
vn 0.3228 0.9320 -0.1650
vn -0.0176 0.4986 -0.8666
vn 0.0176 0.4986 -0.8666
vn 0.0326 0.3541 -0.9347
vn -0.0326 0.3541 -0.9347
vn 0.8078 0.3889 -0.4430
vn 0.8078 0.3889 0.4430
vn 0.8000 0.1921 0.5684
vn 0.8000 0.1921 -0.5684
vn 0.4310 0.8192 0.3783
vn 0.4310 0.8192 -0.3783
vn -0.8078 0.3889 0.4430
vn -0.8078 0.3889 -0.4430
vn -0.8000 0.1921 -0.5684
vn -0.1142 -0.0442 0.9925
vn -0.1160 0.0642 0.9912
vn -0.0850 0.6003 0.7953
vn -0.2104 0.7970 0.5662
vn -0.0850 0.6003 -0.7953
vn -0.2104 0.7970 -0.5662
vn -0.1087 0.4617 0.8803
vn -0.2384 0.6275 0.7412
vn -0.1087 0.4617 -0.8803
vn -0.2384 0.6275 -0.7412
vn -0.1083 0.1337 0.9851
vn -0.3310 0.2253 0.9163
vn -0.1083 0.1337 -0.9851
vn -0.3310 0.2253 -0.9163
vn 0.2104 0.7970 -0.5662
vn 0.0850 0.6003 -0.7953
vn 0.2384 0.6275 -0.7412
vn 0.1087 0.4617 -0.8803
vn 0.3196 0.1038 -0.9419
vn 0.3310 0.2253 -0.9163
vn 0.1160 0.0642 -0.9912
vn 0.1083 0.1337 -0.9851
vn 0.0850 0.6003 0.7953
vn 0.2104 0.7970 0.5662
vn 0.1087 0.4617 0.8803
vn 0.2384 0.6275 0.7412
vn 0.1083 0.1337 0.9851
vn 0.3196 0.1038 0.9419
vn 0.3310 0.2253 0.9163
vn 0.8238 -0.1585 -0.5442
vn 0.8238 -0.1585 0.5442
vn 0.1142 -0.0442 -0.9925
vn 0.0262 -0.0383 -0.9989
vn 0.3254 -0.0727 0.9428
vn -0.8238 -0.1585 -0.5442
vn -0.0262 -0.0383 0.9989
vn -0.0262 -0.0383 -0.9989
vn 0.3254 -0.0727 -0.9428
vn 0.0854 -0.9651 0.2475
vn 0.0959 -0.9934 0.0633
vn 0.3664 -0.8984 0.2421
vn 0.1395 -0.9040 0.4040
vn 0.2839 -0.4930 0.8224
vn 0.5255 -0.7767 0.3471
vn 0.3226 -0.1501 0.9346
vn 0.7922 -0.3137 0.5234
vn 0.0467 -0.9129 0.4055
vn 0.0703 -0.7888 0.6106
vn 0.1081 -0.3252 0.9395
vn 0.1138 -0.0917 0.9893
vn 0.0114 -0.9000 0.4358
vn 0.0236 -0.4389 0.8982
vn 0.0252 -0.2825 0.9589
vn 0.0262 -0.0786 0.9966
vn -0.0959 -0.9934 0.0633
vn -0.0854 -0.9651 0.2475
vn -0.1395 -0.9040 0.4040
vn -0.3664 -0.8984 0.2421
vn -0.2839 -0.4930 0.8224
vn -0.5255 -0.7767 0.3471
vn -0.7922 -0.3137 0.5234
vn -0.3226 -0.1501 0.9346
vn -0.0467 -0.9129 0.4055
vn -0.0703 -0.7888 0.6106
vn -0.1081 -0.3252 0.9395
vn -0.1138 -0.0917 0.9893
vn -0.0114 -0.9000 0.4358
vn -0.0236 -0.4389 0.8982
vn -0.0252 -0.2825 0.9589
vn -0.0262 -0.0786 0.9966
vn -0.0114 -0.9000 -0.4358
vn -0.0467 -0.9129 -0.4055
vn -0.0703 -0.7888 -0.6106
vn -0.0236 -0.4389 -0.8982
vn -0.1081 -0.3252 -0.9395
vn -0.0252 -0.2825 -0.9589
vn -0.0262 -0.0786 -0.9966
vn -0.1138 -0.0917 -0.9893
vn -0.0854 -0.9651 -0.2475
vn -0.1395 -0.9040 -0.4040
vn -0.2839 -0.4930 -0.8224
vn -0.3226 -0.1501 -0.9346
vn -0.0959 -0.9934 -0.0633
vn -0.3664 -0.8984 -0.2421
vn -0.5255 -0.7767 -0.3471
vn -0.7922 -0.3137 -0.5234
vn 0.0959 -0.9934 -0.0633
vn 0.0854 -0.9651 -0.2475
vn 0.1395 -0.9040 -0.4040
vn 0.3664 -0.8984 -0.2421
vn 0.2839 -0.4930 -0.8224
vn 0.5255 -0.7767 -0.3471
vn 0.7922 -0.3137 -0.5234
vn 0.3226 -0.1501 -0.9346
vn 0.0467 -0.9129 -0.4055
vn 0.0703 -0.7888 -0.6106
vn 0.1081 -0.3252 -0.9395
vn 0.1138 -0.0917 -0.9893
vn 0.0114 -0.9000 -0.4358
vn 0.0236 -0.4389 -0.8982
vn 0.0252 -0.2825 -0.9589
vn 0.0262 -0.0786 -0.9966
vt 0.870067 0.679509
vt 0.896339 0.679509
vt 0.896892 0.681312
vt 0.869515 0.681312
vt 0.873492 0.676108
vt 0.892914 0.676108
vt 0.894873 0.678041
vt 0.871534 0.678041
vt 0.901190 0.646676
vt 0.947207 0.646676
vt 0.947207 0.648151
vt 0.901190 0.648156
vt 0.901190 0.677014
vt 0.947207 0.677025
vt 0.947207 0.678500
vt 0.901190 0.678494
vt 0.868029 0.727329
vt 0.868034 0.681312
vt 0.869503 0.727329
vt 0.870421 0.653614
vt 0.870817 0.652079
vt 0.871957 0.650939
vt 0.873492 0.650543
vt 0.892914 0.650543
vt 0.894450 0.650939
vt 0.895589 0.652079
vt 0.895986 0.653614
vt 0.895986 0.673036
vt 0.895589 0.674572
vt 0.894450 0.675711
vt 0.871957 0.675711
vt 0.870817 0.674572
vt 0.870421 0.673036
vt 0.897919 0.674995
vt 0.897919 0.651656
vt 0.899388 0.650189
vt 0.899388 0.676461
vt 0.896339 0.647141
vt 0.870067 0.647141
vt 0.869515 0.645339
vt 0.896892 0.645339
vt 0.870421 0.673036
vt 0.868487 0.674995
vt 0.868487 0.651656
vt 0.894873 0.648609
vt 0.871534 0.648609
vt 0.867019 0.650189
vt 0.867019 0.676461
vt 0.865217 0.677014
vt 0.865217 0.649637
vt 0.901190 0.649637
vt 0.947207 0.679975
vt 0.901190 0.679975
vt 0.896396 0.677732
vt 0.897610 0.676518
vt 0.896396 0.648919
vt 0.897610 0.650133
vt 0.897837 0.679280
vt 0.899158 0.677959
vt 0.897837 0.647370
vt 0.899158 0.648692
vt 0.899335 0.679509
vt 0.899712 0.680823
vt 0.900701 0.679834
vt 0.899388 0.679457
vt 0.899275 0.677959
vt 0.901078 0.678494
vt 0.899712 0.645828
vt 0.899335 0.647141
vt 0.899388 0.647194
vt 0.900701 0.646816
vt 0.901078 0.648156
vt 0.899275 0.648692
vt 0.868797 0.650133
vt 0.870011 0.648919
vt 0.867249 0.648692
vt 0.868570 0.647370
vt 0.865706 0.646816
vt 0.867019 0.647194
vt 0.867072 0.647141
vt 0.866694 0.645828
vt 0.868034 0.645451
vt 0.868570 0.647254
vt 0.870011 0.677732
vt 0.868797 0.676518
vt 0.868570 0.679280
vt 0.867249 0.677959
vt 0.868034 0.681200
vt 0.868570 0.679397
vt 0.866694 0.680823
vt 0.867072 0.679509
vt 0.867019 0.679457
vt 0.865706 0.679834
vt 0.819200 0.649625
vt 0.819200 0.677025
vt 0.868034 0.645339
vt 0.868029 0.599322
vt 0.869503 0.599322
vt 0.866554 0.727329
vt 0.866554 0.681312
vt 0.947207 0.649625
vt 0.896903 0.727329
vt 0.896903 0.599322
vt 0.865217 0.679975
vt 0.819200 0.679975
vt 0.896904 0.599322
vt 0.899853 0.599322
vt 0.899853 0.645339
vt 0.866554 0.645339
vt 0.866554 0.599322
vt 0.819200 0.646676
vt 0.865217 0.646676
vt 0.899853 0.681312
vt 0.899853 0.727329
vt 0.868674 0.566589
vt 0.868478 0.567321
vt 0.867516 0.567194
vt 0.867812 0.566091
vt 0.866563 0.567035
vt 0.866931 0.565660
vt 0.817295 0.679841
vt 0.817295 0.677091
vt 0.869025 0.566239
vt 0.868526 0.565376
vt 0.866998 0.565544
vt 0.867980 0.564562
vt 0.867962 0.729233
vt 0.866621 0.729233
vt 0.869756 0.566043
vt 0.869630 0.565080
vt 0.868095 0.564495
vt 0.869470 0.564127
vt 0.869470 0.729233
vt 0.868095 0.729233
vt 0.897929 0.567321
vt 0.897732 0.566589
vt 0.898595 0.566091
vt 0.898891 0.567194
vt 0.899476 0.565660
vt 0.899844 0.567035
vt 0.949111 0.677058
vt 0.949111 0.678433
vt 0.897382 0.566239
vt 0.897880 0.565376
vt 0.898427 0.564562
vt 0.899409 0.565544
vt 0.949111 0.678567
vt 0.949111 0.679908
vt 0.896651 0.566043
vt 0.896777 0.565080
vt 0.896936 0.564127
vt 0.898312 0.564495
vt 0.899719 0.729233
vt 0.896969 0.729233
vt 0.896651 0.595493
vt 0.897382 0.595297
vt 0.897880 0.596160
vt 0.896777 0.596455
vt 0.898312 0.597040
vt 0.896936 0.597409
vt 0.896969 0.597417
vt 0.899719 0.597417
vt 0.897732 0.594947
vt 0.898595 0.595445
vt 0.899409 0.595992
vt 0.898427 0.596973
vt 0.949111 0.646742
vt 0.949111 0.648084
vt 0.897929 0.594215
vt 0.898891 0.594342
vt 0.899844 0.594501
vt 0.899476 0.595876
vt 0.949111 0.648217
vt 0.949111 0.649592
vt 0.868478 0.594215
vt 0.868674 0.594947
vt 0.867812 0.595445
vt 0.867516 0.594342
vt 0.866931 0.595876
vt 0.866563 0.594501
vt 0.817295 0.649560
vt 0.817295 0.646809
vt 0.869025 0.595297
vt 0.868526 0.596160
vt 0.867980 0.596973
vt 0.866998 0.595992
vt 0.866621 0.597417
vt 0.867962 0.597417
vt 0.869756 0.595493
vt 0.869630 0.596455
vt 0.869504 0.598370
vt 0.868095 0.598370
vt 0.949111 0.649659
vt 0.949111 0.676992
vt 0.899853 0.567101
vt 0.899853 0.594434
vt 0.896870 0.598369
vt 0.817295 0.676992
vt 0.817295 0.649659
vt 0.866554 0.594434
vt 0.866554 0.567101
vt 0.896870 0.729233
vt 0.869537 0.729233
vt 0.869537 0.564118
vt 0.896870 0.564118
s 1
usemtl Material
f 45/1/1 14/2/2 6/3/3 37/4/4
f 33/5/5 2/6/6 10/7/7 41/8/8
f 23/9/9 94/10/10 90/11/11 24/12/12
f 5/13/13 70/14/14 78/15/15 7/16/16
f 110/17/17 39/18/18 37/4/4 102/19/19
f 49/20/20 51/21/21 52/22/22 50/23/23 17/24/24 19/25/25 20/26/26 18/27/27 1/28/28 3/29/29 4/30/30 2/6/6 33/5/5 35/31/31 36/32/32 34/33/33
f 41/8/8 10/7/7 14/2/34 45/1/35
f 9/34/36 26/35/37 30/36/38 13/37/39
f 29/38/40 62/39/41 54/40/42 21/41/43
f 49/20/20 34/42/33 42/43/44 57/44/45
f 25/45/46 58/46/47 62/39/48 29/38/49
f 61/47/50 46/48/51 38/49/52 53/50/53
f 57/44/45 42/43/44 46/48/54 61/47/55
f 1/28/28 18/27/27 26/35/37 9/34/36
f 17/24/24 50/23/23 58/46/47 25/45/46
f 13/37/56 30/36/57 22/51/58 5/13/13
f 7/16/16 78/15/15 74/52/59 8/53/60
f 10/7/7 2/6/6 4/30/30 12/54/61
f 12/54/61 4/30/30 3/29/29 11/55/62
f 11/55/62 3/29/29 1/28/28 9/34/36
f 17/24/24 25/45/46 27/56/63 19/25/25
f 19/25/25 27/56/63 28/57/64 20/26/26
f 20/26/26 28/57/64 26/35/37 18/27/27
f 14/2/34 10/7/7 12/54/61 16/58/65
f 16/58/65 12/54/61 11/55/62 15/59/66
f 15/59/66 11/55/62 9/34/36 13/37/39
f 25/45/46 29/38/49 31/60/67 27/56/63
f 27/56/63 31/60/67 32/61/68 28/57/64
f 28/57/64 32/61/68 30/36/38 26/35/37
f 6/3/3 14/2/2 16/62/69 8/63/60
f 8/64/60 16/65/69 15/66/70 7/67/16
f 7/67/16 15/66/70 13/37/56 5/13/13
f 29/38/40 21/41/43 23/68/9 31/69/71
f 31/70/71 23/71/9 24/72/12 32/73/72
f 32/73/72 24/72/12 22/51/58 30/36/57
f 49/20/20 57/44/45 59/74/73 51/21/21
f 51/21/21 59/74/73 60/75/74 52/22/22
f 52/22/22 60/75/74 58/46/47 50/23/23
f 57/44/45 61/47/55 63/76/75 59/74/73
f 59/74/73 63/76/75 64/77/76 60/75/74
f 60/75/74 64/77/76 62/39/48 58/46/47
f 61/47/50 53/50/53 55/78/77 63/79/78
f 63/80/78 55/81/77 56/82/79 64/83/80
f 64/83/80 56/82/79 54/40/42 62/39/41
f 33/5/5 41/8/8 43/84/81 35/31/31
f 35/31/31 43/84/81 44/85/82 36/32/32
f 36/32/32 44/85/82 42/43/44 34/42/33
f 41/8/8 45/1/35 47/86/83 43/84/81
f 43/84/81 47/86/83 48/87/84 44/85/82
f 44/85/82 48/87/84 46/48/54 42/43/44
f 45/1/1 37/4/4 39/88/18 47/89/85
f 47/89/85 39/88/18 40/90/86 48/91/87
f 48/92/87 40/93/86 38/49/52 46/48/51
f 118/94/88 53/50/53 38/49/52 98/95/89
f 56/96/79 122/97/90 114/98/91 54/40/42
f 106/99/92 40/100/86 39/18/18 110/17/17
f 70/14/14 5/13/13 22/51/58 82/101/93
f 24/12/12 90/11/11 82/101/93 22/51/58
f 102/19/19 37/4/4 6/3/3 66/102/94
f 86/103/95 21/41/43 54/40/42 114/98/91
f 98/95/89 38/49/52 40/104/86 106/105/92
f 21/41/43 86/106/95 94/107/10 23/108/9
f 55/109/77 126/110/96 122/97/90 56/96/79
f 53/50/53 118/94/88 126/111/96 55/112/77
f 8/113/60 74/114/59 66/102/94 6/3/3
f 105/115/97 97/116/98 99/117/99 107/118/100
f 107/118/101 99/117/99 100/119/102 108/120/101
f 108/121/103 100/122/104 98/95/89 106/105/92
f 109/123/105 105/115/97 107/118/100 111/124/106
f 111/124/107 107/118/101 108/125/101 112/126/107
f 112/127/108 108/128/103 106/99/92 110/17/17
f 101/129/109 109/123/105 111/124/106 103/130/110
f 103/130/110 111/124/107 112/131/107 104/132/111
f 104/133/112 112/134/108 110/17/17 102/19/19
f 69/135/113 77/136/114 79/137/115 71/138/116
f 71/138/116 79/137/117 80/139/117 72/140/118
f 72/141/119 80/142/120 78/15/15 70/14/14
f 77/136/114 73/143/121 75/144/122 79/137/115
f 79/137/117 75/144/123 76/145/123 80/146/117
f 80/147/120 76/148/124 74/52/59 78/15/15
f 73/143/121 65/149/125 67/150/126 75/144/122
f 75/144/123 67/150/126 68/151/127 76/152/123
f 76/153/124 68/154/128 66/102/94 74/114/59
f 85/155/129 93/156/130 95/157/131 87/158/132
f 87/158/132 95/157/133 96/159/133 88/160/134
f 88/161/135 96/162/136 94/107/10 86/106/95
f 93/156/130 89/163/137 91/164/138 95/157/131
f 95/157/133 91/164/139 92/165/139 96/166/133
f 96/167/136 92/168/140 90/11/11 94/10/10
f 89/163/137 81/169/141 83/170/142 91/164/138
f 91/164/139 83/170/142 84/171/143 92/172/139
f 92/173/140 84/174/144 82/101/93 90/11/11
f 117/175/145 125/176/146 127/177/147 119/178/148
f 119/178/148 127/177/149 128/179/149 120/180/150
f 120/181/151 128/182/152 126/111/96 118/94/88
f 125/176/146 121/183/153 123/184/154 127/177/147
f 127/177/149 123/184/155 124/185/155 128/186/149
f 128/187/152 124/188/156 122/97/90 126/110/96
f 121/183/153 113/189/157 115/190/158 123/184/154
f 123/184/155 115/190/158 116/191/159 124/192/155
f 124/192/156 116/191/160 114/98/91 122/97/90
f 70/14/14 82/101/93 84/193/144 72/194/119
f 72/195/118 84/196/143 83/170/142 71/138/116
f 71/138/116 83/170/142 81/169/141 69/135/113
f 86/103/95 114/98/91 116/191/160 88/197/135
f 88/197/134 116/191/159 115/190/158 87/158/132
f 87/158/132 115/190/158 113/189/157 85/155/129
f 118/94/88 98/95/89 100/198/104 120/199/151
f 120/200/150 100/201/102 99/117/99 119/178/148
f 119/178/148 99/117/99 97/116/98 117/175/145
f 102/19/19 66/102/94 68/202/128 104/203/112
f 104/204/111 68/205/127 67/150/126 103/130/110
f 103/130/110 67/150/126 65/149/125 101/129/109
f 81/169/141 89/163/137 93/156/130 85/155/129 113/189/157 121/183/153 125/176/146 117/175/145 97/116/98 105/115/97 109/123/105 101/129/109 65/149/125 73/143/121 77/136/114 69/135/113
o Building.004
v -0.457426 1.064930 0.865110
v -0.419679 1.064930 0.872633
v -0.452369 1.064930 0.868872
v -0.438553 1.064930 0.871625
v -0.504952 1.035396 0.874852
v -0.468562 1.035396 0.882105
v -0.500077 1.035396 0.878478
v -0.486757 1.035396 0.881133
v -0.481189 1.060973 0.869907
v -0.443750 1.060973 0.877369
v -0.476173 1.060973 0.873638
v -0.462469 1.060973 0.876369
v -0.498585 1.050163 0.873499
v -0.461772 1.050163 0.880836
v -0.493653 1.050163 0.877167
v -0.480178 1.050163 0.879853
v -0.419679 1.064930 0.810018
v -0.457426 1.064930 0.817541
v -0.438553 1.064930 0.811026
v -0.452369 1.064930 0.813779
v -0.468562 1.035396 0.800546
v -0.504952 1.035396 0.807799
v -0.486757 1.035396 0.801518
v -0.500077 1.035396 0.804173
v -0.443750 1.060973 0.805282
v -0.481189 1.060973 0.812744
v -0.462469 1.060973 0.806282
v -0.476173 1.060973 0.809013
v -0.461772 1.050163 0.801815
v -0.498585 1.050163 0.809152
v -0.480178 1.050163 0.802798
v -0.493653 1.050163 0.805484
v -0.180990 1.064930 0.872633
v -0.143244 1.064930 0.865110
v -0.162117 1.064930 0.871625
v -0.148301 1.064930 0.868872
v -0.132107 1.035396 0.882105
v -0.095718 1.035396 0.874852
v -0.113912 1.035396 0.881133
v -0.100593 1.035396 0.878478
v -0.156920 1.060973 0.877369
v -0.119481 1.060973 0.869907
v -0.138200 1.060973 0.876369
v -0.124497 1.060973 0.873638
v -0.138898 1.050163 0.880836
v -0.102085 1.050163 0.873499
v -0.120491 1.050163 0.879853
v -0.107017 1.050163 0.877167
v -0.143244 1.064930 0.817541
v -0.180990 1.064930 0.810018
v -0.148301 1.064930 0.813779
v -0.162117 1.064930 0.811026
v -0.095718 1.035396 0.807799
v -0.132107 1.035396 0.800546
v -0.100593 1.035396 0.804173
v -0.113912 1.035396 0.801518
v -0.119481 1.060973 0.812744
v -0.156920 1.060973 0.805282
v -0.124497 1.060973 0.809013
v -0.138200 1.060973 0.806282
v -0.102085 1.050163 0.809152
v -0.138898 1.050163 0.801815
v -0.107017 1.050163 0.805484
v -0.120491 1.050163 0.802798
v -0.465595 0.625787 0.877391
v -0.468703 0.642064 0.882105
v -0.467151 0.627967 0.879748
v -0.468289 0.633925 0.881473
v -0.481302 0.625787 0.874261
v -0.504952 0.642064 0.874880
v -0.493127 0.627967 0.874571
v -0.501783 0.633925 0.874798
v -0.474588 0.625787 0.876911
v -0.486828 0.642064 0.881137
v -0.480709 0.627967 0.879024
v -0.485189 0.633925 0.880571
v -0.478893 0.625787 0.876053
v -0.500096 0.642064 0.878492
v -0.489494 0.627967 0.877273
v -0.497255 0.633925 0.878166
v -0.481302 0.625787 0.808390
v -0.504952 0.642064 0.807771
v -0.493127 0.627967 0.808080
v -0.501783 0.633925 0.807853
v -0.465595 0.625787 0.805260
v -0.468703 0.642064 0.800546
v -0.467151 0.627967 0.802903
v -0.468289 0.633925 0.801178
v -0.478893 0.625787 0.806598
v -0.500096 0.642064 0.804159
v -0.489494 0.627967 0.805378
v -0.497255 0.633925 0.804485
v -0.474588 0.625787 0.805740
v -0.486828 0.642064 0.801514
v -0.480709 0.627967 0.803627
v -0.485189 0.633925 0.802080
v -0.119367 0.625787 0.874261
v -0.095718 0.642064 0.874880
v -0.107543 0.627967 0.874571
v -0.098886 0.633925 0.874798
v -0.135074 0.625787 0.877391
v -0.131967 0.642064 0.882105
v -0.133518 0.627967 0.879748
v -0.132381 0.633925 0.881473
v -0.121777 0.625787 0.876053
v -0.100574 0.642064 0.878492
v -0.111175 0.627967 0.877273
v -0.103414 0.633925 0.878166
v -0.126081 0.625787 0.876911
v -0.113842 0.642064 0.881137
v -0.119961 0.627967 0.879024
v -0.115481 0.633925 0.880571
v -0.135074 0.625787 0.805260
v -0.131967 0.642064 0.800546
v -0.133518 0.627967 0.802903
v -0.132381 0.633925 0.801178
v -0.119367 0.625787 0.808390
v -0.095718 0.642064 0.807771
v -0.107543 0.627967 0.808080
v -0.098886 0.633925 0.807853
v -0.126081 0.625787 0.805740
v -0.113842 0.642064 0.801514
v -0.119961 0.627967 0.803627
v -0.115481 0.633925 0.802080
v -0.121777 0.625787 0.806598
v -0.100574 0.642064 0.804159
v -0.111175 0.627967 0.805378
v -0.103414 0.633925 0.804485
vn 0.0217 0.0955 0.9952
vn -0.0217 0.0955 0.9952
vn -0.0282 0.0478 0.9985
vn 0.0282 0.0478 0.9985
vn 0.0054 0.9229 0.3851
vn -0.0054 0.9229 0.3851
vn -0.0176 0.4986 0.8666
vn 0.0176 0.4986 0.8666
vn -0.1160 0.0642 -0.9912
vn -0.1142 -0.0442 -0.9925
vn -0.3254 -0.0727 -0.9428
vn -0.3196 0.1038 -0.9419
vn -0.8000 0.1921 0.5684
vn -0.8238 -0.1585 0.5442
vn -0.3254 -0.0727 0.9428
vn -0.3196 0.1038 0.9419
vn 0.1142 -0.0442 0.9925
vn 0.1160 0.0642 0.9912
vn 0.0262 -0.0383 0.9989
vn 0.0828 0.9961 -0.0292
vn 0.0629 0.9852 -0.1592
vn 0.0307 0.9519 -0.3049
vn 0.0054 0.9229 -0.3851
vn -0.0054 0.9229 -0.3851
vn -0.0307 0.9519 -0.3049
vn -0.0629 0.9852 -0.1592
vn -0.0828 0.9961 -0.0292
vn -0.0828 0.9961 0.0292
vn -0.0629 0.9852 0.1592
vn -0.0307 0.9519 0.3049
vn 0.0307 0.9519 0.3049
vn 0.0629 0.9852 0.1592
vn 0.0828 0.9961 0.0292
vn -0.0326 0.3541 0.9347
vn 0.0326 0.3541 0.9347
vn -0.3228 0.9320 0.1650
vn -0.3228 0.9320 -0.1650
vn -0.4310 0.8192 -0.3783
vn -0.4310 0.8192 0.3783
vn -0.0217 0.0955 -0.9952
vn 0.0217 0.0955 -0.9952
vn 0.0282 0.0478 -0.9985
vn -0.0282 0.0478 -0.9985
vn 0.3228 0.9320 0.1650
vn 0.3228 0.9320 -0.1650
vn -0.0176 0.4986 -0.8666
vn 0.0176 0.4986 -0.8666
vn 0.0326 0.3541 -0.9347
vn -0.0326 0.3541 -0.9347
vn 0.8078 0.3889 -0.4430
vn 0.8078 0.3889 0.4430
vn 0.8000 0.1921 0.5684
vn 0.8000 0.1921 -0.5684
vn 0.4310 0.8192 0.3783
vn 0.4310 0.8192 -0.3783
vn -0.8078 0.3889 0.4430
vn -0.8078 0.3889 -0.4430
vn -0.8000 0.1921 -0.5684
vn -0.1142 -0.0442 0.9925
vn -0.1160 0.0642 0.9912
vn -0.0850 0.6003 0.7953
vn -0.2104 0.7970 0.5662
vn -0.0850 0.6003 -0.7953
vn -0.2104 0.7970 -0.5662
vn -0.1087 0.4617 0.8803
vn -0.2384 0.6275 0.7412
vn -0.1087 0.4617 -0.8803
vn -0.2384 0.6275 -0.7412
vn -0.1083 0.1337 0.9851
vn -0.3310 0.2253 0.9163
vn -0.1083 0.1337 -0.9851
vn -0.3310 0.2253 -0.9163
vn 0.2104 0.7970 -0.5662
vn 0.0850 0.6003 -0.7953
vn 0.2384 0.6275 -0.7412
vn 0.1087 0.4617 -0.8803
vn 0.3196 0.1038 -0.9419
vn 0.3310 0.2253 -0.9163
vn 0.1160 0.0642 -0.9912
vn 0.1083 0.1337 -0.9851
vn 0.0850 0.6003 0.7953
vn 0.2104 0.7970 0.5662
vn 0.1087 0.4617 0.8803
vn 0.2384 0.6275 0.7412
vn 0.1083 0.1337 0.9851
vn 0.3196 0.1038 0.9419
vn 0.3310 0.2253 0.9163
vn 0.8238 -0.1585 -0.5442
vn 0.8238 -0.1585 0.5442
vn 0.1142 -0.0442 -0.9925
vn 0.0262 -0.0383 -0.9989
vn 0.3254 -0.0727 0.9428
vn -0.8238 -0.1585 -0.5442
vn -0.0262 -0.0383 0.9989
vn -0.0262 -0.0383 -0.9989
vn 0.3254 -0.0727 -0.9428
vn 0.0854 -0.9651 0.2475
vn 0.0959 -0.9934 0.0633
vn 0.3664 -0.8984 0.2421
vn 0.1395 -0.9040 0.4040
vn 0.2839 -0.4930 0.8224
vn 0.5255 -0.7767 0.3471
vn 0.3226 -0.1501 0.9346
vn 0.7922 -0.3137 0.5234
vn 0.0467 -0.9129 0.4055
vn 0.0703 -0.7888 0.6106
vn 0.1081 -0.3252 0.9395
vn 0.1138 -0.0917 0.9893
vn 0.0114 -0.9000 0.4358
vn 0.0236 -0.4389 0.8982
vn 0.0252 -0.2825 0.9589
vn 0.0262 -0.0786 0.9966
vn -0.0959 -0.9934 0.0633
vn -0.0854 -0.9651 0.2475
vn -0.1395 -0.9040 0.4040
vn -0.3664 -0.8984 0.2421
vn -0.2839 -0.4930 0.8224
vn -0.5255 -0.7767 0.3471
vn -0.7922 -0.3137 0.5234
vn -0.3226 -0.1501 0.9346
vn -0.0467 -0.9129 0.4055
vn -0.0703 -0.7888 0.6106
vn -0.1081 -0.3252 0.9395
vn -0.1138 -0.0917 0.9893
vn -0.0114 -0.9000 0.4358
vn -0.0236 -0.4389 0.8982
vn -0.0252 -0.2825 0.9589
vn -0.0262 -0.0786 0.9966
vn -0.0114 -0.9000 -0.4358
vn -0.0467 -0.9129 -0.4055
vn -0.0703 -0.7888 -0.6106
vn -0.0236 -0.4389 -0.8982
vn -0.1081 -0.3252 -0.9395
vn -0.0252 -0.2825 -0.9589
vn -0.0262 -0.0786 -0.9966
vn -0.1138 -0.0917 -0.9893
vn -0.0854 -0.9651 -0.2475
vn -0.1395 -0.9040 -0.4040
vn -0.2839 -0.4930 -0.8224
vn -0.3226 -0.1501 -0.9346
vn -0.0959 -0.9934 -0.0633
vn -0.3664 -0.8984 -0.2421
vn -0.5255 -0.7767 -0.3471
vn -0.7922 -0.3137 -0.5234
vn 0.0959 -0.9934 -0.0633
vn 0.0854 -0.9651 -0.2475
vn 0.1395 -0.9040 -0.4040
vn 0.3664 -0.8984 -0.2421
vn 0.2839 -0.4930 -0.8224
vn 0.5255 -0.7767 -0.3471
vn 0.7922 -0.3137 -0.5234
vn 0.3226 -0.1501 -0.9346
vn 0.0467 -0.9129 -0.4055
vn 0.0703 -0.7888 -0.6106
vn 0.1081 -0.3252 -0.9395
vn 0.1138 -0.0917 -0.9893
vn 0.0114 -0.9000 -0.4358
vn 0.0236 -0.4389 -0.8982
vn 0.0252 -0.2825 -0.9589
vn 0.0262 -0.0786 -0.9966
vt 0.861462 0.677340
vt 0.887402 0.677340
vt 0.887947 0.679120
vt 0.860916 0.679120
vt 0.864843 0.673982
vt 0.884020 0.673982
vt 0.885954 0.675891
vt 0.862909 0.675891
vt 0.892191 0.644921
vt 0.937627 0.644921
vt 0.937627 0.646378
vt 0.892191 0.646383
vt 0.892191 0.674876
vt 0.937627 0.674888
vt 0.937627 0.676344
vt 0.892191 0.676338
vt 0.859448 0.724556
vt 0.859454 0.679120
vt 0.860905 0.724556
vt 0.861811 0.651772
vt 0.862202 0.650256
vt 0.863327 0.649131
vt 0.864843 0.648740
vt 0.884020 0.648740
vt 0.885536 0.649131
vt 0.886661 0.650256
vt 0.887053 0.651772
vt 0.887053 0.670949
vt 0.886661 0.672465
vt 0.885536 0.673590
vt 0.863327 0.673590
vt 0.862202 0.672465
vt 0.861811 0.670949
vt 0.888962 0.672883
vt 0.888962 0.649838
vt 0.890411 0.648391
vt 0.890411 0.674331
vt 0.887402 0.645381
vt 0.861462 0.645381
vt 0.860916 0.643602
vt 0.887947 0.643602
vt 0.859901 0.672883
vt 0.859901 0.649838
vt 0.885954 0.646831
vt 0.862909 0.646830
vt 0.858452 0.648391
vt 0.858452 0.674331
vt 0.856672 0.674876
vt 0.856672 0.647845
vt 0.892191 0.647845
vt 0.937627 0.677800
vt 0.892191 0.677800
vt 0.887458 0.675585
vt 0.888656 0.674387
vt 0.887458 0.647136
vt 0.888656 0.648335
vt 0.888880 0.677114
vt 0.890185 0.675810
vt 0.888880 0.645607
vt 0.890185 0.646912
vt 0.890359 0.677340
vt 0.890732 0.678637
vt 0.891708 0.677661
vt 0.890411 0.677288
vt 0.890300 0.675810
vt 0.892080 0.676338
vt 0.890732 0.644084
vt 0.890359 0.645381
vt 0.890411 0.645433
vt 0.891708 0.645060
vt 0.892080 0.646383
vt 0.890300 0.646912
vt 0.860207 0.648335
vt 0.861405 0.647136
vt 0.858678 0.646912
vt 0.859983 0.645607
vt 0.857155 0.645060
vt 0.858452 0.645433
vt 0.858504 0.645381
vt 0.858131 0.644084
vt 0.859454 0.643712
vt 0.859983 0.645492
vt 0.861405 0.675585
vt 0.860207 0.674387
vt 0.859983 0.677114
vt 0.858678 0.675810
vt 0.859454 0.679009
vt 0.859983 0.677229
vt 0.858131 0.678637
vt 0.858504 0.677340
vt 0.858452 0.677288
vt 0.857155 0.677661
vt 0.811236 0.647834
vt 0.811236 0.674888
vt 0.859454 0.643602
vt 0.859448 0.598166
vt 0.860905 0.598166
vt 0.857992 0.724556
vt 0.857992 0.679120
vt 0.937627 0.674888
vt 0.937627 0.647834
vt 0.887959 0.724556
vt 0.887959 0.598166
vt 0.856672 0.677800
vt 0.811236 0.677800
vt 0.890871 0.598166
vt 0.890871 0.643602
vt 0.857992 0.643602
vt 0.857992 0.598166
vt 0.811236 0.644921
vt 0.856672 0.644921
vt 0.890871 0.679120
vt 0.890871 0.724556
vt 0.860086 0.565846
vt 0.859892 0.566569
vt 0.858942 0.566444
vt 0.859234 0.565354
vt 0.858001 0.566286
vt 0.858365 0.564929
vt 0.809356 0.677668
vt 0.809356 0.674952
vt 0.860432 0.565500
vt 0.859940 0.564649
vt 0.858431 0.564814
vt 0.859400 0.563845
vt 0.859382 0.726436
vt 0.858058 0.726436
vt 0.861154 0.565307
vt 0.861029 0.564357
vt 0.859514 0.563779
vt 0.860872 0.563415
vt 0.860872 0.726436
vt 0.859514 0.726436
vt 0.888971 0.566569
vt 0.888777 0.565846
vt 0.889629 0.565354
vt 0.889921 0.566444
vt 0.890498 0.564929
vt 0.890862 0.566286
vt 0.939507 0.674920
vt 0.939507 0.676278
vt 0.888431 0.565500
vt 0.888923 0.564649
vt 0.889463 0.563845
vt 0.890433 0.564814
vt 0.939507 0.676410
vt 0.939507 0.677734
vt 0.887709 0.565307
vt 0.887834 0.564357
vt 0.887991 0.563415
vt 0.889349 0.563779
vt 0.890739 0.726436
vt 0.888023 0.726436
vt 0.887709 0.594385
vt 0.888431 0.594192
vt 0.888923 0.595043
vt 0.887834 0.595335
vt 0.889349 0.595913
vt 0.887991 0.596277
vt 0.888023 0.596285
vt 0.890739 0.596285
vt 0.888777 0.593846
vt 0.889629 0.594337
vt 0.890433 0.594877
vt 0.889463 0.595847
vt 0.939507 0.644987
vt 0.939507 0.646312
vt 0.888971 0.593123
vt 0.889921 0.593248
vt 0.890862 0.593406
vt 0.890498 0.594763
vt 0.939507 0.646443
vt 0.939507 0.647801
vt 0.859892 0.593123
vt 0.860086 0.593846
vt 0.859234 0.594337
vt 0.858942 0.593248
vt 0.858365 0.594763
vt 0.858001 0.593406
vt 0.809356 0.647769
vt 0.809356 0.645053
vt 0.860432 0.594192
vt 0.859940 0.595043
vt 0.859400 0.595847
vt 0.858431 0.594877
vt 0.858058 0.596285
vt 0.859382 0.596285
vt 0.861154 0.594385
vt 0.861029 0.595335
vt 0.860905 0.597225
vt 0.859514 0.597225
vt 0.939507 0.647867
vt 0.939507 0.674854
vt 0.890871 0.566352
vt 0.890871 0.593340
vt 0.887925 0.597225
vt 0.809356 0.674854
vt 0.809356 0.647867
vt 0.857992 0.593340
vt 0.857992 0.566352
vt 0.887925 0.726436
vt 0.860938 0.726436
vt 0.860938 0.563407
vt 0.887925 0.563407
s 1
usemtl Material
f 173/206/161 142/207/162 134/208/163 165/209/164
f 161/210/165 130/211/166 138/212/167 169/213/168
f 151/214/169 222/215/170 218/216/171 152/217/172
f 133/218/173 198/219/174 206/220/175 135/221/176
f 238/222/177 167/223/178 165/209/164 230/224/179
f 177/225/180 179/226/181 180/227/182 178/228/183 145/229/184 147/230/185 148/231/186 146/232/187 129/233/188 131/234/189 132/235/190 130/211/166 161/210/165 163/236/191 164/237/192 162/238/193
f 169/213/168 138/212/167 142/207/194 173/206/195
f 137/239/196 154/240/197 158/241/198 141/242/199
f 157/243/200 190/244/201 182/245/202 149/246/203
f 177/225/180 162/238/193 170/247/204 185/248/205
f 153/249/206 186/250/207 190/244/208 157/243/209
f 189/251/210 174/252/211 166/253/212 181/254/213
f 185/248/205 170/247/204 174/252/214 189/251/215
f 129/233/188 146/232/187 154/240/197 137/239/196
f 145/229/184 178/228/183 186/250/207 153/249/206
f 141/242/216 158/241/217 150/255/218 133/218/173
f 135/221/176 206/220/175 202/256/219 136/257/220
f 138/212/167 130/211/166 132/235/190 140/258/221
f 140/258/221 132/235/190 131/234/189 139/259/222
f 139/259/222 131/234/189 129/233/188 137/239/196
f 145/229/184 153/249/206 155/260/223 147/230/185
f 147/230/185 155/260/223 156/261/224 148/231/186
f 148/231/186 156/261/224 154/240/197 146/232/187
f 142/207/194 138/212/167 140/258/221 144/262/225
f 144/262/225 140/258/221 139/259/222 143/263/226
f 143/263/226 139/259/222 137/239/196 141/242/199
f 153/249/206 157/243/209 159/264/227 155/260/223
f 155/260/223 159/264/227 160/265/228 156/261/224
f 156/261/224 160/265/228 158/241/198 154/240/197
f 134/208/163 142/207/162 144/266/229 136/267/220
f 136/268/220 144/269/229 143/270/230 135/271/176
f 135/271/176 143/270/230 141/242/216 133/218/173
f 157/243/200 149/246/203 151/272/169 159/273/231
f 159/274/231 151/275/169 152/276/172 160/277/232
f 160/277/232 152/276/172 150/255/218 158/241/217
f 177/225/180 185/248/205 187/278/233 179/226/181
f 179/226/181 187/278/233 188/279/234 180/227/182
f 180/227/182 188/279/234 186/250/207 178/228/183
f 185/248/205 189/251/215 191/280/235 187/278/233
f 187/278/233 191/280/235 192/281/236 188/279/234
f 188/279/234 192/281/236 190/244/208 186/250/207
f 189/251/210 181/254/213 183/282/237 191/283/238
f 191/284/238 183/285/237 184/286/239 192/287/240
f 192/287/240 184/286/239 182/245/202 190/244/201
f 161/210/165 169/213/168 171/288/241 163/236/191
f 163/236/191 171/288/241 172/289/242 164/237/192
f 164/237/192 172/289/242 170/247/204 162/238/193
f 169/213/168 173/206/195 175/290/243 171/288/241
f 171/288/241 175/290/243 176/291/244 172/289/242
f 172/289/242 176/291/244 174/252/214 170/247/204
f 173/206/161 165/209/164 167/292/178 175/293/245
f 175/293/245 167/292/178 168/294/246 176/295/247
f 176/296/247 168/297/246 166/253/212 174/252/211
f 246/298/248 181/254/213 166/253/212 226/299/249
f 184/300/239 250/301/250 242/302/251 182/245/202
f 234/303/252 168/304/246 167/223/178 238/222/177
f 198/305/174 133/218/173 150/255/218 210/306/253
f 152/217/172 218/216/171 210/306/253 150/255/218
f 230/224/179 165/209/164 134/208/163 194/307/254
f 214/308/255 149/246/203 182/245/202 242/302/251
f 226/299/249 166/253/212 168/309/246 234/310/252
f 149/246/203 214/308/255 222/311/170 151/312/169
f 183/313/237 254/314/256 250/301/250 184/300/239
f 181/254/213 246/298/248 254/315/256 183/316/237
f 136/317/220 202/318/219 194/307/254 134/208/163
f 233/319/257 225/320/258 227/321/259 235/322/260
f 235/322/261 227/321/259 228/323/262 236/324/261
f 236/325/263 228/326/264 226/299/249 234/310/252
f 237/327/265 233/319/257 235/322/260 239/328/266
f 239/328/267 235/322/261 236/329/261 240/330/267
f 240/331/268 236/332/263 234/303/252 238/222/177
f 229/333/269 237/327/265 239/328/266 231/334/270
f 231/334/270 239/328/267 240/335/267 232/336/271
f 232/337/272 240/338/268 238/222/177 230/224/179
f 197/339/273 205/340/274 207/341/275 199/342/276
f 199/342/276 207/341/277 208/343/277 200/344/278
f 200/345/279 208/346/280 206/220/175 198/219/174
f 205/340/274 201/347/281 203/348/282 207/341/275
f 207/341/277 203/348/283 204/349/283 208/350/277
f 208/351/280 204/352/284 202/256/219 206/220/175
f 201/347/281 193/353/285 195/354/286 203/348/282
f 203/348/283 195/354/286 196/355/287 204/356/283
f 204/357/284 196/358/288 194/307/254 202/318/219
f 213/359/289 221/360/290 223/361/291 215/362/292
f 215/362/292 223/361/293 224/363/293 216/364/294
f 216/365/295 224/366/296 222/311/170 214/308/255
f 221/360/290 217/367/297 219/368/298 223/361/291
f 223/361/293 219/368/299 220/369/299 224/370/293
f 224/371/296 220/372/300 218/216/171 222/215/170
f 217/367/297 209/373/301 211/374/302 219/368/298
f 219/368/299 211/374/302 212/375/303 220/376/299
f 220/377/300 212/378/304 210/306/253 218/216/171
f 245/379/305 253/380/306 255/381/307 247/382/308
f 247/382/308 255/381/309 256/383/309 248/384/310
f 248/385/311 256/386/312 254/315/256 246/298/248
f 253/380/306 249/387/313 251/388/314 255/381/307
f 255/381/309 251/388/315 252/389/315 256/390/309
f 256/391/312 252/392/316 250/301/250 254/314/256
f 249/387/313 241/393/317 243/394/318 251/388/314
f 251/388/315 243/394/318 244/395/319 252/396/315
f 252/396/316 244/395/320 242/302/251 250/301/250
f 198/305/174 210/306/253 212/397/304 200/398/279
f 200/399/278 212/400/303 211/374/302 199/342/276
f 199/342/276 211/374/302 209/373/301 197/339/273
f 214/308/255 242/302/251 244/395/320 216/401/295
f 216/401/294 244/395/319 243/394/318 215/362/292
f 215/362/292 243/394/318 241/393/317 213/359/289
f 246/298/248 226/299/249 228/402/264 248/403/311
f 248/404/310 228/405/262 227/321/259 247/382/308
f 247/382/308 227/321/259 225/320/258 245/379/305
f 230/224/179 194/307/254 196/406/288 232/407/272
f 232/408/271 196/409/287 195/354/286 231/334/270
f 231/334/270 195/354/286 193/353/285 229/333/269
f 209/373/301 217/367/297 221/360/290 213/359/289 241/393/317 249/387/313 253/380/306 245/379/305 225/320/258 233/319/257 237/327/265 229/333/269 193/353/285 201/347/281 205/340/274 197/339/273
o Building.007
v -0.070089 2.107900 -1.177933
v -0.032342 2.107900 -1.170411
v -0.065032 2.107900 -1.174172
v -0.051215 2.107900 -1.171418
v -0.117615 2.078365 -1.168191
v -0.081225 2.078365 -1.160939
v -0.112740 2.078365 -1.164565
v -0.099420 2.078365 -1.161911
v -0.093852 2.103943 -1.173136
v -0.056413 2.103943 -1.165675
v -0.088836 2.103943 -1.169405
v -0.075132 2.103943 -1.166674
v -0.111247 2.093132 -1.169545
v -0.074434 2.093132 -1.162208
v -0.106315 2.093132 -1.165876
v -0.092841 2.093132 -1.163191
v -0.032342 2.107900 -1.233025
v -0.070089 2.107900 -1.225503
v -0.051215 2.107900 -1.232018
v -0.065032 2.107900 -1.229264
v -0.081225 2.078365 -1.242497
v -0.117615 2.078365 -1.235245
v -0.099420 2.078365 -1.241525
v -0.112740 2.078365 -1.238871
v -0.056413 2.103943 -1.237761
v -0.093852 2.103943 -1.230300
v -0.075132 2.103943 -1.236762
v -0.088836 2.103943 -1.234030
v -0.074434 2.093132 -1.241228
v -0.111247 2.093132 -1.233891
v -0.092841 2.093132 -1.240245
v -0.106315 2.093132 -1.237560
v 0.720225 2.107900 -1.170411
v 0.757971 2.107900 -1.177933
v 0.739098 2.107900 -1.171418
v 0.752914 2.107900 -1.174172
v 0.769108 2.078365 -1.160939
v 0.805497 2.078365 -1.168191
v 0.787303 2.078365 -1.161911
v 0.800622 2.078365 -1.164565
v 0.744295 2.103943 -1.165675
v 0.781734 2.103943 -1.173136
v 0.763015 2.103943 -1.166674
v 0.776718 2.103943 -1.169405
v 0.762317 2.093132 -1.162208
v 0.799130 2.093132 -1.169545
v 0.780724 2.093132 -1.163191
v 0.794198 2.093132 -1.165876
v 0.757971 2.107900 -1.225503
v 0.720225 2.107900 -1.233025
v 0.752914 2.107900 -1.229264
v 0.739098 2.107900 -1.232018
v 0.805497 2.078365 -1.235245
v 0.769108 2.078365 -1.242497
v 0.800622 2.078365 -1.238871
v 0.787303 2.078365 -1.241525
v 0.781734 2.103943 -1.230300
v 0.744295 2.103943 -1.237761
v 0.776718 2.103943 -1.234030
v 0.763015 2.103943 -1.236762
v 0.799130 2.093132 -1.233891
v 0.762317 2.093132 -1.241228
v 0.794198 2.093132 -1.237560
v 0.780724 2.093132 -1.240245
v -0.078258 1.668756 -1.165652
v -0.081366 1.685034 -1.160939
v -0.079814 1.670937 -1.163296
v -0.080952 1.676895 -1.161570
v -0.093965 1.668756 -1.168782
v -0.117615 1.685034 -1.168163
v -0.105790 1.670937 -1.168472
v -0.114446 1.676895 -1.168246
v -0.087251 1.668756 -1.166132
v -0.099490 1.685034 -1.161907
v -0.093372 1.670937 -1.164020
v -0.097852 1.676895 -1.162473
v -0.091555 1.668756 -1.166990
v -0.112758 1.685034 -1.164551
v -0.102157 1.670937 -1.165770
v -0.109918 1.676895 -1.164878
v -0.093965 1.668756 -1.234653
v -0.117615 1.685034 -1.235273
v -0.105790 1.670937 -1.234964
v -0.114446 1.676895 -1.235190
v -0.078258 1.668756 -1.237784
v -0.081366 1.685034 -1.242497
v -0.079814 1.670937 -1.240140
v -0.080952 1.676895 -1.241866
v -0.091555 1.668756 -1.236446
v -0.112758 1.685034 -1.238885
v -0.102157 1.670937 -1.237666
v -0.109918 1.676895 -1.238558
v -0.087251 1.668756 -1.237303
v -0.099490 1.685034 -1.241529
v -0.093372 1.670937 -1.239416
v -0.097852 1.676895 -1.240963
v 0.781848 1.668756 -1.168782
v 0.805497 1.685034 -1.168163
v 0.793673 1.670937 -1.168472
v 0.802329 1.676895 -1.168246
v 0.766141 1.668756 -1.165652
v 0.769248 1.685034 -1.160939
v 0.767697 1.670937 -1.163296
v 0.768834 1.676895 -1.161570
v 0.779438 1.668756 -1.166990
v 0.800641 1.685034 -1.164551
v 0.790040 1.670937 -1.165770
v 0.797801 1.676895 -1.164878
v 0.775134 1.668756 -1.166132
v 0.787373 1.685034 -1.161907
v 0.781254 1.670937 -1.164020
v 0.785734 1.676895 -1.162473
v 0.766141 1.668756 -1.237784
v 0.769248 1.685034 -1.242497
v 0.767697 1.670937 -1.240140
v 0.768834 1.676895 -1.241866
v 0.781848 1.668756 -1.234653
v 0.805497 1.685034 -1.235273
v 0.793673 1.670937 -1.234964
v 0.802329 1.676895 -1.235190
v 0.775134 1.668756 -1.237303
v 0.787373 1.685034 -1.241529
v 0.781254 1.670937 -1.239416
v 0.785734 1.676895 -1.240963
v 0.779438 1.668756 -1.236446
v 0.800641 1.685034 -1.238885
v 0.790040 1.670937 -1.237666
v 0.797801 1.676895 -1.238558
vn 0.0217 0.0955 0.9952
vn -0.0217 0.0955 0.9952
vn -0.0282 0.0478 0.9985
vn 0.0282 0.0478 0.9985
vn 0.0054 0.9229 0.3851
vn -0.0054 0.9229 0.3851
vn -0.0176 0.4986 0.8666
vn 0.0176 0.4986 0.8666
vn -0.1160 0.0642 -0.9912
vn -0.1142 -0.0442 -0.9925
vn -0.3254 -0.0727 -0.9428
vn -0.3196 0.1038 -0.9419
vn -0.8000 0.1921 0.5685
vn -0.8238 -0.1585 0.5442
vn -0.3254 -0.0727 0.9428
vn -0.3196 0.1038 0.9419
vn 0.1142 -0.0442 0.9925
vn 0.1160 0.0642 0.9912
vn 0.0262 -0.0383 0.9989
vn 0.0828 0.9961 -0.0292
vn 0.0629 0.9852 -0.1592
vn 0.0307 0.9519 -0.3049
vn 0.0054 0.9229 -0.3851
vn -0.0054 0.9229 -0.3851
vn -0.0307 0.9519 -0.3049
vn -0.0629 0.9852 -0.1592
vn -0.0828 0.9961 -0.0292
vn -0.0828 0.9961 0.0292
vn -0.0629 0.9852 0.1592
vn -0.0307 0.9519 0.3049
vn 0.0307 0.9519 0.3049
vn 0.0629 0.9852 0.1592
vn 0.0828 0.9961 0.0292
vn -0.0326 0.3541 0.9347
vn 0.0326 0.3541 0.9347
vn -0.3228 0.9320 0.1650
vn -0.3228 0.9320 -0.1650
vn -0.4310 0.8192 -0.3783
vn -0.4310 0.8192 0.3783
vn -0.0217 0.0955 -0.9952
vn 0.0217 0.0955 -0.9952
vn 0.0282 0.0478 -0.9985
vn -0.0282 0.0478 -0.9985
vn 0.3228 0.9320 0.1650
vn 0.3228 0.9320 -0.1650
vn -0.0176 0.4986 -0.8666
vn 0.0176 0.4986 -0.8666
vn 0.0326 0.3541 -0.9347
vn -0.0326 0.3541 -0.9347
vn 0.8078 0.3889 -0.4430
vn 0.8078 0.3889 0.4430
vn 0.8000 0.1921 0.5684
vn 0.8000 0.1921 -0.5684
vn 0.4310 0.8192 0.3783
vn 0.4310 0.8192 -0.3783
vn -0.8078 0.3889 0.4430
vn -0.8078 0.3889 -0.4430
vn -0.8000 0.1921 -0.5685
vn -0.1142 -0.0442 0.9925
vn -0.1160 0.0642 0.9912
vn -0.0850 0.6003 0.7953
vn -0.2104 0.7970 0.5662
vn -0.0850 0.6003 -0.7953
vn -0.2104 0.7970 -0.5662
vn -0.1087 0.4617 0.8803
vn -0.2384 0.6275 0.7412
vn -0.1087 0.4617 -0.8803
vn -0.2384 0.6275 -0.7412
vn -0.1083 0.1337 0.9851
vn -0.3309 0.2253 0.9163
vn -0.1083 0.1337 -0.9851
vn -0.3309 0.2253 -0.9164
vn 0.2104 0.7970 -0.5662
vn 0.0850 0.6003 -0.7953
vn 0.2384 0.6275 -0.7412
vn 0.1087 0.4617 -0.8803
vn 0.3196 0.1038 -0.9419
vn 0.3310 0.2253 -0.9163
vn 0.1160 0.0642 -0.9912
vn 0.1083 0.1337 -0.9851
vn 0.0850 0.6003 0.7953
vn 0.2104 0.7970 0.5662
vn 0.1087 0.4617 0.8803
vn 0.2384 0.6275 0.7412
vn 0.1083 0.1337 0.9851
vn 0.3196 0.1038 0.9419
vn 0.3310 0.2253 0.9163
vn 0.8238 -0.1585 -0.5442
vn 0.8238 -0.1585 0.5442
vn 0.1142 -0.0442 -0.9925
vn 0.0262 -0.0383 -0.9989
vn 0.3254 -0.0727 0.9428
vn -0.8238 -0.1585 -0.5442
vn -0.0262 -0.0383 0.9989
vn -0.0262 -0.0383 -0.9989
vn 0.3254 -0.0727 -0.9428
vn 0.0854 -0.9651 0.2475
vn 0.0959 -0.9934 0.0633
vn 0.3664 -0.8984 0.2421
vn 0.1395 -0.9040 0.4040
vn 0.2839 -0.4930 0.8224
vn 0.5255 -0.7767 0.3471
vn 0.3226 -0.1501 0.9346
vn 0.7922 -0.3137 0.5234
vn 0.0467 -0.9129 0.4055
vn 0.0703 -0.7888 0.6106
vn 0.1081 -0.3252 0.9395
vn 0.1138 -0.0917 0.9893
vn 0.0114 -0.9000 0.4358
vn 0.0236 -0.4389 0.8982
vn 0.0252 -0.2825 0.9589
vn 0.0262 -0.0786 0.9966
vn -0.0959 -0.9934 0.0633
vn -0.0854 -0.9651 0.2475
vn -0.1395 -0.9040 0.4040
vn -0.3664 -0.8984 0.2421
vn -0.2839 -0.4930 0.8224
vn -0.5255 -0.7767 0.3471
vn -0.7922 -0.3137 0.5234
vn -0.3226 -0.1501 0.9346
vn -0.0467 -0.9129 0.4055
vn -0.0703 -0.7888 0.6106
vn -0.1081 -0.3252 0.9395
vn -0.1138 -0.0917 0.9893
vn -0.0114 -0.9000 0.4358
vn -0.0236 -0.4389 0.8982
vn -0.0252 -0.2825 0.9589
vn -0.0262 -0.0786 0.9966
vn -0.0114 -0.9000 -0.4358
vn -0.0467 -0.9129 -0.4055
vn -0.0703 -0.7888 -0.6106
vn -0.0236 -0.4389 -0.8982
vn -0.1081 -0.3252 -0.9395
vn -0.0252 -0.2825 -0.9589
vn -0.0262 -0.0786 -0.9966
vn -0.1138 -0.0917 -0.9893
vn -0.0854 -0.9651 -0.2475
vn -0.1395 -0.9040 -0.4040
vn -0.2839 -0.4930 -0.8224
vn -0.3226 -0.1501 -0.9346
vn -0.0959 -0.9934 -0.0633
vn -0.3664 -0.8984 -0.2421
vn -0.5255 -0.7767 -0.3471
vn -0.7922 -0.3137 -0.5234
vn 0.0959 -0.9934 -0.0633
vn 0.0854 -0.9651 -0.2475
vn 0.1395 -0.9040 -0.4040
vn 0.3664 -0.8984 -0.2421
vn 0.2839 -0.4930 -0.8224
vn 0.5255 -0.7767 -0.3471
vn 0.7922 -0.3137 -0.5234
vn 0.3226 -0.1501 -0.9346
vn 0.0467 -0.9129 -0.4055
vn 0.0703 -0.7888 -0.6106
vn 0.1081 -0.3252 -0.9395
vn 0.1138 -0.0917 -0.9893
vn 0.0114 -0.9000 -0.4358
vn 0.0236 -0.4389 -0.8982
vn 0.0252 -0.2825 -0.9589
vn 0.0262 -0.0786 -0.9966
vt 0.854918 0.633703
vt 0.874400 0.633703
vt 0.874809 0.635039
vt 0.854509 0.635039
vt 0.857458 0.631180
vt 0.871860 0.631180
vt 0.873312 0.632614
vt 0.856006 0.632614
vt 0.877996 0.609356
vt 0.912119 0.609356
vt 0.912119 0.610450
vt 0.877996 0.610454
vt 0.877996 0.631852
vt 0.912119 0.631861
vt 0.912119 0.632954
vt 0.877996 0.632950
vt 0.853407 0.669161
vt 0.853411 0.635039
vt 0.854500 0.669161
vt 0.855181 0.614501
vt 0.855475 0.613362
vt 0.856319 0.612517
vt 0.857458 0.612224
vt 0.871860 0.612224
vt 0.872999 0.612517
vt 0.873843 0.613362
vt 0.874137 0.614501
vt 0.874137 0.628903
vt 0.873843 0.630041
vt 0.872999 0.630886
vt 0.856319 0.630886
vt 0.855475 0.630041
vt 0.855181 0.628903
vt 0.875571 0.630355
vt 0.875571 0.613049
vt 0.876660 0.611961
vt 0.876660 0.631442
vt 0.874400 0.609701
vt 0.854918 0.609701
vt 0.854509 0.608365
vt 0.874809 0.608365
vt 0.853747 0.630355
vt 0.853747 0.613049
vt 0.873312 0.610790
vt 0.856006 0.610790
vt 0.852658 0.611961
vt 0.852658 0.631442
vt 0.851322 0.631852
vt 0.851322 0.611552
vt 0.877996 0.611552
vt 0.912119 0.634048
vt 0.877996 0.634048
vt 0.874442 0.632385
vt 0.875342 0.631485
vt 0.874442 0.611019
vt 0.875342 0.611919
vt 0.875510 0.633533
vt 0.876490 0.632553
vt 0.875510 0.609871
vt 0.876490 0.610851
vt 0.876621 0.633703
vt 0.876901 0.634676
vt 0.877634 0.633944
vt 0.876660 0.633664
vt 0.876576 0.632553
vt 0.877913 0.632950
vt 0.876901 0.608727
vt 0.876621 0.609701
vt 0.876660 0.609740
vt 0.877634 0.609460
vt 0.877913 0.610454
vt 0.876576 0.610851
vt 0.853976 0.611919
vt 0.854876 0.611019
vt 0.852828 0.610851
vt 0.853808 0.609871
vt 0.851684 0.609460
vt 0.852658 0.609740
vt 0.852697 0.609701
vt 0.852417 0.608727
vt 0.853411 0.608448
vt 0.853808 0.609785
vt 0.854876 0.632385
vt 0.853976 0.631485
vt 0.853808 0.633533
vt 0.852828 0.632553
vt 0.853411 0.634956
vt 0.853808 0.633619
vt 0.852417 0.634676
vt 0.852697 0.633703
vt 0.852658 0.633664
vt 0.851684 0.633944
vt 0.817199 0.611543
vt 0.817199 0.631861
vt 0.853411 0.608365
vt 0.853407 0.574242
vt 0.854500 0.574242
vt 0.852313 0.669161
vt 0.852313 0.635039
vt 0.912119 0.611543
vt 0.874818 0.669161
vt 0.874818 0.574242
vt 0.851322 0.634048
vt 0.817199 0.634048
vt 0.877005 0.574242
vt 0.877005 0.608365
vt 0.852313 0.608365
vt 0.852313 0.574242
vt 0.817199 0.609356
vt 0.851322 0.609356
vt 0.877005 0.635039
vt 0.877005 0.669161
vt 0.853885 0.549971
vt 0.853740 0.550513
vt 0.853027 0.550419
vt 0.853246 0.549601
vt 0.852320 0.550301
vt 0.852593 0.549282
vt 0.815787 0.633949
vt 0.815787 0.631909
vt 0.854145 0.549711
vt 0.853776 0.549071
vt 0.852642 0.549196
vt 0.853370 0.548468
vt 0.853357 0.670574
vt 0.852363 0.670574
vt 0.854688 0.549566
vt 0.854594 0.548852
vt 0.853456 0.548418
vt 0.854476 0.548145
vt 0.854476 0.670574
vt 0.853456 0.670574
vt 0.875578 0.550513
vt 0.875432 0.549971
vt 0.876072 0.549601
vt 0.876291 0.550419
vt 0.876725 0.549282
vt 0.876998 0.550301
vt 0.913531 0.631885
vt 0.913531 0.632905
vt 0.875173 0.549711
vt 0.875542 0.549071
vt 0.875948 0.548468
vt 0.876676 0.549196
vt 0.913531 0.633004
vt 0.913531 0.633998
vt 0.874630 0.549566
vt 0.874724 0.548852
vt 0.874842 0.548145
vt 0.875862 0.548418
vt 0.876906 0.670574
vt 0.874866 0.670574
vt 0.874630 0.571403
vt 0.875173 0.571258
vt 0.875542 0.571898
vt 0.874724 0.572117
vt 0.875862 0.572551
vt 0.874842 0.572824
vt 0.874866 0.572830
vt 0.876906 0.572830
vt 0.875432 0.570998
vt 0.876072 0.571368
vt 0.876676 0.571773
vt 0.875948 0.572501
vt 0.913531 0.609406
vt 0.913531 0.610400
vt 0.875578 0.570456
vt 0.876291 0.570550
vt 0.876998 0.570668
vt 0.876725 0.571687
vt 0.913531 0.610499
vt 0.913531 0.611519
vt 0.853740 0.570456
vt 0.853885 0.570998
vt 0.853246 0.571368
vt 0.853027 0.570550
vt 0.852593 0.571687
vt 0.852320 0.570668
vt 0.815787 0.611495
vt 0.815787 0.609455
vt 0.854145 0.571258
vt 0.853776 0.571898
vt 0.853370 0.572501
vt 0.852642 0.571773
vt 0.852363 0.572830
vt 0.853357 0.572830
vt 0.854688 0.571403
vt 0.854594 0.572117
vt 0.854501 0.573536
vt 0.853456 0.573536
vt 0.913531 0.611568
vt 0.913531 0.631836
vt 0.877005 0.550351
vt 0.877005 0.570618
vt 0.874793 0.573536
vt 0.815787 0.631836
vt 0.815787 0.611568
vt 0.852313 0.570618
vt 0.852313 0.550351
vt 0.874793 0.670574
vt 0.854525 0.670574
vt 0.854525 0.548139
vt 0.874793 0.548139
s 1
usemtl Material
f 301/410/321 270/411/322 262/412/323 293/413/324
f 289/414/325 258/415/326 266/416/327 297/417/328
f 279/418/329 350/419/330 346/420/331 280/421/332
f 261/422/333 326/423/334 334/424/335 263/425/336
f 366/426/337 295/427/338 293/413/324 358/428/339
f 305/429/340 307/430/341 308/431/342 306/432/343 273/433/344 275/434/345 276/435/346 274/436/347 257/437/348 259/438/349 260/439/350 258/415/326 289/414/325 291/440/351 292/441/352 290/442/353
f 297/417/328 266/416/327 270/411/354 301/410/355
f 265/443/356 282/444/357 286/445/358 269/446/359
f 285/447/360 318/448/361 310/449/362 277/450/363
f 305/429/340 290/442/353 298/451/364 313/452/365
f 281/453/366 314/454/367 318/448/368 285/447/369
f 317/455/370 302/456/371 294/457/372 309/458/373
f 313/452/365 298/451/364 302/456/374 317/455/375
f 257/437/348 274/436/347 282/444/357 265/443/356
f 273/433/344 306/432/343 314/454/367 281/453/366
f 269/446/376 286/445/377 278/459/378 261/422/333
f 263/425/336 334/424/335 330/460/379 264/461/380
f 266/416/327 258/415/326 260/439/350 268/462/381
f 268/462/381 260/439/350 259/438/349 267/463/382
f 267/463/382 259/438/349 257/437/348 265/443/356
f 273/433/344 281/453/366 283/464/383 275/434/345
f 275/434/345 283/464/383 284/465/384 276/435/346
f 276/435/346 284/465/384 282/444/357 274/436/347
f 270/411/354 266/416/327 268/462/381 272/466/385
f 272/466/385 268/462/381 267/463/382 271/467/386
f 271/467/386 267/463/382 265/443/356 269/446/359
f 281/453/366 285/447/369 287/468/387 283/464/383
f 283/464/383 287/468/387 288/469/388 284/465/384
f 284/465/384 288/469/388 286/445/358 282/444/357
f 262/412/323 270/411/322 272/470/389 264/471/380
f 264/472/380 272/473/389 271/474/390 263/475/336
f 263/475/336 271/474/390 269/446/376 261/422/333
f 285/447/360 277/450/363 279/476/329 287/477/391
f 287/478/391 279/479/329 280/480/332 288/481/392
f 288/481/392 280/480/332 278/459/378 286/445/377
f 305/429/340 313/452/365 315/482/393 307/430/341
f 307/430/341 315/482/393 316/483/394 308/431/342
f 308/431/342 316/483/394 314/454/367 306/432/343
f 313/452/365 317/455/375 319/484/395 315/482/393
f 315/482/393 319/484/395 320/485/396 316/483/394
f 316/483/394 320/485/396 318/448/368 314/454/367
f 317/455/370 309/458/373 311/486/397 319/487/398
f 319/488/398 311/489/397 312/490/399 320/491/400
f 320/491/400 312/490/399 310/449/362 318/448/361
f 289/414/325 297/417/328 299/492/401 291/440/351
f 291/440/351 299/492/401 300/493/402 292/441/352
f 292/441/352 300/493/402 298/451/364 290/442/353
f 297/417/328 301/410/355 303/494/403 299/492/401
f 299/492/401 303/494/403 304/495/404 300/493/402
f 300/493/402 304/495/404 302/456/374 298/451/364
f 301/410/321 293/413/324 295/496/338 303/497/405
f 303/497/405 295/496/338 296/498/406 304/499/407
f 304/500/407 296/501/406 294/457/372 302/456/371
f 374/502/408 309/458/373 294/457/372 354/503/409
f 312/504/399 378/505/410 370/506/411 310/449/362
f 362/507/412 296/508/406 295/427/338 366/426/337
f 326/423/334 261/422/333 278/459/378 338/509/413
f 280/421/332 346/420/331 338/509/413 278/459/378
f 358/428/339 293/413/324 262/412/323 322/510/414
f 342/511/415 277/450/363 310/449/362 370/506/411
f 354/503/409 294/457/372 296/512/406 362/513/412
f 277/450/363 342/511/415 350/514/330 279/515/329
f 311/516/397 382/517/416 378/505/410 312/504/399
f 309/458/373 374/502/408 382/518/416 311/519/397
f 264/520/380 330/521/379 322/510/414 262/412/323
f 361/522/417 353/523/418 355/524/419 363/525/420
f 363/525/421 355/524/419 356/526/422 364/527/421
f 364/528/423 356/529/424 354/503/409 362/513/412
f 365/530/425 361/522/417 363/525/420 367/531/426
f 367/531/427 363/525/421 364/532/421 368/533/427
f 368/534/428 364/535/423 362/507/412 366/426/337
f 357/536/429 365/530/425 367/531/426 359/537/430
f 359/537/430 367/531/427 368/538/427 360/539/431
f 360/540/432 368/541/428 366/426/337 358/428/339
f 325/542/433 333/543/434 335/544/435 327/545/436
f 327/545/436 335/544/437 336/546/437 328/547/438
f 328/548/439 336/549/440 334/424/335 326/423/334
f 333/543/434 329/550/441 331/551/442 335/544/435
f 335/544/437 331/551/443 332/552/443 336/553/437
f 336/554/440 332/555/444 330/460/379 334/424/335
f 329/550/441 321/556/445 323/557/446 331/551/442
f 331/551/443 323/557/446 324/558/447 332/559/443
f 332/560/444 324/561/448 322/510/414 330/521/379
f 341/562/449 349/563/450 351/564/451 343/565/452
f 343/565/452 351/564/453 352/566/453 344/567/454
f 344/568/455 352/569/456 350/514/330 342/511/415
f 349/563/450 345/570/457 347/571/458 351/564/451
f 351/564/453 347/571/459 348/572/459 352/573/453
f 352/574/456 348/575/460 346/420/331 350/419/330
f 345/570/457 337/576/461 339/577/462 347/571/458
f 347/571/459 339/577/462 340/578/463 348/579/459
f 348/580/460 340/581/464 338/509/413 346/420/331
f 373/582/465 381/583/466 383/584/467 375/585/468
f 375/585/468 383/584/469 384/586/469 376/587/470
f 376/588/471 384/589/472 382/518/416 374/502/408
f 381/583/466 377/590/473 379/591/474 383/584/467
f 383/584/469 379/591/475 380/592/475 384/593/469
f 384/594/472 380/595/476 378/505/410 382/517/416
f 377/590/473 369/596/477 371/597/478 379/591/474
f 379/591/475 371/597/478 372/598/479 380/599/475
f 380/599/476 372/598/480 370/506/411 378/505/410
f 326/423/334 338/509/413 340/600/464 328/601/439
f 328/602/438 340/603/463 339/577/462 327/545/436
f 327/545/436 339/577/462 337/576/461 325/542/433
f 342/511/415 370/506/411 372/598/480 344/604/455
f 344/604/454 372/598/479 371/597/478 343/565/452
f 343/565/452 371/597/478 369/596/477 341/562/449
f 374/502/408 354/503/409 356/605/424 376/606/471
f 376/607/470 356/608/422 355/524/419 375/585/468
f 375/585/468 355/524/419 353/523/418 373/582/465
f 358/428/339 322/510/414 324/609/448 360/610/432
f 360/611/431 324/612/447 323/557/446 359/537/430
f 359/537/430 323/557/446 321/556/445 357/536/429
f 337/576/461 345/570/457 349/563/450 341/562/449 369/596/477 377/590/473 381/583/466 373/582/465 353/523/418 361/522/417 365/530/425 357/536/429 321/556/445 329/550/441 333/543/434 325/542/433
o Building.008
v 0.005087 1.124828 -1.138667
v 0.042834 1.124828 -1.131144
v 0.010144 1.124828 -1.134905
v 0.023960 1.124828 -1.132152
v -0.042439 1.095294 -1.128924
v -0.006050 1.095294 -1.121672
v -0.037564 1.095294 -1.125298
v -0.024244 1.095294 -1.122644
v -0.018676 1.120871 -1.133869
v 0.018763 1.120871 -1.126408
v -0.013660 1.120871 -1.130139
v 0.000043 1.120871 -1.127408
v -0.036072 1.110061 -1.130278
v 0.000741 1.110061 -1.122941
v -0.031140 1.110061 -1.126610
v -0.017665 1.110061 -1.123924
v 0.042834 1.124828 -1.193759
v 0.005087 1.124828 -1.186236
v 0.023960 1.124828 -1.192751
v 0.010144 1.124828 -1.189997
v -0.006050 1.095294 -1.203230
v -0.042439 1.095294 -1.195978
v -0.024244 1.095294 -1.202259
v -0.037564 1.095294 -1.199604
v 0.018763 1.120871 -1.198494
v -0.018676 1.120871 -1.191033
v 0.000043 1.120871 -1.197495
v -0.013660 1.120871 -1.194764
v 0.000741 1.110061 -1.201961
v -0.036072 1.110061 -1.194625
v -0.017665 1.110061 -1.200978
v -0.031140 1.110061 -1.198293
v 0.281523 1.124828 -1.131144
v 0.319269 1.124828 -1.138667
v 0.300396 1.124828 -1.132152
v 0.314212 1.124828 -1.134905
v 0.330406 1.095294 -1.121672
v 0.366795 1.095294 -1.128924
v 0.348601 1.095294 -1.122644
v 0.361920 1.095294 -1.125298
v 0.305593 1.120871 -1.126408
v 0.343032 1.120871 -1.133869
v 0.324313 1.120871 -1.127408
v 0.338016 1.120871 -1.130139
v 0.323615 1.110061 -1.122941
v 0.360428 1.110061 -1.130278
v 0.342021 1.110061 -1.123924
v 0.355496 1.110061 -1.126610
v 0.319269 1.124828 -1.186236
v 0.281523 1.124828 -1.193759
v 0.314212 1.124828 -1.189997
v 0.300396 1.124828 -1.192751
v 0.366795 1.095294 -1.195978
v 0.330406 1.095294 -1.203230
v 0.361920 1.095294 -1.199604
v 0.348601 1.095294 -1.202259
v 0.343032 1.120871 -1.191033
v 0.305593 1.120871 -1.198494
v 0.338016 1.120871 -1.194764
v 0.324313 1.120871 -1.197495
v 0.360428 1.110061 -1.194625
v 0.323615 1.110061 -1.201961
v 0.355496 1.110061 -1.198293
v 0.342021 1.110061 -1.200978
v -0.003083 0.685685 -1.126385
v -0.006190 0.701962 -1.121672
v -0.004639 0.687865 -1.124029
v -0.005776 0.693823 -1.122304
v -0.018789 0.685685 -1.129516
v -0.042439 0.701962 -1.128896
v -0.030614 0.687865 -1.129206
v -0.039271 0.693823 -1.128979
v -0.012076 0.685685 -1.126866
v -0.024315 0.701962 -1.122640
v -0.018196 0.687865 -1.124753
v -0.022676 0.693823 -1.123206
v -0.016380 0.685685 -1.127723
v -0.037583 0.701962 -1.125284
v -0.026981 0.687865 -1.126504
v -0.034742 0.693823 -1.125611
v -0.018789 0.685685 -1.195387
v -0.042439 0.701962 -1.196006
v -0.030614 0.687865 -1.195697
v -0.039271 0.693823 -1.195924
v -0.003083 0.685685 -1.198517
v -0.006190 0.701962 -1.203230
v -0.004639 0.687865 -1.200874
v -0.005776 0.693823 -1.202599
v -0.016380 0.685685 -1.197179
v -0.037583 0.701962 -1.199618
v -0.026981 0.687865 -1.198399
v -0.034742 0.693823 -1.199292
v -0.012076 0.685685 -1.198037
v -0.024315 0.701962 -1.202262
v -0.018196 0.687865 -1.200150
v -0.022676 0.693823 -1.201696
v 0.343145 0.685685 -1.129516
v 0.366795 0.701962 -1.128896
v 0.354970 0.687865 -1.129206
v 0.363627 0.693823 -1.128979
v 0.327439 0.685685 -1.126385
v 0.330546 0.701962 -1.121672
v 0.328995 0.687865 -1.124029
v 0.330132 0.693823 -1.122304
v 0.340736 0.685685 -1.127723
v 0.361939 0.701962 -1.125284
v 0.351338 0.687865 -1.126504
v 0.359098 0.693823 -1.125611
v 0.336432 0.685685 -1.126866
v 0.348671 0.701962 -1.122640
v 0.342552 0.687865 -1.124753
v 0.347032 0.693823 -1.123206
v 0.327439 0.685685 -1.198517
v 0.330546 0.701962 -1.203230
v 0.328995 0.687865 -1.200874
v 0.330132 0.693823 -1.202599
v 0.343145 0.685685 -1.195387
v 0.366795 0.701962 -1.196006
v 0.354970 0.687865 -1.195697
v 0.363627 0.693823 -1.195924
v 0.336432 0.685685 -1.198037
v 0.348671 0.701962 -1.202262
v 0.342552 0.687865 -1.200150
v 0.347032 0.693823 -1.201696
v 0.340736 0.685685 -1.197179
v 0.361939 0.701962 -1.199618
v 0.351338 0.687865 -1.198399
v 0.359098 0.693823 -1.199292
vn 0.0217 0.0955 0.9952
vn -0.0217 0.0955 0.9952
vn -0.0282 0.0478 0.9985
vn 0.0282 0.0478 0.9985
vn 0.0054 0.9229 0.3851
vn -0.0054 0.9229 0.3851
vn -0.0176 0.4986 0.8666
vn 0.0176 0.4986 0.8666
vn -0.1160 0.0642 -0.9912
vn -0.1142 -0.0442 -0.9925
vn -0.3254 -0.0727 -0.9428
vn -0.3196 0.1038 -0.9419
vn -0.8000 0.1921 0.5684
vn -0.8238 -0.1585 0.5442
vn -0.3254 -0.0727 0.9428
vn -0.3196 0.1038 0.9419
vn 0.1142 -0.0442 0.9925
vn 0.1160 0.0642 0.9912
vn 0.0262 -0.0383 0.9989
vn 0.0828 0.9961 -0.0292
vn 0.0629 0.9852 -0.1592
vn 0.0307 0.9519 -0.3049
vn 0.0054 0.9229 -0.3851
vn -0.0054 0.9229 -0.3851
vn -0.0307 0.9519 -0.3049
vn -0.0629 0.9852 -0.1592
vn -0.0828 0.9961 -0.0292
vn -0.0828 0.9961 0.0292
vn -0.0629 0.9852 0.1592
vn -0.0307 0.9519 0.3049
vn 0.0307 0.9519 0.3049
vn 0.0629 0.9852 0.1592
vn 0.0828 0.9961 0.0292
vn -0.0326 0.3541 0.9347
vn 0.0326 0.3541 0.9347
vn -0.3228 0.9320 0.1650
vn -0.3228 0.9320 -0.1650
vn -0.4310 0.8192 -0.3783
vn -0.4310 0.8192 0.3783
vn -0.0217 0.0955 -0.9952
vn 0.0217 0.0955 -0.9952
vn 0.0282 0.0478 -0.9985
vn -0.0282 0.0478 -0.9985
vn 0.3228 0.9320 0.1650
vn 0.3228 0.9320 -0.1650
vn -0.0176 0.4986 -0.8666
vn 0.0176 0.4986 -0.8666
vn 0.0326 0.3541 -0.9347
vn -0.0326 0.3541 -0.9347
vn 0.8078 0.3889 -0.4430
vn 0.8078 0.3889 0.4430
vn 0.8000 0.1921 0.5684
vn 0.8000 0.1921 -0.5684
vn 0.4310 0.8192 0.3783
vn 0.4310 0.8192 -0.3783
vn -0.8078 0.3889 0.4430
vn -0.8078 0.3889 -0.4430
vn -0.8000 0.1921 -0.5684
vn -0.1142 -0.0442 0.9925
vn -0.1160 0.0642 0.9912
vn -0.0850 0.6003 0.7953
vn -0.2104 0.7970 0.5662
vn -0.0850 0.6003 -0.7953
vn -0.2104 0.7970 -0.5662
vn -0.1087 0.4617 0.8803
vn -0.2384 0.6275 0.7412
vn -0.1087 0.4617 -0.8803
vn -0.2384 0.6275 -0.7412
vn -0.1083 0.1337 0.9851
vn -0.3310 0.2253 0.9163
vn -0.1083 0.1337 -0.9851
vn -0.3310 0.2253 -0.9163
vn 0.2104 0.7970 -0.5662
vn 0.0850 0.6003 -0.7953
vn 0.2384 0.6275 -0.7412
vn 0.1087 0.4617 -0.8803
vn 0.3196 0.1038 -0.9419
vn 0.3310 0.2253 -0.9163
vn 0.1160 0.0642 -0.9912
vn 0.1083 0.1337 -0.9851
vn 0.0850 0.6003 0.7953
vn 0.2104 0.7970 0.5662
vn 0.1087 0.4617 0.8803
vn 0.2384 0.6275 0.7412
vn 0.1083 0.1337 0.9851
vn 0.3196 0.1038 0.9419
vn 0.3310 0.2253 0.9163
vn 0.8238 -0.1585 -0.5442
vn 0.8238 -0.1585 0.5442
vn 0.1142 -0.0442 -0.9925
vn 0.0262 -0.0383 -0.9989
vn 0.3254 -0.0727 0.9428
vn -0.8238 -0.1585 -0.5442
vn -0.0262 -0.0383 0.9989
vn -0.0262 -0.0383 -0.9989
vn 0.3254 -0.0727 -0.9428
vn 0.0854 -0.9651 0.2475
vn 0.0959 -0.9934 0.0633
vn 0.3664 -0.8984 0.2421
vn 0.1395 -0.9040 0.4040
vn 0.2839 -0.4930 0.8224
vn 0.5255 -0.7767 0.3471
vn 0.3226 -0.1501 0.9346
vn 0.7922 -0.3137 0.5234
vn 0.0467 -0.9129 0.4055
vn 0.0703 -0.7888 0.6106
vn 0.1081 -0.3252 0.9395
vn 0.1138 -0.0917 0.9893
vn 0.0114 -0.9000 0.4358
vn 0.0236 -0.4389 0.8982
vn 0.0252 -0.2825 0.9589
vn 0.0262 -0.0786 0.9966
vn -0.0959 -0.9934 0.0633
vn -0.0854 -0.9651 0.2475
vn -0.1395 -0.9040 0.4040
vn -0.3664 -0.8984 0.2421
vn -0.2839 -0.4930 0.8224
vn -0.5255 -0.7767 0.3471
vn -0.7922 -0.3137 0.5234
vn -0.3226 -0.1501 0.9346
vn -0.0467 -0.9129 0.4055
vn -0.0703 -0.7888 0.6106
vn -0.1081 -0.3252 0.9395
vn -0.1138 -0.0917 0.9893
vn -0.0114 -0.9000 0.4358
vn -0.0236 -0.4389 0.8982
vn -0.0252 -0.2825 0.9589
vn -0.0262 -0.0786 0.9966
vn -0.0114 -0.9000 -0.4358
vn -0.0467 -0.9129 -0.4055
vn -0.0703 -0.7888 -0.6106
vn -0.0236 -0.4389 -0.8982
vn -0.1081 -0.3252 -0.9395
vn -0.0252 -0.2825 -0.9589
vn -0.0262 -0.0786 -0.9966
vn -0.1138 -0.0917 -0.9893
vn -0.0854 -0.9651 -0.2475
vn -0.1395 -0.9040 -0.4040
vn -0.2839 -0.4930 -0.8224
vn -0.3226 -0.1501 -0.9346
vn -0.0959 -0.9934 -0.0633
vn -0.3664 -0.8984 -0.2421
vn -0.5255 -0.7767 -0.3471
vn -0.7922 -0.3137 -0.5234
vn 0.0959 -0.9934 -0.0633
vn 0.0854 -0.9651 -0.2475
vn 0.1395 -0.9040 -0.4040
vn 0.3664 -0.8984 -0.2421
vn 0.2839 -0.4930 -0.8224
vn 0.5255 -0.7767 -0.3471
vn 0.7922 -0.3137 -0.5234
vn 0.3226 -0.1501 -0.9346
vn 0.0467 -0.9129 -0.4055
vn 0.0703 -0.7888 -0.6106
vn 0.1081 -0.3252 -0.9395
vn 0.1138 -0.0917 -0.9893
vn 0.0114 -0.9000 -0.4358
vn 0.0236 -0.4389 -0.8982
vn 0.0252 -0.2825 -0.9589
vn 0.0262 -0.0786 -0.9966
vt 0.875160 0.665902
vt 0.894756 0.665902
vt 0.895168 0.667247
vt 0.874748 0.667247
vt 0.877715 0.663365
vt 0.892201 0.663365
vt 0.893662 0.664807
vt 0.876254 0.664807
vt 0.898373 0.641413
vt 0.932696 0.641413
vt 0.932696 0.642513
vt 0.898373 0.642517
vt 0.898373 0.664041
vt 0.932696 0.664050
vt 0.932696 0.665150
vt 0.898373 0.665145
vt 0.873639 0.701570
vt 0.873644 0.667247
vt 0.874739 0.701570
vt 0.875424 0.646588
vt 0.875719 0.645443
vt 0.876569 0.644593
vt 0.877715 0.644297
vt 0.892201 0.644297
vt 0.893346 0.644593
vt 0.894196 0.645443
vt 0.894492 0.646588
vt 0.894492 0.661074
vt 0.894196 0.662220
vt 0.893346 0.663070
vt 0.876569 0.663070
vt 0.875719 0.662220
vt 0.875424 0.661074
vt 0.895934 0.662535
vt 0.895934 0.645127
vt 0.897029 0.644033
vt 0.897029 0.663629
vt 0.894756 0.641760
vt 0.875160 0.641760
vt 0.874748 0.640416
vt 0.895168 0.640416
vt 0.873981 0.662535
vt 0.873981 0.645127
vt 0.893662 0.642855
vt 0.876254 0.642855
vt 0.872886 0.644033
vt 0.872886 0.663629
vt 0.871542 0.664041
vt 0.871542 0.643621
vt 0.898373 0.643621
vt 0.932696 0.666250
vt 0.898373 0.666250
vt 0.894798 0.664577
vt 0.895703 0.663671
vt 0.894798 0.643086
vt 0.895703 0.643991
vt 0.895873 0.665731
vt 0.896858 0.664746
vt 0.895873 0.641931
vt 0.896858 0.642916
vt 0.896990 0.665902
vt 0.897271 0.666882
vt 0.898009 0.666145
vt 0.897029 0.665863
vt 0.896945 0.664746
vt 0.898290 0.665145
vt 0.897271 0.640780
vt 0.896990 0.641760
vt 0.897029 0.641799
vt 0.898009 0.641518
vt 0.898290 0.642517
vt 0.896945 0.642916
vt 0.874212 0.643991
vt 0.875118 0.643086
vt 0.873057 0.642916
vt 0.874043 0.641931
vt 0.871907 0.641518
vt 0.872886 0.641799
vt 0.872926 0.641760
vt 0.872644 0.640780
vt 0.873644 0.640499
vt 0.874043 0.641844
vt 0.875118 0.664577
vt 0.874212 0.663671
vt 0.874043 0.665731
vt 0.873057 0.664746
vt 0.873644 0.667163
vt 0.874043 0.665818
vt 0.872644 0.666882
vt 0.872926 0.665902
vt 0.872886 0.665863
vt 0.871907 0.666145
vt 0.837219 0.643613
vt 0.837219 0.664050
vt 0.873644 0.640416
vt 0.873639 0.606093
vt 0.874739 0.606093
vt 0.872539 0.701570
vt 0.872539 0.667247
vt 0.932696 0.643613
vt 0.895176 0.701570
vt 0.895176 0.606093
vt 0.871542 0.666250
vt 0.837219 0.666250
vt 0.897376 0.606093
vt 0.897376 0.640416
vt 0.872539 0.640416
vt 0.872539 0.606093
vt 0.837219 0.641413
vt 0.871542 0.641413
vt 0.897376 0.667247
vt 0.897376 0.701570
vt 0.874121 0.581678
vt 0.873975 0.582224
vt 0.873257 0.582129
vt 0.873477 0.581306
vt 0.872546 0.582011
vt 0.872821 0.580985
vt 0.835799 0.666150
vt 0.835799 0.664099
vt 0.874382 0.581417
vt 0.874011 0.580773
vt 0.872870 0.580899
vt 0.873603 0.580166
vt 0.873589 0.702990
vt 0.872589 0.702990
vt 0.874928 0.581270
vt 0.874833 0.580553
vt 0.873689 0.580116
vt 0.874715 0.579842
vt 0.874715 0.702990
vt 0.873689 0.702990
vt 0.895941 0.582224
vt 0.895795 0.581678
vt 0.896438 0.581306
vt 0.896659 0.582129
vt 0.897095 0.580985
vt 0.897370 0.582011
vt 0.934117 0.664074
vt 0.934117 0.665100
vt 0.895533 0.581417
vt 0.895905 0.580773
vt 0.896313 0.580166
vt 0.897045 0.580899
vt 0.934117 0.665200
vt 0.934117 0.666200
vt 0.894988 0.581270
vt 0.895082 0.580553
vt 0.895201 0.579842
vt 0.896227 0.580116
vt 0.897277 0.702990
vt 0.895225 0.702990
vt 0.894988 0.603237
vt 0.895533 0.603090
vt 0.895905 0.603734
vt 0.895082 0.603954
vt 0.896227 0.604391
vt 0.895201 0.604666
vt 0.895225 0.604672
vt 0.897277 0.604672
vt 0.895795 0.602829
vt 0.896438 0.603201
vt 0.897045 0.603609
vt 0.896313 0.604341
vt 0.934117 0.641462
vt 0.934117 0.642463
vt 0.895941 0.602283
vt 0.896659 0.602378
vt 0.897370 0.602497
vt 0.897095 0.603522
vt 0.934117 0.642562
vt 0.934117 0.643588
vt 0.873975 0.602283
vt 0.874121 0.602829
vt 0.873477 0.603201
vt 0.873257 0.602378
vt 0.872821 0.603522
vt 0.872546 0.602497
vt 0.835799 0.643564
vt 0.835799 0.641512
vt 0.874382 0.603090
vt 0.874011 0.603734
vt 0.873603 0.604341
vt 0.872870 0.603609
vt 0.872589 0.604672
vt 0.873589 0.604672
vt 0.874928 0.603237
vt 0.874833 0.603954
vt 0.874740 0.605382
vt 0.873689 0.605382
vt 0.934117 0.643638
vt 0.934117 0.664024
vt 0.897376 0.582060
vt 0.897376 0.602447
vt 0.895151 0.605382
vt 0.835799 0.664024
vt 0.835799 0.643638
vt 0.872539 0.602447
vt 0.872539 0.582060
vt 0.895151 0.702990
vt 0.874764 0.702990
vt 0.874764 0.579835
vt 0.895151 0.579835
s 1
usemtl Material
f 429/613/481 398/614/482 390/615/483 421/616/484
f 417/617/485 386/618/486 394/619/487 425/620/488
f 407/621/489 478/622/490 474/623/491 408/624/492
f 389/625/493 454/626/494 462/627/495 391/628/496
f 494/629/497 423/630/498 421/616/484 486/631/499
f 433/632/500 435/633/501 436/634/502 434/635/503 401/636/504 403/637/505 404/638/506 402/639/507 385/640/508 387/641/509 388/642/510 386/618/486 417/617/485 419/643/511 420/644/512 418/645/513
f 425/620/488 394/619/487 398/614/514 429/613/515
f 393/646/516 410/647/517 414/648/518 397/649/519
f 413/650/520 446/651/521 438/652/522 405/653/523
f 433/632/500 418/645/513 426/654/524 441/655/525
f 409/656/526 442/657/527 446/651/528 413/650/529
f 445/658/530 430/659/531 422/660/532 437/661/533
f 441/655/525 426/654/524 430/659/534 445/658/535
f 385/640/508 402/639/507 410/647/517 393/646/516
f 401/636/504 434/635/503 442/657/527 409/656/526
f 397/649/536 414/648/537 406/662/538 389/625/493
f 391/628/496 462/627/495 458/663/539 392/664/540
f 394/619/487 386/618/486 388/642/510 396/665/541
f 396/665/541 388/642/510 387/641/509 395/666/542
f 395/666/542 387/641/509 385/640/508 393/646/516
f 401/636/504 409/656/526 411/667/543 403/637/505
f 403/637/505 411/667/543 412/668/544 404/638/506
f 404/638/506 412/668/544 410/647/517 402/639/507
f 398/614/514 394/619/487 396/665/541 400/669/545
f 400/669/545 396/665/541 395/666/542 399/670/546
f 399/670/546 395/666/542 393/646/516 397/649/519
f 409/656/526 413/650/529 415/671/547 411/667/543
f 411/667/543 415/671/547 416/672/548 412/668/544
f 412/668/544 416/672/548 414/648/518 410/647/517
f 390/615/483 398/614/482 400/673/549 392/674/540
f 392/675/540 400/676/549 399/677/550 391/678/496
f 391/678/496 399/677/550 397/649/536 389/625/493
f 413/650/520 405/653/523 407/679/489 415/680/551
f 415/681/551 407/682/489 408/683/492 416/684/552
f 416/684/552 408/683/492 406/662/538 414/648/537
f 433/632/500 441/655/525 443/685/553 435/633/501
f 435/633/501 443/685/553 444/686/554 436/634/502
f 436/634/502 444/686/554 442/657/527 434/635/503
f 441/655/525 445/658/535 447/687/555 443/685/553
f 443/685/553 447/687/555 448/688/556 444/686/554
f 444/686/554 448/688/556 446/651/528 442/657/527
f 445/658/530 437/661/533 439/689/557 447/690/558
f 447/691/558 439/692/557 440/693/559 448/694/560
f 448/694/560 440/693/559 438/652/522 446/651/521
f 417/617/485 425/620/488 427/695/561 419/643/511
f 419/643/511 427/695/561 428/696/562 420/644/512
f 420/644/512 428/696/562 426/654/524 418/645/513
f 425/620/488 429/613/515 431/697/563 427/695/561
f 427/695/561 431/697/563 432/698/564 428/696/562
f 428/696/562 432/698/564 430/659/534 426/654/524
f 429/613/481 421/616/484 423/699/498 431/700/565
f 431/700/565 423/699/498 424/701/566 432/702/567
f 432/703/567 424/704/566 422/660/532 430/659/531
f 502/705/568 437/661/533 422/660/532 482/706/569
f 440/707/559 506/708/570 498/709/571 438/652/522
f 490/710/572 424/711/566 423/630/498 494/629/497
f 454/626/494 389/625/493 406/662/538 466/712/573
f 408/624/492 474/623/491 466/712/573 406/662/538
f 486/631/499 421/616/484 390/615/483 450/713/574
f 470/714/575 405/653/523 438/652/522 498/709/571
f 482/706/569 422/660/532 424/715/566 490/716/572
f 405/653/523 470/714/575 478/717/490 407/718/489
f 439/719/557 510/720/576 506/708/570 440/707/559
f 437/661/533 502/705/568 510/721/576 439/722/557
f 392/723/540 458/724/539 450/713/574 390/615/483
f 489/725/577 481/726/578 483/727/579 491/728/580
f 491/728/581 483/727/579 484/729/582 492/730/581
f 492/731/583 484/732/584 482/706/569 490/716/572
f 493/733/585 489/725/577 491/728/580 495/734/586
f 495/734/587 491/728/581 492/735/581 496/736/587
f 496/737/588 492/738/583 490/710/572 494/629/497
f 485/739/589 493/733/585 495/734/586 487/740/590
f 487/740/590 495/734/587 496/741/587 488/742/591
f 488/743/592 496/744/588 494/629/497 486/631/499
f 453/745/593 461/746/594 463/747/595 455/748/596
f 455/748/596 463/747/597 464/749/597 456/750/598
f 456/751/599 464/752/600 462/627/495 454/626/494
f 461/746/594 457/753/601 459/754/602 463/747/595
f 463/747/597 459/754/603 460/755/603 464/756/597
f 464/757/600 460/758/604 458/663/539 462/627/495
f 457/753/601 449/759/605 451/760/606 459/754/602
f 459/754/603 451/760/606 452/761/607 460/762/603
f 460/763/604 452/764/608 450/713/574 458/724/539
f 469/765/609 477/766/610 479/767/611 471/768/612
f 471/768/612 479/767/613 480/769/613 472/770/614
f 472/771/615 480/772/616 478/717/490 470/714/575
f 477/766/610 473/773/617 475/774/618 479/767/611
f 479/767/613 475/774/619 476/775/619 480/776/613
f 480/777/616 476/778/620 474/623/491 478/622/490
f 473/773/617 465/779/621 467/780/622 475/774/618
f 475/774/619 467/780/622 468/781/623 476/782/619
f 476/783/620 468/784/624 466/712/573 474/623/491
f 501/785/625 509/786/626 511/787/627 503/788/628
f 503/788/628 511/787/629 512/789/629 504/790/630
f 504/791/631 512/792/632 510/721/576 502/705/568
f 509/786/626 505/793/633 507/794/634 511/787/627
f 511/787/629 507/794/635 508/795/635 512/796/629
f 512/797/632 508/798/636 506/708/570 510/720/576
f 505/793/633 497/799/637 499/800/638 507/794/634
f 507/794/635 499/800/638 500/801/639 508/802/635
f 508/802/636 500/801/640 498/709/571 506/708/570
f 454/626/494 466/712/573 468/803/624 456/804/599
f 456/805/598 468/806/623 467/780/622 455/748/596
f 455/748/596 467/780/622 465/779/621 453/745/593
f 470/714/575 498/709/571 500/801/640 472/807/615
f 472/807/614 500/801/639 499/800/638 471/768/612
f 471/768/612 499/800/638 497/799/637 469/765/609
f 502/705/568 482/706/569 484/808/584 504/809/631
f 504/810/630 484/811/582 483/727/579 503/788/628
f 503/788/628 483/727/579 481/726/578 501/785/625
f 486/631/499 450/713/574 452/812/608 488/813/592
f 488/814/591 452/815/607 451/760/606 487/740/590
f 487/740/590 451/760/606 449/759/605 485/739/589
f 465/779/621 473/773/617 477/766/610 469/765/609 497/799/637 505/793/633 509/786/626 501/785/625 481/726/578 489/725/577 493/733/585 485/739/589 449/759/605 457/753/601 461/746/594 453/745/593
o Building.009
v 0.530572 1.124828 -1.138667
v 0.568319 1.124828 -1.131144
v 0.535629 1.124828 -1.134905
v 0.549445 1.124828 -1.132152
v 0.483046 1.095294 -1.128924
v 0.519435 1.095294 -1.121672
v 0.487921 1.095294 -1.125298
v 0.501241 1.095294 -1.122644
v 0.506809 1.120871 -1.133869
v 0.544248 1.120871 -1.126408
v 0.511825 1.120871 -1.130139
v 0.525528 1.120871 -1.127408
v 0.489413 1.110061 -1.130278
v 0.526226 1.110061 -1.122941
v 0.494345 1.110061 -1.126610
v 0.507820 1.110061 -1.123924
v 0.568319 1.124828 -1.193759
v 0.530572 1.124828 -1.186236
v 0.549445 1.124828 -1.192751
v 0.535629 1.124828 -1.189997
v 0.519435 1.095294 -1.203230
v 0.483046 1.095294 -1.195978
v 0.501241 1.095294 -1.202259
v 0.487921 1.095294 -1.199604
v 0.544248 1.120871 -1.198494
v 0.506809 1.120871 -1.191033
v 0.525528 1.120871 -1.197495
v 0.511825 1.120871 -1.194764
v 0.526226 1.110061 -1.201961
v 0.489413 1.110061 -1.194625
v 0.507820 1.110061 -1.200978
v 0.494345 1.110061 -1.198293
v 0.807008 1.124828 -1.131144
v 0.844754 1.124828 -1.138667
v 0.825881 1.124828 -1.132152
v 0.839697 1.124828 -1.134905
v 0.855891 1.095294 -1.121672
v 0.892280 1.095294 -1.128924
v 0.874085 1.095294 -1.122644
v 0.887405 1.095294 -1.125298
v 0.831078 1.120871 -1.126408
v 0.868517 1.120871 -1.133869
v 0.849798 1.120871 -1.127408
v 0.863501 1.120871 -1.130139
v 0.849100 1.110061 -1.122941
v 0.885913 1.110061 -1.130278
v 0.867506 1.110061 -1.123924
v 0.880981 1.110061 -1.126610
v 0.844754 1.124828 -1.186236
v 0.807008 1.124828 -1.193759
v 0.839697 1.124828 -1.189997
v 0.825881 1.124828 -1.192751
v 0.892280 1.095294 -1.195978
v 0.855891 1.095294 -1.203230
v 0.887405 1.095294 -1.199604
v 0.874085 1.095294 -1.202259
v 0.868517 1.120871 -1.191033
v 0.831078 1.120871 -1.198494
v 0.863501 1.120871 -1.194764
v 0.849798 1.120871 -1.197495
v 0.885913 1.110061 -1.194625
v 0.849100 1.110061 -1.201961
v 0.880981 1.110061 -1.198293
v 0.867506 1.110061 -1.200978
v 0.522403 0.685685 -1.126385
v 0.519295 0.701962 -1.121672
v 0.520846 0.687865 -1.124029
v 0.519709 0.693823 -1.122304
v 0.506696 0.685685 -1.129516
v 0.483046 0.701962 -1.128896
v 0.494871 0.687865 -1.129206
v 0.486214 0.693823 -1.128979
v 0.513409 0.685685 -1.126866
v 0.501170 0.701962 -1.122640
v 0.507289 0.687865 -1.124753
v 0.502809 0.693823 -1.123206
v 0.509105 0.685685 -1.127723
v 0.487902 0.701962 -1.125284
v 0.498504 0.687865 -1.126504
v 0.490743 0.693823 -1.125611
v 0.506696 0.685685 -1.195387
v 0.483046 0.701962 -1.196006
v 0.494871 0.687865 -1.195697
v 0.486214 0.693823 -1.195924
v 0.522403 0.685685 -1.198517
v 0.519295 0.701962 -1.203230
v 0.520846 0.687865 -1.200874
v 0.519709 0.693823 -1.202599
v 0.509105 0.685685 -1.197179
v 0.487902 0.701962 -1.199618
v 0.498504 0.687865 -1.198399
v 0.490743 0.693823 -1.199292
v 0.513409 0.685685 -1.198037
v 0.501170 0.701962 -1.202262
v 0.507289 0.687865 -1.200150
v 0.502809 0.693823 -1.201696
v 0.868630 0.685685 -1.129516
v 0.892280 0.701962 -1.128896
v 0.880455 0.687865 -1.129206
v 0.889112 0.693823 -1.128979
v 0.852924 0.685685 -1.126385
v 0.856031 0.701962 -1.121672
v 0.854480 0.687865 -1.124029
v 0.855617 0.693823 -1.122304
v 0.866221 0.685685 -1.127723
v 0.887424 0.701962 -1.125284
v 0.876823 0.687865 -1.126504
v 0.884583 0.693823 -1.125611
v 0.861917 0.685685 -1.126866
v 0.874156 0.701962 -1.122640
v 0.868037 0.687865 -1.124753
v 0.872517 0.693823 -1.123206
v 0.852924 0.685685 -1.198517
v 0.856031 0.701962 -1.203230
v 0.854480 0.687865 -1.200874
v 0.855617 0.693823 -1.202599
v 0.868630 0.685685 -1.195387
v 0.892280 0.701962 -1.196006
v 0.880455 0.687865 -1.195697
v 0.889112 0.693823 -1.195924
v 0.861917 0.685685 -1.198037
v 0.874156 0.701962 -1.202262
v 0.868037 0.687865 -1.200150
v 0.872517 0.693823 -1.201696
v 0.866221 0.685685 -1.197179
v 0.887424 0.701962 -1.199618
v 0.876823 0.687865 -1.198399
v 0.884583 0.693823 -1.199292
vn 0.0217 0.0955 0.9952
vn -0.0217 0.0955 0.9952
vn -0.0282 0.0478 0.9985
vn 0.0282 0.0478 0.9985
vn 0.0054 0.9229 0.3851
vn -0.0054 0.9229 0.3851
vn -0.0176 0.4986 0.8666
vn 0.0176 0.4986 0.8666
vn -0.1160 0.0642 -0.9912
vn -0.1142 -0.0442 -0.9925
vn -0.3254 -0.0727 -0.9428
vn -0.3196 0.1038 -0.9419
vn -0.8000 0.1921 0.5684
vn -0.8238 -0.1585 0.5442
vn -0.3254 -0.0727 0.9428
vn -0.3196 0.1038 0.9419
vn 0.1142 -0.0442 0.9925
vn 0.1160 0.0642 0.9912
vn 0.0262 -0.0383 0.9989
vn 0.0828 0.9961 -0.0292
vn 0.0629 0.9852 -0.1592
vn 0.0307 0.9519 -0.3049
vn 0.0054 0.9229 -0.3851
vn -0.0054 0.9229 -0.3851
vn -0.0307 0.9519 -0.3049
vn -0.0629 0.9852 -0.1592
vn -0.0828 0.9961 -0.0292
vn -0.0828 0.9961 0.0292
vn -0.0629 0.9852 0.1592
vn -0.0307 0.9519 0.3049
vn 0.0307 0.9519 0.3049
vn 0.0629 0.9852 0.1592
vn 0.0828 0.9961 0.0292
vn -0.0326 0.3541 0.9347
vn 0.0326 0.3541 0.9347
vn -0.3228 0.9320 0.1650
vn -0.3228 0.9320 -0.1650
vn -0.4310 0.8192 -0.3783
vn -0.4310 0.8192 0.3783
vn -0.0217 0.0955 -0.9952
vn 0.0217 0.0955 -0.9952
vn 0.0282 0.0478 -0.9985
vn -0.0282 0.0478 -0.9985
vn 0.3228 0.9320 0.1650
vn 0.3228 0.9320 -0.1650
vn -0.0176 0.4986 -0.8666
vn 0.0176 0.4986 -0.8666
vn 0.0326 0.3541 -0.9347
vn -0.0326 0.3541 -0.9347
vn 0.8078 0.3889 -0.4430
vn 0.8078 0.3889 0.4430
vn 0.8000 0.1921 0.5684
vn 0.8000 0.1921 -0.5684
vn 0.4310 0.8192 0.3783
vn 0.4310 0.8192 -0.3783
vn -0.8078 0.3889 0.4430
vn -0.8078 0.3889 -0.4430
vn -0.8000 0.1921 -0.5684
vn -0.1142 -0.0442 0.9925
vn -0.1160 0.0642 0.9912
vn -0.0850 0.6003 0.7953
vn -0.2104 0.7970 0.5662
vn -0.0850 0.6003 -0.7953
vn -0.2104 0.7970 -0.5662
vn -0.1087 0.4617 0.8803
vn -0.2384 0.6275 0.7412
vn -0.1087 0.4617 -0.8803
vn -0.2384 0.6275 -0.7412
vn -0.1083 0.1337 0.9851
vn -0.3310 0.2253 0.9163
vn -0.1083 0.1337 -0.9851
vn -0.3310 0.2253 -0.9163
vn 0.2104 0.7970 -0.5662
vn 0.0850 0.6003 -0.7953
vn 0.2384 0.6275 -0.7412
vn 0.1087 0.4617 -0.8803
vn 0.3196 0.1038 -0.9419
vn 0.3310 0.2253 -0.9163
vn 0.1160 0.0642 -0.9912
vn 0.1083 0.1337 -0.9851
vn 0.0850 0.6003 0.7953
vn 0.2104 0.7970 0.5662
vn 0.1087 0.4617 0.8803
vn 0.2384 0.6275 0.7412
vn 0.1083 0.1337 0.9851
vn 0.3196 0.1038 0.9419
vn 0.3310 0.2253 0.9163
vn 0.8238 -0.1585 -0.5442
vn 0.8238 -0.1585 0.5442
vn 0.1142 -0.0442 -0.9925
vn 0.0262 -0.0383 -0.9989
vn 0.3254 -0.0727 0.9428
vn -0.8238 -0.1585 -0.5442
vn -0.0262 -0.0383 0.9989
vn -0.0262 -0.0383 -0.9989
vn 0.3254 -0.0727 -0.9428
vn 0.0854 -0.9651 0.2475
vn 0.0959 -0.9934 0.0633
vn 0.3664 -0.8984 0.2421
vn 0.1395 -0.9040 0.4040
vn 0.2839 -0.4930 0.8224
vn 0.5255 -0.7767 0.3471
vn 0.3226 -0.1501 0.9346
vn 0.7922 -0.3137 0.5234
vn 0.0467 -0.9129 0.4055
vn 0.0703 -0.7888 0.6106
vn 0.1081 -0.3252 0.9395
vn 0.1138 -0.0917 0.9893
vn 0.0114 -0.9000 0.4358
vn 0.0236 -0.4389 0.8982
vn 0.0252 -0.2825 0.9589
vn 0.0262 -0.0786 0.9966
vn -0.0959 -0.9934 0.0633
vn -0.0854 -0.9651 0.2475
vn -0.1395 -0.9040 0.4040
vn -0.3664 -0.8984 0.2421
vn -0.2839 -0.4930 0.8224
vn -0.5255 -0.7767 0.3471
vn -0.7922 -0.3137 0.5234
vn -0.3226 -0.1501 0.9346
vn -0.0467 -0.9129 0.4055
vn -0.0703 -0.7888 0.6106
vn -0.1081 -0.3252 0.9395
vn -0.1138 -0.0917 0.9893
vn -0.0114 -0.9000 0.4358
vn -0.0236 -0.4389 0.8982
vn -0.0252 -0.2825 0.9589
vn -0.0262 -0.0786 0.9966
vn -0.0114 -0.9000 -0.4358
vn -0.0467 -0.9129 -0.4055
vn -0.0703 -0.7888 -0.6106
vn -0.0236 -0.4389 -0.8982
vn -0.1081 -0.3252 -0.9395
vn -0.0252 -0.2825 -0.9589
vn -0.0262 -0.0786 -0.9966
vn -0.1138 -0.0917 -0.9893
vn -0.0854 -0.9651 -0.2475
vn -0.1395 -0.9040 -0.4040
vn -0.2839 -0.4930 -0.8224
vn -0.3226 -0.1501 -0.9346
vn -0.0959 -0.9934 -0.0633
vn -0.3664 -0.8984 -0.2421
vn -0.5255 -0.7767 -0.3471
vn -0.7922 -0.3137 -0.5234
vn 0.0959 -0.9934 -0.0633
vn 0.0854 -0.9651 -0.2475
vn 0.1395 -0.9040 -0.4040
vn 0.3664 -0.8984 -0.2421
vn 0.2839 -0.4930 -0.8224
vn 0.5255 -0.7767 -0.3471
vn 0.7922 -0.3137 -0.5234
vn 0.3226 -0.1501 -0.9346
vn 0.0467 -0.9129 -0.4055
vn 0.0703 -0.7888 -0.6106
vn 0.1081 -0.3252 -0.9395
vn 0.1138 -0.0917 -0.9893
vn 0.0114 -0.9000 -0.4358
vn 0.0236 -0.4389 -0.8982
vn 0.0252 -0.2825 -0.9589
vn 0.0262 -0.0786 -0.9966
vt 0.874822 0.678083
vt 0.894897 0.678083
vt 0.895319 0.679426
vt 0.874400 0.679426
vt 0.877439 0.675524
vt 0.892280 0.675524
vt 0.893776 0.677002
vt 0.875942 0.677002
vt 0.896450 0.652095
vt 0.896455 0.616573
vt 0.897277 0.616554
vt 0.897281 0.652076
vt 0.919332 0.652069
vt 0.919340 0.616547
vt 0.920467 0.616554
vt 0.920463 0.652076
vt 0.873264 0.714941
vt 0.873268 0.679419
vt 0.874391 0.714948
vt 0.875092 0.658337
vt 0.875407 0.657163
vt 0.876266 0.656304
vt 0.877439 0.655990
vt 0.892280 0.655990
vt 0.893453 0.656304
vt 0.894312 0.657163
vt 0.894626 0.658337
vt 0.894626 0.673177
vt 0.894312 0.674351
vt 0.893453 0.675210
vt 0.876266 0.675210
vt 0.875406 0.674351
vt 0.875092 0.673177
vt 0.896104 0.674674
vt 0.896104 0.656840
vt 0.897185 0.655720
vt 0.897185 0.675795
vt 0.894897 0.653431
vt 0.874822 0.653431
vt 0.874400 0.652088
vt 0.895319 0.652088
vt 0.873615 0.674674
vt 0.873615 0.656840
vt 0.893776 0.654512
vt 0.875942 0.654512
vt 0.870884 0.653411
vt 0.850809 0.653411
vt 0.850387 0.652069
vt 0.871306 0.652069
vt 0.872533 0.675795
vt 0.872533 0.655720
vt 0.918909 0.653411
vt 0.898835 0.653411
vt 0.898412 0.652069
vt 0.921292 0.616573
vt 0.921291 0.652095
vt 0.894940 0.676690
vt 0.895792 0.675838
vt 0.894940 0.654824
vt 0.895792 0.655676
vt 0.896041 0.677777
vt 0.896879 0.676939
vt 0.896041 0.653737
vt 0.896879 0.654575
vt 0.896041 0.678076
vt 0.896450 0.679419
vt 0.920892 0.653438
vt 0.920054 0.653419
vt 0.896041 0.653438
vt 0.896852 0.653438
vt 0.897690 0.653419
vt 0.873926 0.655676
vt 0.874779 0.654824
vt 0.872840 0.654575
vt 0.873677 0.653737
vt 0.872437 0.652076
vt 0.872028 0.653419
vt 0.873268 0.652095
vt 0.872866 0.653438
vt 0.873677 0.653438
vt 0.874779 0.676690
vt 0.873926 0.675838
vt 0.873677 0.677777
vt 0.872840 0.676939
vt 0.873677 0.678076
vt 0.848827 0.653438
vt 0.848427 0.652095
vt 0.849256 0.652076
vt 0.849665 0.653419
vt 0.871315 0.616547
vt 0.850378 0.616547
vt 0.873264 0.616573
vt 0.874391 0.616566
vt 0.849251 0.616554
vt 0.848426 0.616573
vt 0.898404 0.616547
vt 0.895328 0.714948
vt 0.895328 0.616566
vt 0.872442 0.616554
vt 0.896455 0.714941
vt 0.873757 0.592476
vt 0.873607 0.593036
vt 0.872872 0.592939
vt 0.873098 0.592096
vt 0.872334 0.592868
vt 0.872616 0.591817
vt 0.849353 0.615823
vt 0.850404 0.615816
vt 0.874025 0.592209
vt 0.873644 0.591550
vt 0.873366 0.591067
vt 0.848603 0.615841
vt 0.874584 0.592059
vt 0.874487 0.591324
vt 0.874417 0.590786
vt 0.874417 0.715678
vt 0.873366 0.715672
vt 0.896111 0.593036
vt 0.895961 0.592476
vt 0.896620 0.592096
vt 0.896846 0.592939
vt 0.897103 0.591817
vt 0.897384 0.592868
vt 0.919315 0.615816
vt 0.920365 0.615823
vt 0.895694 0.592209
vt 0.896074 0.591550
vt 0.896353 0.591067
vt 0.921116 0.615841
vt 0.895134 0.592059
vt 0.895231 0.591324
vt 0.895302 0.590786
vt 0.896353 0.715672
vt 0.895302 0.715678
vt 0.895134 0.614562
vt 0.895694 0.614413
vt 0.896074 0.615072
vt 0.895231 0.615298
vt 0.896353 0.615554
vt 0.895302 0.615836
vt 0.896353 0.615842
vt 0.895961 0.614145
vt 0.896620 0.614526
vt 0.897103 0.614804
vt 0.896628 0.615841
vt 0.897379 0.615823
vt 0.896111 0.613586
vt 0.896846 0.613683
vt 0.897384 0.613753
vt 0.898429 0.615816
vt 0.873607 0.613586
vt 0.873757 0.614145
vt 0.873098 0.614526
vt 0.872872 0.613683
vt 0.872616 0.614804
vt 0.872334 0.613753
vt 0.871289 0.615816
vt 0.872340 0.615823
vt 0.874025 0.614413
vt 0.873644 0.615072
vt 0.873366 0.615554
vt 0.873090 0.615841
vt 0.874584 0.614562
vt 0.874487 0.615298
vt 0.874417 0.615836
vt 0.873366 0.615842
s 1
usemtl Material
f 557/816/641 526/817/642 518/818/643 549/819/644
f 545/820/645 514/821/646 522/822/647 553/823/648
f 535/824/649 606/825/650 602/826/651 536/827/652
f 517/828/653 582/829/654 590/830/655 519/831/656
f 622/832/657 551/833/658 549/819/644 614/834/659
f 561/835/660 563/836/661 564/837/662 562/838/663 529/839/664 531/840/665 532/841/666 530/842/667 513/843/668 515/844/669 516/845/670 514/821/646 545/820/645 547/846/671 548/847/672 546/848/673
f 553/823/648 522/822/647 526/817/674 557/816/675
f 521/849/676 538/850/677 542/851/678 525/852/679
f 541/853/680 574/854/681 566/855/682 533/856/683
f 561/835/660 546/848/673 554/857/684 569/858/685
f 537/859/686 570/860/687 574/854/688 541/853/689
f 573/861/690 558/862/691 550/863/692 565/864/693
f 569/858/685 554/857/684 558/865/694 573/866/695
f 513/843/668 530/842/667 538/850/677 521/849/676
f 529/839/664 562/838/663 570/860/687 537/859/686
f 525/867/696 542/868/697 534/869/698 517/828/653
f 519/831/656 590/830/655 586/870/699 520/871/700
f 522/822/647 514/821/646 516/845/670 524/872/701
f 524/872/701 516/845/670 515/844/669 523/873/702
f 523/873/702 515/844/669 513/843/668 521/849/676
f 529/839/664 537/859/686 539/874/703 531/840/665
f 531/840/665 539/874/703 540/875/704 532/841/666
f 532/841/666 540/875/704 538/850/677 530/842/667
f 526/817/674 522/822/647 524/872/701 528/876/705
f 528/876/705 524/872/701 523/873/702 527/877/706
f 527/877/706 523/873/702 521/849/676 525/852/679
f 537/859/686 541/853/689 543/878/707 539/874/703
f 539/874/703 543/878/707 544/879/708 540/875/704
f 540/875/704 544/879/708 542/851/678 538/850/677
f 518/818/643 526/817/642 528/880/709 520/881/700
f 520/871/700 528/882/709 527/883/710 519/831/656
f 519/831/656 527/883/710 525/867/696 517/828/653
f 541/853/680 533/856/683 535/824/649 543/884/711
f 543/885/711 535/824/649 536/827/652 544/886/712
f 544/886/712 536/827/652 534/869/698 542/868/697
f 561/835/660 569/858/685 571/887/713 563/836/661
f 563/836/661 571/887/713 572/888/714 564/837/662
f 564/837/662 572/888/714 570/860/687 562/838/663
f 569/858/685 573/866/695 575/889/715 571/887/713
f 571/887/713 575/889/715 576/890/716 572/888/714
f 572/888/714 576/890/716 574/854/688 570/860/687
f 573/861/690 565/864/693 567/891/717 575/892/718
f 575/892/718 567/891/717 568/893/719 576/894/720
f 576/895/720 568/893/719 566/855/682 574/854/681
f 545/820/645 553/823/648 555/896/721 547/846/671
f 547/846/671 555/896/721 556/897/722 548/847/672
f 548/847/672 556/897/722 554/857/684 546/848/673
f 553/823/648 557/816/675 559/898/723 555/896/721
f 555/896/721 559/898/723 560/899/724 556/897/722
f 556/897/722 560/899/724 558/865/694 554/857/684
f 557/816/641 549/819/644 551/833/658 559/900/725
f 559/901/725 551/902/658 552/903/726 560/904/727
f 560/904/727 552/903/726 550/863/692 558/862/691
f 630/905/728 565/864/693 550/863/692 610/906/729
f 568/893/719 634/907/730 626/908/731 566/855/682
f 618/909/732 552/903/726 551/902/658 622/910/657
f 582/829/654 517/828/653 534/869/698 594/911/733
f 536/827/652 602/826/651 594/911/733 534/869/698
f 614/834/659 549/819/644 518/818/643 578/912/734
f 598/913/735 533/856/683 566/855/682 626/908/731
f 610/906/729 550/863/692 552/903/726 618/909/732
f 533/856/683 598/913/735 606/825/650 535/824/649
f 567/891/717 638/914/736 634/907/730 568/893/719
f 565/864/693 630/905/728 638/914/736 567/891/717
f 520/881/700 586/915/699 578/912/734 518/818/643
f 617/916/737 609/917/738 611/918/739 619/919/740
f 619/919/741 611/918/739 612/920/742 620/921/741
f 620/922/743 612/923/744 610/906/729 618/909/732
f 621/924/745 617/916/737 619/919/740 623/925/746
f 623/925/747 619/919/741 620/921/741 624/926/747
f 624/927/748 620/922/743 618/909/732 622/910/657
f 613/928/749 621/924/745 623/925/746 615/929/750
f 615/929/750 623/925/747 624/926/747 616/930/751
f 616/931/752 624/932/748 622/832/657 614/834/659
f 581/933/753 589/934/754 591/935/755 583/936/756
f 583/936/756 591/935/757 592/937/757 584/938/758
f 584/939/759 592/940/760 590/830/655 582/829/654
f 589/934/754 585/941/761 587/942/762 591/935/755
f 591/935/757 587/942/763 588/943/763 592/937/757
f 592/940/760 588/944/764 586/870/699 590/830/655
f 585/941/761 577/945/765 579/946/766 587/942/762
f 587/942/763 579/946/766 580/947/767 588/943/763
f 588/948/764 580/949/768 578/912/734 586/915/699
f 597/950/769 605/951/770 607/952/771 599/953/772
f 599/953/772 607/952/773 608/954/773 600/955/774
f 600/955/775 608/956/776 606/825/650 598/913/735
f 605/951/770 601/957/777 603/958/778 607/952/771
f 607/952/773 603/958/779 604/959/779 608/954/773
f 608/960/776 604/961/780 602/826/651 606/825/650
f 601/957/777 593/962/781 595/963/782 603/958/778
f 603/958/779 595/963/782 596/964/783 604/959/779
f 604/961/780 596/965/784 594/911/733 602/826/651
f 629/966/785 637/967/786 639/968/787 631/969/788
f 631/969/788 639/968/789 640/970/789 632/971/790
f 632/972/791 640/973/792 638/914/736 630/905/728
f 637/967/786 633/974/793 635/975/794 639/968/787
f 639/968/789 635/975/795 636/976/795 640/970/789
f 640/973/792 636/977/796 634/907/730 638/914/736
f 633/974/793 625/978/797 627/979/798 635/975/794
f 635/975/795 627/979/798 628/980/799 636/976/795
f 636/981/796 628/980/800 626/908/731 634/907/730
f 582/829/654 594/911/733 596/965/784 584/939/759
f 584/938/758 596/964/783 595/963/782 583/936/756
f 583/936/756 595/963/782 593/962/781 581/933/753
f 598/913/735 626/908/731 628/980/800 600/955/775
f 600/955/774 628/980/799 627/979/798 599/953/772
f 599/953/772 627/979/798 625/978/797 597/950/769
f 630/905/728 610/906/729 612/923/744 632/972/791
f 632/971/790 612/920/742 611/918/739 631/969/788
f 631/969/788 611/918/739 609/917/738 629/966/785
f 614/834/659 578/912/734 580/949/768 616/931/752
f 616/930/751 580/947/767 579/946/766 615/929/750
f 615/929/750 579/946/766 577/945/765 613/928/749
f 593/962/781 601/957/777 605/951/770 597/950/769 625/978/797 633/974/793 637/967/786 629/966/785 609/917/738 617/916/737 621/924/745 613/928/749 577/945/765 585/941/761 589/934/754 581/933/753
o Building.010
v 0.896329 3.289930 -0.658928
v 0.888806 3.289930 -0.621182
v 0.892567 3.289930 -0.653871
v 0.889814 3.289930 -0.640055
v 0.886586 3.260396 -0.706454
v 0.879334 3.260396 -0.670065
v 0.882960 3.260396 -0.701579
v 0.880306 3.260396 -0.688259
v 0.891531 3.285973 -0.682691
v 0.884070 3.285973 -0.645252
v 0.887801 3.285973 -0.677675
v 0.885070 3.285973 -0.663972
v 0.887940 3.275163 -0.700087
v 0.880603 3.275163 -0.663274
v 0.884271 3.275163 -0.695155
v 0.881586 3.275163 -0.681680
v 0.951421 3.289930 -0.621182
v 0.943898 3.289930 -0.658928
v 0.950413 3.289930 -0.640055
v 0.947659 3.289930 -0.653871
v 0.960892 3.260396 -0.670065
v 0.953640 3.260396 -0.706454
v 0.959921 3.260396 -0.688259
v 0.957266 3.260396 -0.701579
v 0.956156 3.285973 -0.645252
v 0.948695 3.285973 -0.682691
v 0.955157 3.285973 -0.663972
v 0.952426 3.285973 -0.677675
v 0.959623 3.275163 -0.663274
v 0.952287 3.275163 -0.700087
v 0.958640 3.275163 -0.681680
v 0.955955 3.275163 -0.695155
v 0.888806 3.289930 -0.382492
v 0.896329 3.289930 -0.344746
v 0.889814 3.289930 -0.363619
v 0.892567 3.289930 -0.349803
v 0.879334 3.260396 -0.333609
v 0.886586 3.260396 -0.297220
v 0.880306 3.260396 -0.315415
v 0.882960 3.260396 -0.302095
v 0.884070 3.285973 -0.358422
v 0.891531 3.285973 -0.320983
v 0.885070 3.285973 -0.339702
v 0.887801 3.285973 -0.325999
v 0.880603 3.275163 -0.340400
v 0.887940 3.275163 -0.303587
v 0.881586 3.275163 -0.321994
v 0.884271 3.275163 -0.308519
v 0.943898 3.289930 -0.344746
v 0.951421 3.289930 -0.382492
v 0.947659 3.289930 -0.349803
v 0.950413 3.289930 -0.363619
v 0.953640 3.260396 -0.297220
v 0.960892 3.260396 -0.333609
v 0.957266 3.260396 -0.302095
v 0.959921 3.260396 -0.315415
v 0.948695 3.285973 -0.320983
v 0.956156 3.285973 -0.358422
v 0.952426 3.285973 -0.325999
v 0.955157 3.285973 -0.339702
v 0.952287 3.275163 -0.303587
v 0.959623 3.275163 -0.340400
v 0.955955 3.275163 -0.308519
v 0.958640 3.275163 -0.321994
v 0.884047 2.850787 -0.667098
v 0.879334 2.867064 -0.670205
v 0.881691 2.852968 -0.668654
v 0.879966 2.858926 -0.669791
v 0.887178 2.850787 -0.682804
v 0.886558 2.867064 -0.706454
v 0.886868 2.852968 -0.694629
v 0.886641 2.858926 -0.703286
v 0.884528 2.850787 -0.676091
v 0.880302 2.867064 -0.688330
v 0.882415 2.852968 -0.682211
v 0.880868 2.858926 -0.686691
v 0.885385 2.850787 -0.680395
v 0.882946 2.867064 -0.701598
v 0.884166 2.852968 -0.690997
v 0.883273 2.858926 -0.698757
v 0.953049 2.850787 -0.682804
v 0.953668 2.867064 -0.706454
v 0.953359 2.852968 -0.694629
v 0.953586 2.858926 -0.703286
v 0.956179 2.850787 -0.667098
v 0.960892 2.867064 -0.670205
v 0.958536 2.852968 -0.668654
v 0.960261 2.858926 -0.669791
v 0.954841 2.850787 -0.680395
v 0.957280 2.867064 -0.701598
v 0.956061 2.852968 -0.690997
v 0.956954 2.858926 -0.698757
v 0.955699 2.850787 -0.676091
v 0.959924 2.867064 -0.688330
v 0.957812 2.852968 -0.682211
v 0.959358 2.858926 -0.686691
v 0.887178 2.850787 -0.320870
v 0.886558 2.867064 -0.297220
v 0.886868 2.852968 -0.309045
v 0.886641 2.858926 -0.300388
v 0.884047 2.850787 -0.336576
v 0.879334 2.867064 -0.333469
v 0.881691 2.852968 -0.335020
v 0.879966 2.858926 -0.333883
v 0.885385 2.850787 -0.323279
v 0.882946 2.867064 -0.302076
v 0.884166 2.852968 -0.312678
v 0.883273 2.858926 -0.304917
v 0.884528 2.850787 -0.327583
v 0.880302 2.867064 -0.315344
v 0.882415 2.852968 -0.321463
v 0.880868 2.858926 -0.316983
v 0.956179 2.850787 -0.336576
v 0.960892 2.867064 -0.333469
v 0.958536 2.852968 -0.335020
v 0.960261 2.858926 -0.333883
v 0.953049 2.850787 -0.320870
v 0.953668 2.867064 -0.297220
v 0.953359 2.852968 -0.309045
v 0.953586 2.858926 -0.300388
v 0.955699 2.850787 -0.327583
v 0.959924 2.867064 -0.315344
v 0.957812 2.852968 -0.321463
v 0.959358 2.858926 -0.316983
v 0.954841 2.850787 -0.323279
v 0.957280 2.867064 -0.302076
v 0.956061 2.852968 -0.312678
v 0.956954 2.858926 -0.304917
vn -0.9952 0.0955 0.0217
vn -0.9952 0.0955 -0.0217
vn -0.9985 0.0478 -0.0282
vn -0.9985 0.0478 0.0282
vn -0.3851 0.9229 0.0054
vn -0.3851 0.9229 -0.0054
vn -0.8666 0.4986 -0.0176
vn -0.8666 0.4986 0.0176
vn 0.9912 0.0642 -0.1160
vn 0.9925 -0.0442 -0.1142
vn 0.9428 -0.0727 -0.3254
vn 0.9419 0.1038 -0.3196
vn -0.5684 0.1921 -0.8000
vn -0.5442 -0.1585 -0.8238
vn -0.9428 -0.0727 -0.3254
vn -0.9419 0.1038 -0.3196
vn -0.9925 -0.0442 0.1142
vn -0.9912 0.0642 0.1160
vn -0.9989 -0.0383 0.0262
vn 0.0292 0.9961 0.0828
vn 0.1592 0.9852 0.0629
vn 0.3049 0.9519 0.0307
vn 0.3851 0.9229 0.0054
vn 0.3851 0.9229 -0.0054
vn 0.3049 0.9519 -0.0307
vn 0.1592 0.9852 -0.0629
vn 0.0292 0.9961 -0.0828
vn -0.0292 0.9961 -0.0828
vn -0.1592 0.9852 -0.0629
vn -0.3049 0.9519 -0.0307
vn -0.3049 0.9519 0.0307
vn -0.1592 0.9852 0.0629
vn -0.0292 0.9961 0.0828
vn -0.9347 0.3541 -0.0326
vn -0.9347 0.3541 0.0326
vn -0.1650 0.9320 -0.3228
vn 0.1650 0.9320 -0.3228
vn 0.3783 0.8192 -0.4310
vn -0.3783 0.8192 -0.4310
vn 0.9952 0.0955 -0.0217
vn 0.9952 0.0955 0.0217
vn 0.9985 0.0478 0.0282
vn 0.9985 0.0478 -0.0282
vn -0.1650 0.9320 0.3228
vn 0.1650 0.9320 0.3228
vn 0.8666 0.4986 -0.0176
vn 0.8666 0.4986 0.0176
vn 0.9347 0.3541 0.0326
vn 0.9347 0.3541 -0.0326
vn 0.4430 0.3889 0.8078
vn -0.4430 0.3889 0.8078
vn -0.5684 0.1921 0.8000
vn 0.5684 0.1921 0.8000
vn -0.3783 0.8192 0.4310
vn 0.3783 0.8192 0.4310
vn -0.4430 0.3889 -0.8078
vn 0.4430 0.3889 -0.8078
vn 0.5684 0.1921 -0.8000
vn -0.9925 -0.0442 -0.1142
vn -0.9912 0.0642 -0.1160
vn -0.7953 0.6003 -0.0850
vn -0.5662 0.7970 -0.2104
vn 0.7953 0.6003 -0.0850
vn 0.5662 0.7970 -0.2104
vn -0.8803 0.4617 -0.1087
vn -0.7412 0.6275 -0.2384
vn 0.8803 0.4617 -0.1087
vn 0.7412 0.6275 -0.2384
vn -0.9851 0.1337 -0.1083
vn -0.9163 0.2253 -0.3310
vn 0.9851 0.1337 -0.1083
vn 0.9163 0.2253 -0.3310
vn 0.5662 0.7970 0.2104
vn 0.7953 0.6003 0.0850
vn 0.7412 0.6275 0.2384
vn 0.8803 0.4617 0.1087
vn 0.9419 0.1038 0.3196
vn 0.9163 0.2253 0.3310
vn 0.9912 0.0642 0.1160
vn 0.9851 0.1337 0.1083
vn -0.7953 0.6003 0.0850
vn -0.5662 0.7970 0.2104
vn -0.8803 0.4617 0.1087
vn -0.7412 0.6275 0.2384
vn -0.9851 0.1337 0.1083
vn -0.9419 0.1038 0.3196
vn -0.9163 0.2253 0.3310
vn 0.5442 -0.1585 0.8238
vn -0.5442 -0.1585 0.8238
vn 0.9925 -0.0442 0.1142
vn 0.9989 -0.0383 0.0262
vn -0.9428 -0.0727 0.3254
vn 0.5442 -0.1585 -0.8238
vn -0.9989 -0.0383 -0.0262
vn 0.9989 -0.0383 -0.0262
vn 0.9428 -0.0727 0.3254
vn -0.2475 -0.9651 0.0854
vn -0.0633 -0.9934 0.0959
vn -0.2421 -0.8984 0.3664
vn -0.4040 -0.9040 0.1395
vn -0.8224 -0.4930 0.2839
vn -0.3471 -0.7767 0.5255
vn -0.9346 -0.1501 0.3226
vn -0.5234 -0.3137 0.7922
vn -0.4055 -0.9129 0.0467
vn -0.6106 -0.7888 0.0703
vn -0.9395 -0.3252 0.1081
vn -0.9893 -0.0917 0.1138
vn -0.4358 -0.9000 0.0114
vn -0.8982 -0.4389 0.0236
vn -0.9589 -0.2825 0.0252
vn -0.9966 -0.0786 0.0262
vn -0.0633 -0.9934 -0.0959
vn -0.2475 -0.9651 -0.0854
vn -0.4040 -0.9040 -0.1395
vn -0.2421 -0.8984 -0.3664
vn -0.8224 -0.4930 -0.2839
vn -0.3471 -0.7767 -0.5255
vn -0.5234 -0.3137 -0.7922
vn -0.9346 -0.1501 -0.3226
vn -0.4055 -0.9129 -0.0467
vn -0.6106 -0.7888 -0.0703
vn -0.9395 -0.3252 -0.1081
vn -0.9893 -0.0917 -0.1138
vn -0.4358 -0.9000 -0.0114
vn -0.8982 -0.4389 -0.0236
vn -0.9589 -0.2825 -0.0252
vn -0.9966 -0.0786 -0.0262
vn 0.4358 -0.9000 -0.0114
vn 0.4055 -0.9129 -0.0467
vn 0.6106 -0.7888 -0.0703
vn 0.8982 -0.4389 -0.0236
vn 0.9395 -0.3252 -0.1081
vn 0.9589 -0.2825 -0.0252
vn 0.9966 -0.0786 -0.0262
vn 0.9893 -0.0917 -0.1138
vn 0.2475 -0.9651 -0.0854
vn 0.4040 -0.9040 -0.1395
vn 0.8224 -0.4930 -0.2839
vn 0.9346 -0.1501 -0.3226
vn 0.0633 -0.9934 -0.0959
vn 0.2421 -0.8984 -0.3664
vn 0.3471 -0.7767 -0.5255
vn 0.5234 -0.3137 -0.7922
vn 0.0633 -0.9934 0.0959
vn 0.2475 -0.9651 0.0854
vn 0.4040 -0.9040 0.1395
vn 0.2421 -0.8984 0.3664
vn 0.8224 -0.4930 0.2839
vn 0.3471 -0.7767 0.5255
vn 0.5234 -0.3137 0.7922
vn 0.9346 -0.1501 0.3226
vn 0.4055 -0.9129 0.0467
vn 0.6106 -0.7888 0.0703
vn 0.9395 -0.3252 0.1081
vn 0.9893 -0.0917 0.1138
vn 0.4358 -0.9000 0.0114
vn 0.8982 -0.4389 0.0236
vn 0.9589 -0.2825 0.0252
vn 0.9966 -0.0786 0.0262
vt 0.875776 0.683662
vt 0.894140 0.683662
vt 0.894526 0.684921
vt 0.875389 0.684921
vt 0.878170 0.681284
vt 0.891746 0.681284
vt 0.893115 0.682635
vt 0.876801 0.682635
vt 0.897530 0.660711
vt 0.929696 0.660711
vt 0.929696 0.661741
vt 0.897530 0.661746
vt 0.897530 0.681917
vt 0.929696 0.681925
vt 0.929696 0.682956
vt 0.897530 0.682952
vt 0.874351 0.717087
vt 0.874355 0.684921
vt 0.875381 0.717087
vt 0.876023 0.665561
vt 0.876300 0.664487
vt 0.877096 0.663691
vt 0.878170 0.663414
vt 0.891746 0.663414
vt 0.892819 0.663691
vt 0.893616 0.664487
vt 0.893893 0.665561
vt 0.893893 0.679137
vt 0.893616 0.680210
vt 0.892819 0.681007
vt 0.877096 0.681007
vt 0.876300 0.680210
vt 0.876023 0.679137
vt 0.895244 0.680506
vt 0.895244 0.664192
vt 0.896271 0.663167
vt 0.896271 0.681531
vt 0.894140 0.661036
vt 0.875776 0.661036
vt 0.875389 0.659776
vt 0.894526 0.659776
vt 0.874671 0.680506
vt 0.874671 0.664192
vt 0.893115 0.662062
vt 0.876801 0.662062
vt 0.873645 0.663167
vt 0.873645 0.681531
vt 0.872385 0.681917
vt 0.872385 0.662780
vt 0.897530 0.662780
vt 0.929696 0.682956
vt 0.929696 0.683987
vt 0.897530 0.683987
vt 0.894180 0.682419
vt 0.895028 0.681571
vt 0.894180 0.662278
vt 0.895028 0.663127
vt 0.895187 0.683501
vt 0.896110 0.682578
vt 0.895187 0.661196
vt 0.896110 0.662120
vt 0.896234 0.683662
vt 0.896498 0.684579
vt 0.897189 0.683889
vt 0.896271 0.683625
vt 0.896192 0.682578
vt 0.897452 0.682952
vt 0.896498 0.660118
vt 0.896234 0.661036
vt 0.896271 0.661073
vt 0.897189 0.660809
vt 0.897452 0.661746
vt 0.896192 0.662120
vt 0.874887 0.663127
vt 0.875736 0.662278
vt 0.873805 0.662120
vt 0.874729 0.661196
vt 0.872727 0.660809
vt 0.873645 0.661073
vt 0.873682 0.661036
vt 0.873418 0.660118
vt 0.874355 0.659854
vt 0.874729 0.661115
vt 0.875736 0.682419
vt 0.874887 0.681571
vt 0.874729 0.683501
vt 0.873805 0.682578
vt 0.874355 0.684843
vt 0.874729 0.683583
vt 0.873418 0.684579
vt 0.873682 0.683662
vt 0.873645 0.683625
vt 0.872727 0.683889
vt 0.840219 0.662772
vt 0.840219 0.681925
vt 0.874355 0.659776
vt 0.874351 0.627610
vt 0.875381 0.627610
vt 0.873320 0.717087
vt 0.873320 0.684921
vt 0.929696 0.662772
vt 0.894534 0.717087
vt 0.894534 0.627610
vt 0.875381 0.627610
vt 0.872385 0.683987
vt 0.840219 0.683987
vt 0.894534 0.627610
vt 0.896596 0.627610
vt 0.896596 0.659776
vt 0.873320 0.659776
vt 0.873320 0.627610
vt 0.840219 0.660711
vt 0.872385 0.660711
vt 0.896596 0.684921
vt 0.896596 0.717087
vt 0.874802 0.604730
vt 0.874665 0.605241
vt 0.873992 0.605153
vt 0.874199 0.604382
vt 0.873326 0.605041
vt 0.873583 0.604080
vt 0.838888 0.683893
vt 0.838888 0.681971
vt 0.875047 0.604485
vt 0.874699 0.603882
vt 0.873630 0.603999
vt 0.874316 0.603313
vt 0.874304 0.718419
vt 0.873366 0.718419
vt 0.875558 0.604348
vt 0.875470 0.603675
vt 0.874397 0.603266
vt 0.875358 0.603009
vt 0.875358 0.718419
vt 0.874397 0.718419
vt 0.895251 0.605241
vt 0.895114 0.604730
vt 0.895717 0.604382
vt 0.895923 0.605153
vt 0.896332 0.604080
vt 0.896590 0.605041
vt 0.931028 0.681948
vt 0.931028 0.682909
vt 0.894869 0.604485
vt 0.895217 0.603882
vt 0.895599 0.603313
vt 0.896286 0.603999
vt 0.931028 0.683003
vt 0.931028 0.683940
vt 0.894357 0.604348
vt 0.894446 0.603675
vt 0.894557 0.603009
vt 0.895518 0.603266
vt 0.896502 0.718419
vt 0.894580 0.718419
vt 0.894357 0.624934
vt 0.894869 0.624797
vt 0.895217 0.625400
vt 0.894446 0.625606
vt 0.895518 0.626015
vt 0.894557 0.626273
vt 0.894580 0.626279
vt 0.896502 0.626279
vt 0.895114 0.624552
vt 0.895717 0.624900
vt 0.896286 0.625282
vt 0.895599 0.625969
vt 0.931028 0.660757
vt 0.931028 0.661695
vt 0.895251 0.624040
vt 0.895923 0.624129
vt 0.896590 0.624240
vt 0.896332 0.625201
vt 0.931028 0.661788
vt 0.931028 0.662749
vt 0.874665 0.624040
vt 0.874802 0.624552
vt 0.874199 0.624900
vt 0.873992 0.624129
vt 0.873583 0.625201
vt 0.873326 0.624240
vt 0.838888 0.662727
vt 0.838888 0.660804
vt 0.875047 0.624797
vt 0.874699 0.625400
vt 0.874316 0.625969
vt 0.873630 0.625282
vt 0.873366 0.626279
vt 0.874304 0.626279
vt 0.875558 0.624934
vt 0.875470 0.625606
vt 0.875382 0.626944
vt 0.874397 0.626944
vt 0.931028 0.662796
vt 0.931028 0.681902
vt 0.896596 0.605088
vt 0.896596 0.624194
vt 0.894511 0.626944
vt 0.838888 0.681902
vt 0.838888 0.662796
vt 0.873320 0.624194
vt 0.873320 0.605088
vt 0.894511 0.718419
vt 0.875405 0.718419
vt 0.875405 0.603003
vt 0.894511 0.603003
s 1
usemtl Material
f 685/982/801 654/983/802 646/984/803 677/985/804
f 673/986/805 642/987/806 650/988/807 681/989/808
f 663/990/809 734/991/810 730/992/811 664/993/812
f 645/994/813 710/995/814 718/996/815 647/997/816
f 750/998/817 679/999/818 677/985/804 742/1000/819
f 689/1001/820 691/1002/821 692/1003/822 690/1004/823 657/1005/824 659/1006/825 660/1007/826 658/1008/827 641/1009/828 643/1010/829 644/1011/830 642/987/806 673/986/805 675/1012/831 676/1013/832 674/1014/833
f 681/989/808 650/988/807 654/983/834 685/982/835
f 649/1015/836 666/1016/837 670/1017/838 653/1018/839
f 669/1019/840 702/1020/841 694/1021/842 661/1022/843
f 689/1001/820 674/1014/833 682/1023/844 697/1024/845
f 665/1025/846 698/1026/847 702/1020/848 669/1019/849
f 701/1027/850 686/1028/851 678/1029/852 693/1030/853
f 697/1024/845 682/1023/844 686/1028/854 701/1027/855
f 641/1009/828 658/1008/827 666/1016/837 649/1015/836
f 657/1005/824 690/1004/823 698/1026/847 665/1025/846
f 653/1018/856 670/1017/857 662/1031/858 645/994/813
f 647/997/816 718/1032/815 714/1033/859 648/1034/860
f 650/988/807 642/987/806 644/1011/830 652/1035/861
f 652/1035/861 644/1011/830 643/1010/829 651/1036/862
f 651/1036/862 643/1010/829 641/1009/828 649/1015/836
f 657/1005/824 665/1025/846 667/1037/863 659/1006/825
f 659/1006/825 667/1037/863 668/1038/864 660/1007/826
f 660/1007/826 668/1038/864 666/1016/837 658/1008/827
f 654/983/834 650/988/807 652/1035/861 656/1039/865
f 656/1039/865 652/1035/861 651/1036/862 655/1040/866
f 655/1040/866 651/1036/862 649/1015/836 653/1018/839
f 665/1025/846 669/1019/849 671/1041/867 667/1037/863
f 667/1037/863 671/1041/867 672/1042/868 668/1038/864
f 668/1038/864 672/1042/868 670/1017/838 666/1016/837
f 646/984/803 654/983/802 656/1043/869 648/1044/860
f 648/1045/860 656/1046/869 655/1047/870 647/1048/816
f 647/1048/816 655/1047/870 653/1018/856 645/994/813
f 669/1019/840 661/1022/843 663/1049/809 671/1050/871
f 671/1051/871 663/1052/809 664/1053/812 672/1054/872
f 672/1054/872 664/1053/812 662/1031/858 670/1017/857
f 689/1001/820 697/1024/845 699/1055/873 691/1002/821
f 691/1002/821 699/1055/873 700/1056/874 692/1003/822
f 692/1003/822 700/1056/874 698/1026/847 690/1004/823
f 697/1024/845 701/1027/855 703/1057/875 699/1055/873
f 699/1055/873 703/1057/875 704/1058/876 700/1056/874
f 700/1056/874 704/1058/876 702/1020/848 698/1026/847
f 701/1027/850 693/1030/853 695/1059/877 703/1060/878
f 703/1061/878 695/1062/877 696/1063/879 704/1064/880
f 704/1064/880 696/1063/879 694/1021/842 702/1020/841
f 673/986/805 681/989/808 683/1065/881 675/1012/831
f 675/1012/831 683/1065/881 684/1066/882 676/1013/832
f 676/1013/832 684/1066/882 682/1023/844 674/1014/833
f 681/989/808 685/982/835 687/1067/883 683/1065/881
f 683/1065/881 687/1067/883 688/1068/884 684/1066/882
f 684/1066/882 688/1068/884 686/1028/854 682/1023/844
f 685/982/801 677/985/804 679/1069/818 687/1070/885
f 687/1070/885 679/1069/818 680/1071/886 688/1072/887
f 688/1073/887 680/1074/886 678/1029/852 686/1028/851
f 758/1075/888 693/1030/853 678/1029/852 738/1076/889
f 696/1077/879 762/1078/890 754/1079/891 694/1021/842
f 746/1080/892 680/1081/886 679/999/818 750/998/817
f 710/995/814 645/994/813 662/1031/858 722/1082/893
f 664/993/812 730/992/811 722/1082/893 662/1031/858
f 742/1000/819 677/985/804 646/984/803 706/1083/894
f 726/1084/895 661/1022/843 694/1021/842 754/1085/891
f 738/1076/889 678/1029/852 680/1086/886 746/1087/892
f 661/1022/843 726/1088/895 734/1089/810 663/1090/809
f 695/1091/877 766/1092/896 762/1078/890 696/1077/879
f 693/1030/853 758/1075/888 766/1093/896 695/1094/877
f 648/1095/860 714/1096/859 706/1083/894 646/984/803
f 745/1097/897 737/1098/898 739/1099/899 747/1100/900
f 747/1100/901 739/1099/899 740/1101/902 748/1102/901
f 748/1103/903 740/1104/904 738/1076/889 746/1087/892
f 749/1105/905 745/1097/897 747/1100/900 751/1106/906
f 751/1106/907 747/1100/901 748/1107/901 752/1108/907
f 752/1109/908 748/1110/903 746/1080/892 750/998/817
f 741/1111/909 749/1105/905 751/1106/906 743/1112/910
f 743/1112/910 751/1106/907 752/1113/907 744/1114/911
f 744/1115/912 752/1116/908 750/998/817 742/1000/819
f 709/1117/913 717/1118/914 719/1119/915 711/1120/916
f 711/1120/916 719/1119/917 720/1121/917 712/1122/918
f 712/1123/919 720/1124/920 718/996/815 710/995/814
f 717/1118/914 713/1125/921 715/1126/922 719/1119/915
f 719/1119/917 715/1126/923 716/1127/923 720/1128/917
f 720/1129/920 716/1130/924 714/1033/859 718/1032/815
f 713/1125/921 705/1131/925 707/1132/926 715/1126/922
f 715/1126/923 707/1132/926 708/1133/927 716/1134/923
f 716/1135/924 708/1136/928 706/1083/894 714/1096/859
f 725/1137/929 733/1138/930 735/1139/931 727/1140/932
f 727/1140/932 735/1139/933 736/1141/933 728/1142/934
f 728/1143/935 736/1144/936 734/1089/810 726/1088/895
f 733/1138/930 729/1145/937 731/1146/938 735/1139/931
f 735/1139/933 731/1146/939 732/1147/939 736/1148/933
f 736/1149/936 732/1150/940 730/992/811 734/991/810
f 729/1145/937 721/1151/941 723/1152/942 731/1146/938
f 731/1146/939 723/1152/942 724/1153/943 732/1154/939
f 732/1155/940 724/1156/944 722/1082/893 730/992/811
f 757/1157/945 765/1158/946 767/1159/947 759/1160/948
f 759/1160/948 767/1159/949 768/1161/949 760/1162/950
f 760/1163/951 768/1164/952 766/1093/896 758/1075/888
f 765/1158/946 761/1165/953 763/1166/954 767/1159/947
f 767/1159/949 763/1166/955 764/1167/955 768/1168/949
f 768/1169/952 764/1170/956 762/1078/890 766/1092/896
f 761/1165/953 753/1171/957 755/1172/958 763/1166/954
f 763/1166/955 755/1172/958 756/1173/959 764/1174/955
f 764/1174/956 756/1173/960 754/1079/891 762/1078/890
f 710/995/814 722/1082/893 724/1175/944 712/1176/919
f 712/1177/918 724/1178/943 723/1152/942 711/1120/916
f 711/1120/916 723/1152/942 721/1151/941 709/1117/913
f 726/1084/895 754/1085/891 756/1173/960 728/1179/935
f 728/1179/934 756/1173/959 755/1172/958 727/1140/932
f 727/1140/932 755/1172/958 753/1171/957 725/1137/929
f 758/1075/888 738/1076/889 740/1180/904 760/1181/951
f 760/1182/950 740/1183/902 739/1099/899 759/1160/948
f 759/1160/948 739/1099/899 737/1098/898 757/1157/945
f 742/1000/819 706/1083/894 708/1184/928 744/1185/912
f 744/1186/911 708/1187/927 707/1132/926 743/1112/910
f 743/1112/910 707/1132/926 705/1131/925 741/1111/909
f 721/1151/941 729/1145/937 733/1138/930 725/1137/929 753/1171/957 761/1165/953 765/1158/946 757/1157/945 737/1098/898 745/1097/897 749/1105/905 741/1111/909 705/1131/925 713/1125/921 717/1118/914 709/1117/913
o Building.014
v -1.106219 1.694531 -0.919788
v -1.113742 1.694531 -0.882041
v -1.109981 1.694531 -0.914731
v -1.112734 1.694531 -0.900915
v -1.115961 1.664997 -0.967314
v -1.123214 1.664997 -0.930925
v -1.119588 1.664997 -0.962439
v -1.122242 1.664997 -0.949119
v -1.111017 1.690574 -0.943551
v -1.118478 1.690574 -0.906112
v -1.114747 1.690574 -0.938535
v -1.117478 1.690574 -0.924832
v -1.114608 1.679764 -0.960947
v -1.121945 1.679764 -0.924134
v -1.118276 1.679764 -0.956015
v -1.120962 1.679764 -0.942540
v -1.051127 1.694531 -0.882041
v -1.058650 1.694531 -0.919788
v -1.052135 1.694531 -0.900915
v -1.054889 1.694531 -0.914731
v -1.041656 1.664997 -0.930925
v -1.048908 1.664997 -0.967314
v -1.042627 1.664997 -0.949119
v -1.045282 1.664997 -0.962439
v -1.046391 1.690574 -0.906112
v -1.053853 1.690574 -0.943551
v -1.047391 1.690574 -0.924832
v -1.050122 1.690574 -0.938535
v -1.042925 1.679764 -0.924134
v -1.050261 1.679764 -0.960947
v -1.043908 1.679764 -0.942540
v -1.046593 1.679764 -0.956015
v -1.113742 1.694531 -0.643352
v -1.106219 1.694531 -0.605606
v -1.112734 1.694531 -0.624479
v -1.109981 1.694531 -0.610663
v -1.123214 1.664997 -0.594469
v -1.115961 1.664997 -0.558080
v -1.122242 1.664997 -0.576274
v -1.119588 1.664997 -0.562955
v -1.118478 1.690574 -0.619282
v -1.111017 1.690574 -0.581843
v -1.117478 1.690574 -0.600562
v -1.114747 1.690574 -0.586859
v -1.121945 1.679764 -0.601260
v -1.114608 1.679764 -0.564447
v -1.120962 1.679764 -0.582854
v -1.118276 1.679764 -0.569379
v -1.058650 1.694531 -0.605606
v -1.051127 1.694531 -0.643352
v -1.054889 1.694531 -0.610663
v -1.052135 1.694531 -0.624479
v -1.048908 1.664997 -0.558080
v -1.041656 1.664997 -0.594469
v -1.045282 1.664997 -0.562955
v -1.042627 1.664997 -0.576274
v -1.053853 1.690574 -0.581843
v -1.046391 1.690574 -0.619282
v -1.050122 1.690574 -0.586859
v -1.047391 1.690574 -0.600562
v -1.050261 1.679764 -0.564447
v -1.042925 1.679764 -0.601260
v -1.046593 1.679764 -0.569379
v -1.043908 1.679764 -0.582854
v -1.118500 1.255388 -0.927957
v -1.123214 1.271666 -0.931065
v -1.120857 1.257569 -0.929513
v -1.122582 1.263527 -0.930651
v -1.115370 1.255388 -0.943664
v -1.115990 1.271666 -0.967314
v -1.115680 1.257569 -0.955489
v -1.115907 1.263527 -0.964146
v -1.118020 1.255388 -0.936950
v -1.122246 1.271666 -0.949190
v -1.120133 1.257569 -0.943071
v -1.121680 1.263527 -0.947551
v -1.117162 1.255388 -0.941255
v -1.119602 1.271666 -0.962458
v -1.118382 1.257569 -0.951856
v -1.119275 1.263527 -0.959617
v -1.049499 1.255388 -0.943664
v -1.048880 1.271666 -0.967314
v -1.049189 1.257569 -0.955489
v -1.048962 1.263527 -0.964146
v -1.046369 1.255388 -0.927957
v -1.041656 1.271666 -0.931065
v -1.044012 1.257569 -0.929513
v -1.042287 1.263527 -0.930651
v -1.047707 1.255388 -0.941255
v -1.045268 1.271666 -0.962458
v -1.046487 1.257569 -0.951856
v -1.045594 1.263527 -0.959617
v -1.046849 1.255388 -0.936950
v -1.042624 1.271666 -0.949190
v -1.044736 1.257569 -0.943071
v -1.043190 1.263527 -0.947551
v -1.115370 1.255388 -0.581729
v -1.115989 1.271666 -0.558080
v -1.115680 1.257569 -0.569905
v -1.115907 1.263527 -0.561248
v -1.118500 1.255388 -0.597436
v -1.123214 1.271666 -0.594329
v -1.120857 1.257569 -0.595880
v -1.122582 1.263527 -0.594743
v -1.117162 1.255388 -0.584139
v -1.119602 1.271666 -0.562936
v -1.118382 1.257569 -0.573537
v -1.119275 1.263527 -0.565776
v -1.118020 1.255388 -0.588443
v -1.122246 1.271666 -0.576204
v -1.120133 1.257569 -0.582323
v -1.121680 1.263527 -0.577843
v -1.046369 1.255388 -0.597436
v -1.041656 1.271666 -0.594329
v -1.044012 1.257569 -0.595880
v -1.042287 1.263527 -0.594743
v -1.049499 1.255388 -0.581729
v -1.048880 1.271666 -0.558080
v -1.049189 1.257569 -0.569905
v -1.048962 1.263527 -0.561248
v -1.046849 1.255388 -0.588443
v -1.042623 1.271666 -0.576204
v -1.044736 1.257569 -0.582323
v -1.043190 1.263527 -0.577843
v -1.047707 1.255388 -0.584139
v -1.045268 1.271666 -0.562936
v -1.046487 1.257569 -0.573537
v -1.045594 1.263527 -0.565776
vn -0.9952 0.0955 0.0217
vn -0.9952 0.0955 -0.0217
vn -0.9985 0.0478 -0.0282
vn -0.9985 0.0478 0.0282
vn -0.3851 0.9229 0.0054
vn -0.3851 0.9229 -0.0054
vn -0.8666 0.4986 -0.0176
vn -0.8666 0.4986 0.0176
vn 0.9912 0.0642 -0.1160
vn 0.9925 -0.0442 -0.1142
vn 0.9428 -0.0727 -0.3254
vn 0.9419 0.1038 -0.3196
vn -0.5684 0.1921 -0.8000
vn -0.5442 -0.1585 -0.8238
vn -0.9428 -0.0727 -0.3254
vn -0.9419 0.1038 -0.3196
vn -0.9925 -0.0442 0.1142
vn -0.9912 0.0642 0.1160
vn -0.9989 -0.0383 0.0262
vn 0.0292 0.9961 0.0828
vn 0.1592 0.9852 0.0629
vn 0.3049 0.9519 0.0307
vn 0.3851 0.9229 0.0054
vn 0.3851 0.9229 -0.0054
vn 0.3049 0.9519 -0.0307
vn 0.1592 0.9852 -0.0629
vn 0.0292 0.9961 -0.0828
vn -0.0292 0.9961 -0.0828
vn -0.1592 0.9852 -0.0629
vn -0.3049 0.9519 -0.0307
vn -0.3049 0.9519 0.0307
vn -0.1592 0.9852 0.0629
vn -0.0292 0.9961 0.0828
vn -0.9347 0.3541 -0.0326
vn -0.9347 0.3541 0.0326
vn -0.1650 0.9320 -0.3228
vn 0.1650 0.9320 -0.3228
vn 0.3783 0.8192 -0.4310
vn -0.3783 0.8192 -0.4310
vn 0.9952 0.0955 -0.0217
vn 0.9952 0.0955 0.0217
vn 0.9985 0.0478 0.0282
vn 0.9985 0.0478 -0.0282
vn -0.1650 0.9320 0.3228
vn 0.1650 0.9320 0.3228
vn 0.8666 0.4986 -0.0176
vn 0.8666 0.4986 0.0176
vn 0.9347 0.3541 0.0326
vn 0.9347 0.3541 -0.0326
vn 0.4430 0.3889 0.8078
vn -0.4430 0.3889 0.8078
vn -0.5684 0.1921 0.8000
vn 0.5684 0.1921 0.8000
vn -0.3783 0.8192 0.4310
vn 0.3783 0.8192 0.4310
vn -0.4430 0.3889 -0.8078
vn 0.4430 0.3889 -0.8078
vn 0.5684 0.1921 -0.8000
vn -0.9925 -0.0442 -0.1142
vn -0.9912 0.0642 -0.1160
vn -0.7953 0.6003 -0.0850
vn -0.5662 0.7970 -0.2104
vn 0.7953 0.6003 -0.0850
vn 0.5662 0.7970 -0.2104
vn -0.8803 0.4617 -0.1087
vn -0.7412 0.6275 -0.2384
vn 0.8803 0.4617 -0.1087
vn 0.7412 0.6275 -0.2384
vn -0.9851 0.1337 -0.1083
vn -0.9163 0.2253 -0.3310
vn 0.9851 0.1337 -0.1083
vn 0.9163 0.2253 -0.3310
vn 0.5662 0.7970 0.2104
vn 0.7953 0.6003 0.0850
vn 0.7412 0.6275 0.2384
vn 0.8803 0.4617 0.1087
vn 0.9419 0.1038 0.3196
vn 0.9163 0.2253 0.3310
vn 0.9912 0.0642 0.1160
vn 0.9851 0.1337 0.1083
vn -0.7953 0.6003 0.0850
vn -0.5662 0.7970 0.2104
vn -0.8803 0.4617 0.1087
vn -0.7412 0.6275 0.2384
vn -0.9851 0.1337 0.1083
vn -0.9419 0.1038 0.3196
vn -0.9163 0.2253 0.3310
vn 0.5442 -0.1585 0.8238
vn -0.5442 -0.1585 0.8238
vn 0.9925 -0.0442 0.1142
vn 0.9989 -0.0383 0.0262
vn -0.9428 -0.0727 0.3254
vn 0.5442 -0.1585 -0.8238
vn -0.9989 -0.0383 -0.0262
vn 0.9989 -0.0383 -0.0262
vn 0.9428 -0.0727 0.3254
vn -0.2475 -0.9651 0.0854
vn -0.0633 -0.9934 0.0959
vn -0.2421 -0.8984 0.3664
vn -0.4040 -0.9040 0.1395
vn -0.8224 -0.4930 0.2839
vn -0.3471 -0.7767 0.5255
vn -0.9346 -0.1501 0.3226
vn -0.5234 -0.3137 0.7922
vn -0.4055 -0.9129 0.0467
vn -0.6106 -0.7888 0.0703
vn -0.9395 -0.3252 0.1081
vn -0.9893 -0.0917 0.1138
vn -0.4358 -0.9000 0.0114
vn -0.8982 -0.4389 0.0236
vn -0.9589 -0.2825 0.0252
vn -0.9966 -0.0786 0.0262
vn -0.0633 -0.9934 -0.0959
vn -0.2475 -0.9651 -0.0854
vn -0.4040 -0.9040 -0.1395
vn -0.2421 -0.8984 -0.3664
vn -0.8224 -0.4930 -0.2839
vn -0.3471 -0.7767 -0.5255
vn -0.5234 -0.3137 -0.7922
vn -0.9346 -0.1501 -0.3226
vn -0.4055 -0.9129 -0.0467
vn -0.6106 -0.7888 -0.0703
vn -0.9395 -0.3252 -0.1081
vn -0.9893 -0.0917 -0.1138
vn -0.4358 -0.9000 -0.0114
vn -0.8982 -0.4389 -0.0236
vn -0.9589 -0.2825 -0.0252
vn -0.9966 -0.0786 -0.0262
vn 0.4358 -0.9000 -0.0114
vn 0.4055 -0.9129 -0.0467
vn 0.6106 -0.7888 -0.0703
vn 0.8982 -0.4389 -0.0236
vn 0.9395 -0.3252 -0.1081
vn 0.9589 -0.2825 -0.0252
vn 0.9966 -0.0786 -0.0262
vn 0.9893 -0.0917 -0.1138
vn 0.2475 -0.9651 -0.0854
vn 0.4040 -0.9040 -0.1395
vn 0.8224 -0.4930 -0.2839
vn 0.9346 -0.1501 -0.3226
vn 0.0633 -0.9934 -0.0959
vn 0.2421 -0.8984 -0.3664
vn 0.3471 -0.7767 -0.5255
vn 0.5234 -0.3137 -0.7922
vn 0.0633 -0.9934 0.0959
vn 0.2475 -0.9651 0.0854
vn 0.4040 -0.9040 0.1395
vn 0.2421 -0.8984 0.3664
vn 0.8224 -0.4930 0.2839
vn 0.3471 -0.7767 0.5255
vn 0.5234 -0.3137 0.7922
vn 0.9346 -0.1501 0.3226
vn 0.4055 -0.9129 0.0467
vn 0.6106 -0.7888 0.0703
vn 0.9395 -0.3252 0.1081
vn 0.9893 -0.0917 0.1138
vn 0.4358 -0.9000 0.0114
vn 0.8982 -0.4389 0.0236
vn 0.9589 -0.2825 0.0252
vn 0.9966 -0.0786 0.0262
vt 0.869055 0.675900
vt 0.893843 0.675900
vt 0.894364 0.677600
vt 0.868534 0.677600
vt 0.872287 0.672690
vt 0.890611 0.672690
vt 0.892459 0.674515
vt 0.870439 0.674515
vt 0.898419 0.644921
vt 0.941836 0.644921
vt 0.941836 0.646313
vt 0.898419 0.646318
vt 0.898419 0.673545
vt 0.941836 0.673556
vt 0.941836 0.674948
vt 0.898419 0.674942
vt 0.867132 0.721018
vt 0.867137 0.677600
vt 0.868523 0.721018
vt 0.869389 0.651468
vt 0.869763 0.650019
vt 0.870838 0.648944
vt 0.872287 0.648570
vt 0.890611 0.648570
vt 0.892060 0.648944
vt 0.893135 0.650019
vt 0.893509 0.651468
vt 0.893509 0.669793
vt 0.893135 0.671242
vt 0.892060 0.672316
vt 0.870838 0.672316
vt 0.869763 0.671242
vt 0.869389 0.669793
vt 0.895334 0.671641
vt 0.895334 0.649620
vt 0.896719 0.648236
vt 0.896719 0.673024
vt 0.893843 0.645360
vt 0.869055 0.645360
vt 0.868534 0.643660
vt 0.894364 0.643660
vt 0.867564 0.671641
vt 0.867564 0.649620
vt 0.892459 0.646746
vt 0.870439 0.646746
vt 0.866179 0.648236
vt 0.866179 0.673024
vt 0.864479 0.673545
vt 0.864479 0.647715
vt 0.898419 0.647715
vt 0.941836 0.674948
vt 0.941836 0.676339
vt 0.898419 0.676339
vt 0.893896 0.674223
vt 0.895042 0.673078
vt 0.893896 0.647038
vt 0.895042 0.648183
vt 0.895256 0.675684
vt 0.896502 0.674437
vt 0.895256 0.645577
vt 0.896502 0.646823
vt 0.896669 0.675900
vt 0.897025 0.677139
vt 0.897958 0.676206
vt 0.896719 0.675850
vt 0.896612 0.674437
vt 0.898314 0.674942
vt 0.897025 0.644122
vt 0.896669 0.645360
vt 0.896719 0.645410
vt 0.897958 0.645054
vt 0.898314 0.646318
vt 0.896612 0.646823
vt 0.867856 0.648183
vt 0.869002 0.647038
vt 0.866396 0.646823
vt 0.867642 0.645577
vt 0.864940 0.645054
vt 0.866179 0.645410
vt 0.866229 0.645360
vt 0.865873 0.644121
vt 0.867137 0.643766
vt 0.867642 0.645467
vt 0.869002 0.674223
vt 0.867856 0.673078
vt 0.867642 0.675684
vt 0.866396 0.674437
vt 0.867137 0.677495
vt 0.867642 0.675793
vt 0.865873 0.677139
vt 0.866229 0.675900
vt 0.866179 0.675850
vt 0.864940 0.676206
vt 0.821062 0.647704
vt 0.821062 0.673556
vt 0.867137 0.643660
vt 0.867132 0.600243
vt 0.868523 0.600243
vt 0.865740 0.721018
vt 0.865740 0.677600
vt 0.941836 0.673556
vt 0.941836 0.647704
vt 0.868523 0.721018
vt 0.894375 0.721018
vt 0.894375 0.600243
vt 0.864479 0.676339
vt 0.821062 0.676339
vt 0.897158 0.600243
vt 0.897158 0.643660
vt 0.865740 0.643660
vt 0.865740 0.600243
vt 0.821062 0.644921
vt 0.864479 0.644921
vt 0.897158 0.677600
vt 0.897158 0.721018
vt 0.867741 0.569359
vt 0.867556 0.570050
vt 0.866648 0.569930
vt 0.866927 0.568890
vt 0.865748 0.569780
vt 0.866096 0.568483
vt 0.819265 0.676213
vt 0.819265 0.673618
vt 0.868071 0.569029
vt 0.867601 0.568215
vt 0.866159 0.568374
vt 0.867085 0.567447
vt 0.867069 0.722814
vt 0.865803 0.722814
vt 0.868762 0.568844
vt 0.868642 0.567936
vt 0.867194 0.567384
vt 0.868492 0.567037
vt 0.868492 0.722814
vt 0.867194 0.722814
vt 0.895342 0.570050
vt 0.895157 0.569359
vt 0.895971 0.568890
vt 0.896250 0.569930
vt 0.896802 0.568483
vt 0.897150 0.569780
vt 0.943633 0.673587
vt 0.943633 0.674885
vt 0.894827 0.569029
vt 0.895297 0.568215
vt 0.895813 0.567447
vt 0.896739 0.568374
vt 0.943633 0.675011
vt 0.943633 0.676276
vt 0.894136 0.568844
vt 0.894256 0.567936
vt 0.894406 0.567037
vt 0.895704 0.567384
vt 0.897032 0.722814
vt 0.894437 0.722814
vt 0.894136 0.596630
vt 0.894827 0.596445
vt 0.895297 0.597259
vt 0.894256 0.597538
vt 0.895704 0.598090
vt 0.894406 0.598438
vt 0.894437 0.598446
vt 0.897032 0.598446
vt 0.895157 0.596115
vt 0.895971 0.596585
vt 0.896739 0.597101
vt 0.895813 0.598027
vt 0.943633 0.644984
vt 0.943633 0.646250
vt 0.895342 0.595425
vt 0.896250 0.595544
vt 0.897150 0.595694
vt 0.896802 0.596992
vt 0.943633 0.646376
vt 0.943633 0.647673
vt 0.867556 0.595425
vt 0.867741 0.596115
vt 0.866927 0.596585
vt 0.866648 0.595544
vt 0.866096 0.596992
vt 0.865748 0.595694
vt 0.819265 0.647642
vt 0.819265 0.645048
vt 0.868071 0.596445
vt 0.867601 0.597259
vt 0.867085 0.598027
vt 0.866159 0.597101
vt 0.865803 0.598446
vt 0.867069 0.598446
vt 0.868762 0.596630
vt 0.868642 0.597538
vt 0.868523 0.599344
vt 0.867194 0.599344
vt 0.943633 0.647736
vt 0.943633 0.673524
vt 0.897158 0.569843
vt 0.897158 0.595631
vt 0.894343 0.599344
vt 0.819265 0.673524
vt 0.819265 0.647736
vt 0.865740 0.595631
vt 0.865740 0.569843
vt 0.894343 0.722814
vt 0.868555 0.722814
vt 0.868555 0.567028
vt 0.894343 0.567028
s 1
usemtl Material
f 813/1188/961 782/1189/962 774/1190/963 805/1191/964
f 801/1192/965 770/1193/966 778/1194/967 809/1195/968
f 791/1196/969 862/1197/970 858/1198/971 792/1199/972
f 773/1200/973 838/1201/974 846/1202/975 775/1203/976
f 878/1204/977 807/1205/978 805/1191/964 870/1206/979
f 817/1207/980 819/1208/981 820/1209/982 818/1210/983 785/1211/984 787/1212/985 788/1213/986 786/1214/987 769/1215/988 771/1216/989 772/1217/990 770/1193/966 801/1192/965 803/1218/991 804/1219/992 802/1220/993
f 809/1195/968 778/1194/967 782/1189/994 813/1188/995
f 777/1221/996 794/1222/997 798/1223/998 781/1224/999
f 797/1225/1000 830/1226/1001 822/1227/1002 789/1228/1003
f 817/1207/980 802/1220/993 810/1229/1004 825/1230/1005
f 793/1231/1006 826/1232/1007 830/1226/1008 797/1225/1009
f 829/1233/1010 814/1234/1011 806/1235/1012 821/1236/1013
f 825/1230/1005 810/1229/1004 814/1234/1014 829/1233/1015
f 769/1215/988 786/1214/987 794/1222/997 777/1221/996
f 785/1211/984 818/1210/983 826/1232/1007 793/1231/1006
f 781/1224/1016 798/1223/1017 790/1237/1018 773/1200/973
f 775/1203/976 846/1238/975 842/1239/1019 776/1240/1020
f 778/1194/967 770/1193/966 772/1217/990 780/1241/1021
f 780/1241/1021 772/1217/990 771/1216/989 779/1242/1022
f 779/1242/1022 771/1216/989 769/1215/988 777/1221/996
f 785/1211/984 793/1231/1006 795/1243/1023 787/1212/985
f 787/1212/985 795/1243/1023 796/1244/1024 788/1213/986
f 788/1213/986 796/1244/1024 794/1222/997 786/1214/987
f 782/1189/994 778/1194/967 780/1241/1021 784/1245/1025
f 784/1245/1025 780/1241/1021 779/1242/1022 783/1246/1026
f 783/1246/1026 779/1242/1022 777/1221/996 781/1224/999
f 793/1231/1006 797/1225/1009 799/1247/1027 795/1243/1023
f 795/1243/1023 799/1247/1027 800/1248/1028 796/1244/1024
f 796/1244/1024 800/1248/1028 798/1223/998 794/1222/997
f 774/1190/963 782/1189/962 784/1249/1029 776/1250/1020
f 776/1251/1020 784/1252/1029 783/1253/1030 775/1254/976
f 775/1254/976 783/1253/1030 781/1224/1016 773/1200/973
f 797/1225/1000 789/1228/1003 791/1255/969 799/1256/1031
f 799/1257/1031 791/1258/969 792/1259/972 800/1260/1032
f 800/1260/1032 792/1259/972 790/1237/1018 798/1223/1017
f 817/1207/980 825/1230/1005 827/1261/1033 819/1208/981
f 819/1208/981 827/1261/1033 828/1262/1034 820/1209/982
f 820/1209/982 828/1262/1034 826/1232/1007 818/1210/983
f 825/1230/1005 829/1233/1015 831/1263/1035 827/1261/1033
f 827/1261/1033 831/1263/1035 832/1264/1036 828/1262/1034
f 828/1262/1034 832/1264/1036 830/1226/1008 826/1232/1007
f 829/1233/1010 821/1236/1013 823/1265/1037 831/1266/1038
f 831/1267/1038 823/1268/1037 824/1269/1039 832/1270/1040
f 832/1270/1040 824/1269/1039 822/1227/1002 830/1226/1001
f 801/1192/965 809/1195/968 811/1271/1041 803/1218/991
f 803/1218/991 811/1271/1041 812/1272/1042 804/1219/992
f 804/1219/992 812/1272/1042 810/1229/1004 802/1220/993
f 809/1195/968 813/1188/995 815/1273/1043 811/1271/1041
f 811/1271/1041 815/1273/1043 816/1274/1044 812/1272/1042
f 812/1272/1042 816/1274/1044 814/1234/1014 810/1229/1004
f 813/1188/961 805/1191/964 807/1275/978 815/1276/1045
f 815/1276/1045 807/1275/978 808/1277/1046 816/1278/1047
f 816/1279/1047 808/1280/1046 806/1235/1012 814/1234/1011
f 886/1281/1048 821/1236/1013 806/1235/1012 866/1282/1049
f 824/1283/1039 890/1284/1050 882/1285/1051 822/1227/1002
f 874/1286/1052 808/1287/1046 807/1205/978 878/1204/977
f 838/1288/974 773/1200/973 790/1237/1018 850/1289/1053
f 792/1199/972 858/1198/971 850/1289/1053 790/1237/1018
f 870/1290/979 805/1191/964 774/1190/963 834/1291/1054
f 854/1292/1055 789/1228/1003 822/1227/1002 882/1285/1051
f 866/1282/1049 806/1235/1012 808/1293/1046 874/1294/1052
f 789/1228/1003 854/1292/1055 862/1295/970 791/1296/969
f 823/1297/1037 894/1298/1056 890/1284/1050 824/1283/1039
f 821/1236/1013 886/1281/1048 894/1299/1056 823/1300/1037
f 776/1301/1020 842/1302/1019 834/1291/1054 774/1190/963
f 873/1303/1057 865/1304/1058 867/1305/1059 875/1306/1060
f 875/1306/1061 867/1305/1059 868/1307/1062 876/1308/1061
f 876/1309/1063 868/1310/1064 866/1282/1049 874/1294/1052
f 877/1311/1065 873/1303/1057 875/1306/1060 879/1312/1066
f 879/1312/1067 875/1306/1061 876/1313/1061 880/1314/1067
f 880/1315/1068 876/1316/1063 874/1286/1052 878/1204/977
f 869/1317/1069 877/1311/1065 879/1312/1066 871/1318/1070
f 871/1318/1070 879/1312/1067 880/1319/1067 872/1320/1071
f 872/1321/1072 880/1322/1068 878/1204/977 870/1206/979
f 837/1323/1073 845/1324/1074 847/1325/1075 839/1326/1076
f 839/1326/1076 847/1325/1077 848/1327/1077 840/1328/1078
f 840/1329/1079 848/1330/1080 846/1202/975 838/1201/974
f 845/1324/1074 841/1331/1081 843/1332/1082 847/1325/1075
f 847/1325/1077 843/1332/1083 844/1333/1083 848/1334/1077
f 848/1335/1080 844/1336/1084 842/1239/1019 846/1238/975
f 841/1331/1081 833/1337/1085 835/1338/1086 843/1332/1082
f 843/1332/1083 835/1338/1086 836/1339/1087 844/1340/1083
f 844/1341/1084 836/1342/1088 834/1291/1054 842/1302/1019
f 853/1343/1089 861/1344/1090 863/1345/1091 855/1346/1092
f 855/1346/1092 863/1345/1093 864/1347/1093 856/1348/1094
f 856/1349/1095 864/1350/1096 862/1295/970 854/1292/1055
f 861/1344/1090 857/1351/1097 859/1352/1098 863/1345/1091
f 863/1345/1093 859/1352/1099 860/1353/1099 864/1354/1093
f 864/1355/1096 860/1356/1100 858/1198/971 862/1197/970
f 857/1351/1097 849/1357/1101 851/1358/1102 859/1352/1098
f 859/1352/1099 851/1358/1102 852/1359/1103 860/1360/1099
f 860/1361/1100 852/1362/1104 850/1289/1053 858/1198/971
f 885/1363/1105 893/1364/1106 895/1365/1107 887/1366/1108
f 887/1366/1108 895/1365/1109 896/1367/1109 888/1368/1110
f 888/1369/1111 896/1370/1112 894/1299/1056 886/1281/1048
f 893/1364/1106 889/1371/1113 891/1372/1114 895/1365/1107
f 895/1365/1109 891/1372/1115 892/1373/1115 896/1374/1109
f 896/1375/1112 892/1376/1116 890/1284/1050 894/1298/1056
f 889/1371/1113 881/1377/1117 883/1378/1118 891/1372/1114
f 891/1372/1115 883/1378/1118 884/1379/1119 892/1380/1115
f 892/1380/1116 884/1379/1120 882/1285/1051 890/1284/1050
f 838/1288/974 850/1289/1053 852/1381/1104 840/1382/1079
f 840/1383/1078 852/1384/1103 851/1358/1102 839/1326/1076
f 839/1326/1076 851/1358/1102 849/1357/1101 837/1323/1073
f 854/1292/1055 882/1285/1051 884/1379/1120 856/1385/1095
f 856/1385/1094 884/1379/1119 883/1378/1118 855/1346/1092
f 855/1346/1092 883/1378/1118 881/1377/1117 853/1343/1089
f 886/1281/1048 866/1282/1049 868/1386/1064 888/1387/1111
f 888/1388/1110 868/1389/1062 867/1305/1059 887/1366/1108
f 887/1366/1108 867/1305/1059 865/1304/1058 885/1363/1105
f 870/1290/979 834/1291/1054 836/1390/1088 872/1391/1072
f 872/1392/1071 836/1393/1087 835/1338/1086 871/1318/1070
f 871/1318/1070 835/1338/1086 833/1337/1085 869/1317/1069
f 849/1357/1101 857/1351/1097 861/1344/1090 853/1343/1089 881/1377/1117 889/1371/1113 893/1364/1106 885/1363/1105 865/1304/1058 873/1303/1057 877/1311/1065 869/1317/1069 833/1337/1085 841/1331/1081 845/1324/1074 837/1323/1073
o Building.015
v -1.041440 1.634633 0.093942
v -1.048963 1.634633 0.131689
v -1.045201 1.634633 0.098999
v -1.047955 1.634633 0.112815
v -1.051182 1.605099 0.046416
v -1.058434 1.605099 0.082806
v -1.054808 1.605099 0.051291
v -1.057463 1.605099 0.064611
v -1.046237 1.630676 0.070179
v -1.053699 1.630676 0.107618
v -1.049968 1.630676 0.075195
v -1.052699 1.630676 0.088899
v -1.049829 1.619866 0.052783
v -1.057166 1.619866 0.089596
v -1.053497 1.619866 0.057715
v -1.056183 1.619866 0.071190
v -0.986348 1.634633 0.131689
v -0.993871 1.634633 0.093942
v -0.987356 1.634633 0.112815
v -0.990109 1.634633 0.098999
v -0.976876 1.605099 0.082806
v -0.984129 1.605099 0.046416
v -0.977848 1.605099 0.064611
v -0.980502 1.605099 0.051291
v -0.981612 1.630676 0.107618
v -0.989074 1.630676 0.070179
v -0.982612 1.630676 0.088899
v -0.985343 1.630676 0.075195
v -0.978145 1.619866 0.089596
v -0.985482 1.619866 0.052783
v -0.979128 1.619866 0.071190
v -0.981814 1.619866 0.057715
v -1.048963 1.634633 0.370378
v -1.041440 1.634633 0.408124
v -1.047955 1.634633 0.389251
v -1.045201 1.634633 0.403067
v -1.058434 1.605099 0.419261
v -1.051182 1.605099 0.455650
v -1.057463 1.605099 0.437456
v -1.054808 1.605099 0.450775
v -1.053699 1.630676 0.394448
v -1.046237 1.630676 0.431887
v -1.052699 1.630676 0.413168
v -1.049968 1.630676 0.426872
v -1.057165 1.619866 0.412470
v -1.049829 1.619866 0.449283
v -1.056183 1.619866 0.430877
v -1.053497 1.619866 0.444351
v -0.993871 1.634633 0.408124
v -0.986348 1.634633 0.370378
v -0.990109 1.634633 0.403067
v -0.987356 1.634633 0.389251
v -0.984129 1.605099 0.455650
v -0.976876 1.605099 0.419261
v -0.980502 1.605099 0.450775
v -0.977848 1.605099 0.437456
v -0.989074 1.630676 0.431887
v -0.981612 1.630676 0.394448
v -0.985343 1.630676 0.426872
v -0.982612 1.630676 0.413168
v -0.985482 1.619866 0.449283
v -0.978145 1.619866 0.412470
v -0.981814 1.619866 0.444351
v -0.979128 1.619866 0.430877
v -1.053721 1.195490 0.085773
v -1.058434 1.211767 0.082665
v -1.056078 1.197671 0.084217
v -1.057803 1.203629 0.083079
v -1.050591 1.195490 0.070066
v -1.051210 1.211767 0.046416
v -1.050901 1.197671 0.058241
v -1.051128 1.203629 0.049585
v -1.053241 1.195490 0.076780
v -1.057467 1.211767 0.064541
v -1.055354 1.197671 0.070659
v -1.056901 1.203629 0.066179
v -1.052383 1.195490 0.072476
v -1.054822 1.211767 0.051273
v -1.053603 1.197671 0.061874
v -1.054496 1.203629 0.054113
v -0.984720 1.195490 0.070066
v -0.984101 1.211767 0.046416
v -0.984410 1.197671 0.058241
v -0.984183 1.203629 0.049585
v -0.981590 1.195490 0.085773
v -0.976876 1.211767 0.082665
v -0.979233 1.197671 0.084217
v -0.977508 1.203629 0.083079
v -0.982928 1.195490 0.072476
v -0.980488 1.211767 0.051273
v -0.981708 1.197671 0.061874
v -0.980815 1.203629 0.054113
v -0.982070 1.195490 0.076780
v -0.977844 1.211767 0.064541
v -0.979957 1.197671 0.070659
v -0.978410 1.203629 0.066179
v -1.050591 1.195490 0.432001
v -1.051210 1.211767 0.455650
v -1.050901 1.197671 0.443826
v -1.051128 1.203629 0.452482
v -1.053721 1.195490 0.416294
v -1.058434 1.211767 0.419402
v -1.056078 1.197671 0.417850
v -1.057803 1.203629 0.418987
v -1.052383 1.195490 0.429591
v -1.054822 1.211767 0.450794
v -1.053603 1.197671 0.440193
v -1.054496 1.203629 0.447954
v -1.053241 1.195490 0.425287
v -1.057467 1.211767 0.437526
v -1.055354 1.197671 0.431408
v -1.056901 1.203629 0.435887
v -0.981590 1.195490 0.416294
v -0.976876 1.211767 0.419402
v -0.979233 1.197671 0.417850
v -0.977508 1.203629 0.418987
v -0.984720 1.195490 0.432001
v -0.984101 1.211767 0.455650
v -0.984410 1.197671 0.443826
v -0.984183 1.203629 0.452482
v -0.982070 1.195490 0.425287
v -0.977844 1.211767 0.437526
v -0.979957 1.197671 0.431408
v -0.978410 1.203629 0.435887
v -0.982928 1.195490 0.429591
v -0.980488 1.211767 0.450794
v -0.981708 1.197671 0.440193
v -0.980815 1.203629 0.447954
vn -0.9952 0.0955 0.0217
vn -0.9952 0.0955 -0.0217
vn -0.9985 0.0478 -0.0282
vn -0.9985 0.0478 0.0282
vn -0.3851 0.9229 0.0054
vn -0.3851 0.9229 -0.0054
vn -0.8666 0.4986 -0.0176
vn -0.8666 0.4986 0.0176
vn 0.9912 0.0642 -0.1160
vn 0.9925 -0.0442 -0.1142
vn 0.9428 -0.0727 -0.3254
vn 0.9419 0.1038 -0.3196
vn -0.5684 0.1921 -0.8000
vn -0.5442 -0.1585 -0.8238
vn -0.9428 -0.0727 -0.3254
vn -0.9419 0.1038 -0.3196
vn -0.9925 -0.0442 0.1142
vn -0.9912 0.0642 0.1160
vn -0.9989 -0.0383 0.0262
vn 0.0292 0.9961 0.0828
vn 0.1592 0.9852 0.0629
vn 0.3049 0.9519 0.0307
vn 0.3851 0.9229 0.0054
vn 0.3851 0.9229 -0.0054
vn 0.3049 0.9519 -0.0307
vn 0.1592 0.9852 -0.0629
vn 0.0292 0.9961 -0.0828
vn -0.0292 0.9961 -0.0828
vn -0.1592 0.9852 -0.0629
vn -0.3049 0.9519 -0.0307
vn -0.3049 0.9519 0.0307
vn -0.1592 0.9852 0.0629
vn -0.0292 0.9961 0.0828
vn -0.9347 0.3541 -0.0326
vn -0.9347 0.3541 0.0326
vn -0.1650 0.9320 -0.3228
vn 0.1650 0.9320 -0.3228
vn 0.3783 0.8192 -0.4310
vn -0.3783 0.8192 -0.4310
vn 0.9952 0.0955 -0.0217
vn 0.9952 0.0955 0.0217
vn 0.9985 0.0478 0.0282
vn 0.9985 0.0478 -0.0282
vn -0.1650 0.9320 0.3228
vn 0.1650 0.9320 0.3228
vn 0.8666 0.4986 -0.0176
vn 0.8666 0.4986 0.0176
vn 0.9347 0.3541 0.0326
vn 0.9347 0.3541 -0.0326
vn 0.4430 0.3889 0.8078
vn -0.4430 0.3889 0.8078
vn -0.5684 0.1921 0.8000
vn 0.5684 0.1921 0.8000
vn -0.3783 0.8192 0.4310
vn 0.3783 0.8192 0.4310
vn -0.4430 0.3889 -0.8078
vn 0.4430 0.3889 -0.8078
vn 0.5684 0.1921 -0.8000
vn -0.9925 -0.0442 -0.1142
vn -0.9912 0.0642 -0.1160
vn -0.7953 0.6003 -0.0850
vn -0.5662 0.7970 -0.2104
vn 0.7953 0.6003 -0.0850
vn 0.5662 0.7970 -0.2104
vn -0.8803 0.4617 -0.1087
vn -0.7412 0.6275 -0.2384
vn 0.8803 0.4617 -0.1087
vn 0.7412 0.6275 -0.2384
vn -0.9851 0.1337 -0.1083
vn -0.9163 0.2253 -0.3310
vn 0.9851 0.1337 -0.1083
vn 0.9163 0.2253 -0.3310
vn 0.5662 0.7970 0.2104
vn 0.7953 0.6003 0.0850
vn 0.7412 0.6275 0.2384
vn 0.8803 0.4617 0.1087
vn 0.9419 0.1038 0.3196
vn 0.9163 0.2253 0.3310
vn 0.9912 0.0642 0.1160
vn 0.9851 0.1337 0.1083
vn -0.7953 0.6003 0.0850
vn -0.5662 0.7970 0.2104
vn -0.8803 0.4617 0.1087
vn -0.7412 0.6275 0.2384
vn -0.9851 0.1337 0.1083
vn -0.9419 0.1038 0.3196
vn -0.9163 0.2253 0.3310
vn 0.5442 -0.1585 0.8238
vn -0.5442 -0.1585 0.8238
vn 0.9925 -0.0442 0.1142
vn 0.9989 -0.0383 0.0262
vn -0.9428 -0.0727 0.3254
vn 0.5442 -0.1585 -0.8238
vn -0.9989 -0.0383 -0.0262
vn 0.9989 -0.0383 -0.0262
vn 0.9428 -0.0727 0.3254
vn -0.2475 -0.9651 0.0854
vn -0.0633 -0.9934 0.0959
vn -0.2421 -0.8984 0.3664
vn -0.4040 -0.9040 0.1395
vn -0.8224 -0.4930 0.2839
vn -0.3471 -0.7767 0.5255
vn -0.9346 -0.1501 0.3226
vn -0.5234 -0.3137 0.7922
vn -0.4055 -0.9129 0.0467
vn -0.6106 -0.7888 0.0703
vn -0.9395 -0.3252 0.1081
vn -0.9893 -0.0917 0.1138
vn -0.4358 -0.9000 0.0114
vn -0.8982 -0.4389 0.0236
vn -0.9589 -0.2825 0.0252
vn -0.9966 -0.0786 0.0262
vn -0.0633 -0.9934 -0.0959
vn -0.2475 -0.9651 -0.0854
vn -0.4040 -0.9040 -0.1395
vn -0.2421 -0.8984 -0.3664
vn -0.8224 -0.4930 -0.2839
vn -0.3471 -0.7767 -0.5255
vn -0.5234 -0.3137 -0.7922
vn -0.9346 -0.1501 -0.3226
vn -0.4055 -0.9129 -0.0467
vn -0.6106 -0.7888 -0.0703
vn -0.9395 -0.3252 -0.1081
vn -0.9893 -0.0917 -0.1138
vn -0.4358 -0.9000 -0.0114
vn -0.8982 -0.4389 -0.0236
vn -0.9589 -0.2825 -0.0252
vn -0.9966 -0.0786 -0.0262
vn 0.4358 -0.9000 -0.0114
vn 0.4055 -0.9129 -0.0467
vn 0.6106 -0.7888 -0.0703
vn 0.8982 -0.4389 -0.0236
vn 0.9395 -0.3252 -0.1081
vn 0.9589 -0.2825 -0.0252
vn 0.9966 -0.0786 -0.0262
vn 0.9893 -0.0917 -0.1138
vn 0.2475 -0.9651 -0.0854
vn 0.4040 -0.9040 -0.1395
vn 0.8224 -0.4930 -0.2839
vn 0.9346 -0.1501 -0.3226
vn 0.0633 -0.9934 -0.0959
vn 0.2421 -0.8984 -0.3664
vn 0.3471 -0.7767 -0.5255
vn 0.5234 -0.3137 -0.7922
vn 0.0633 -0.9934 0.0959
vn 0.2475 -0.9651 0.0854
vn 0.4040 -0.9040 0.1395
vn 0.2421 -0.8984 0.3664
vn 0.8224 -0.4930 0.2839
vn 0.3471 -0.7767 0.5255
vn 0.5234 -0.3137 0.7922
vn 0.9346 -0.1501 0.3226
vn 0.4055 -0.9129 0.0467
vn 0.6106 -0.7888 0.0703
vn 0.9395 -0.3252 0.1081
vn 0.9893 -0.0917 0.1138
vn 0.4358 -0.9000 0.0114
vn 0.8982 -0.4389 0.0236
vn 0.9589 -0.2825 0.0252
vn 0.9966 -0.0786 0.0262
vt 0.894272 0.669876
vt 0.914240 0.669876
vt 0.914660 0.671246
vt 0.893852 0.671246
vt 0.896875 0.667291
vt 0.911636 0.667291
vt 0.913125 0.668760
vt 0.895386 0.668760
vt 0.917926 0.644921
vt 0.952901 0.644921
vt 0.952901 0.646042
vt 0.917926 0.646047
vt 0.917926 0.667980
vt 0.952901 0.667988
vt 0.952901 0.669109
vt 0.917926 0.669105
vt 0.892722 0.706221
vt 0.892727 0.671246
vt 0.893843 0.706221
vt 0.894541 0.650195
vt 0.894842 0.649028
vt 0.895708 0.648162
vt 0.896875 0.647861
vt 0.911636 0.647861
vt 0.912804 0.648162
vt 0.913670 0.649028
vt 0.913971 0.650195
vt 0.913971 0.664956
vt 0.913670 0.666124
vt 0.912804 0.666990
vt 0.895708 0.666990
vt 0.894842 0.666124
vt 0.894541 0.664956
vt 0.915441 0.666445
vt 0.915441 0.648706
vt 0.916556 0.647592
vt 0.916556 0.667560
vt 0.914240 0.645275
vt 0.894272 0.645275
vt 0.893852 0.643905
vt 0.914660 0.643905
vt 0.893071 0.666445
vt 0.893071 0.648706
vt 0.913125 0.646391
vt 0.895386 0.646391
vt 0.891955 0.647592
vt 0.891955 0.667560
vt 0.890585 0.667980
vt 0.890585 0.647172
vt 0.917926 0.647172
vt 0.952901 0.670230
vt 0.917926 0.670230
vt 0.914283 0.668525
vt 0.915205 0.667603
vt 0.914283 0.646626
vt 0.915205 0.647549
vt 0.915378 0.669702
vt 0.916382 0.668698
vt 0.915378 0.645449
vt 0.916382 0.646453
vt 0.916516 0.669876
vt 0.916803 0.670874
vt 0.917554 0.670123
vt 0.916556 0.669836
vt 0.916471 0.668698
vt 0.917841 0.669105
vt 0.916803 0.644277
vt 0.916516 0.645275
vt 0.916556 0.645315
vt 0.917554 0.645028
vt 0.917841 0.646047
vt 0.916471 0.646453
vt 0.893306 0.647549
vt 0.894229 0.646626
vt 0.892129 0.646453
vt 0.893134 0.645449
vt 0.890957 0.645028
vt 0.891955 0.645315
vt 0.891995 0.645275
vt 0.891708 0.644277
vt 0.892727 0.643990
vt 0.893134 0.645361
vt 0.894229 0.668525
vt 0.893306 0.667603
vt 0.893134 0.669702
vt 0.892129 0.668698
vt 0.892727 0.671161
vt 0.893134 0.669791
vt 0.891708 0.670874
vt 0.891995 0.669876
vt 0.891955 0.669836
vt 0.890957 0.670123
vt 0.855610 0.647163
vt 0.855610 0.667988
vt 0.892727 0.643905
vt 0.892722 0.608930
vt 0.893843 0.608930
vt 0.891601 0.706221
vt 0.891601 0.671246
vt 0.952901 0.647163
vt 0.914668 0.706221
vt 0.914668 0.608930
vt 0.890585 0.670230
vt 0.855610 0.670230
vt 0.916910 0.608930
vt 0.916910 0.643905
vt 0.891601 0.643905
vt 0.891601 0.608930
vt 0.855610 0.644921
vt 0.890585 0.644921
vt 0.916910 0.671246
vt 0.916910 0.706221
vt 0.893213 0.584052
vt 0.893064 0.584608
vt 0.892333 0.584512
vt 0.892557 0.583674
vt 0.891608 0.584391
vt 0.891888 0.583346
vt 0.854163 0.670128
vt 0.854163 0.668038
vt 0.893479 0.583786
vt 0.893101 0.583130
vt 0.891939 0.583258
vt 0.892685 0.582512
vt 0.892671 0.707668
vt 0.891652 0.707668
vt 0.894035 0.583637
vt 0.893939 0.582906
vt 0.892773 0.582461
vt 0.893818 0.582181
vt 0.893818 0.707668
vt 0.892773 0.707668
vt 0.915447 0.584608
vt 0.915298 0.584052
vt 0.915954 0.583674
vt 0.916179 0.584512
vt 0.916623 0.583346
vt 0.916903 0.584391
vt 0.954349 0.668013
vt 0.954349 0.669059
vt 0.915032 0.583786
vt 0.915411 0.583130
vt 0.915826 0.582512
vt 0.916573 0.583258
vt 0.954349 0.669160
vt 0.954349 0.670179
vt 0.914476 0.583637
vt 0.914572 0.582906
vt 0.914693 0.582181
vt 0.915739 0.582461
vt 0.916808 0.707668
vt 0.914718 0.707668
vt 0.914476 0.606020
vt 0.915032 0.605871
vt 0.915411 0.606527
vt 0.914572 0.606752
vt 0.915739 0.607196
vt 0.914693 0.607476
vt 0.914718 0.607483
vt 0.916808 0.607483
vt 0.915298 0.605605
vt 0.915954 0.605984
vt 0.916573 0.606399
vt 0.915827 0.607146
vt 0.954349 0.644972
vt 0.954349 0.645991
vt 0.915447 0.605049
vt 0.916179 0.605145
vt 0.916903 0.605266
vt 0.916623 0.606311
vt 0.954349 0.646093
vt 0.954349 0.647138
vt 0.893064 0.605049
vt 0.893213 0.605605
vt 0.892557 0.605984
vt 0.892333 0.605145
vt 0.891888 0.606311
vt 0.891608 0.605266
vt 0.854163 0.647113
vt 0.854163 0.645023
vt 0.893479 0.605871
vt 0.893101 0.606527
vt 0.892685 0.607146
vt 0.891939 0.606399
vt 0.891652 0.607483
vt 0.892671 0.607483
vt 0.894035 0.606020
vt 0.893939 0.606752
vt 0.893843 0.608207
vt 0.892773 0.608207
vt 0.954349 0.647189
vt 0.954349 0.667963
vt 0.916910 0.584442
vt 0.916910 0.605216
vt 0.914643 0.608207
vt 0.854163 0.667963
vt 0.854163 0.647189
vt 0.891601 0.605216
vt 0.891601 0.584442
vt 0.914643 0.707668
vt 0.893869 0.707668
vt 0.893869 0.582174
vt 0.914643 0.582174
s 1
usemtl Material
f 941/1394/1121 910/1395/1122 902/1396/1123 933/1397/1124
f 929/1398/1125 898/1399/1126 906/1400/1127 937/1401/1128
f 919/1402/1129 990/1403/1130 986/1404/1131 920/1405/1132
f 901/1406/1133 966/1407/1134 974/1408/1135 903/1409/1136
f 1006/1410/1137 935/1411/1138 933/1397/1124 998/1412/1139
f 945/1413/1140 947/1414/1141 948/1415/1142 946/1416/1143 913/1417/1144 915/1418/1145 916/1419/1146 914/1420/1147 897/1421/1148 899/1422/1149 900/1423/1150 898/1399/1126 929/1398/1125 931/1424/1151 932/1425/1152 930/1426/1153
f 937/1401/1128 906/1400/1127 910/1395/1154 941/1394/1155
f 905/1427/1156 922/1428/1157 926/1429/1158 909/1430/1159
f 925/1431/1160 958/1432/1161 950/1433/1162 917/1434/1163
f 945/1413/1140 930/1426/1153 938/1435/1164 953/1436/1165
f 921/1437/1166 954/1438/1167 958/1432/1168 925/1431/1169
f 957/1439/1170 942/1440/1171 934/1441/1172 949/1442/1173
f 953/1436/1165 938/1435/1164 942/1440/1174 957/1439/1175
f 897/1421/1148 914/1420/1147 922/1428/1157 905/1427/1156
f 913/1417/1144 946/1416/1143 954/1438/1167 921/1437/1166
f 909/1430/1176 926/1429/1177 918/1443/1178 901/1406/1133
f 903/1409/1136 974/1408/1135 970/1444/1179 904/1445/1180
f 906/1400/1127 898/1399/1126 900/1423/1150 908/1446/1181
f 908/1446/1181 900/1423/1150 899/1422/1149 907/1447/1182
f 907/1447/1182 899/1422/1149 897/1421/1148 905/1427/1156
f 913/1417/1144 921/1437/1166 923/1448/1183 915/1418/1145
f 915/1418/1145 923/1448/1183 924/1449/1184 916/1419/1146
f 916/1419/1146 924/1449/1184 922/1428/1157 914/1420/1147
f 910/1395/1154 906/1400/1127 908/1446/1181 912/1450/1185
f 912/1450/1185 908/1446/1181 907/1447/1182 911/1451/1186
f 911/1451/1186 907/1447/1182 905/1427/1156 909/1430/1159
f 921/1437/1166 925/1431/1169 927/1452/1187 923/1448/1183
f 923/1448/1183 927/1452/1187 928/1453/1188 924/1449/1184
f 924/1449/1184 928/1453/1188 926/1429/1158 922/1428/1157
f 902/1396/1123 910/1395/1122 912/1454/1189 904/1455/1180
f 904/1456/1180 912/1457/1189 911/1458/1190 903/1459/1136
f 903/1459/1136 911/1458/1190 909/1430/1176 901/1406/1133
f 925/1431/1160 917/1434/1163 919/1460/1129 927/1461/1191
f 927/1462/1191 919/1463/1129 920/1464/1132 928/1465/1192
f 928/1465/1192 920/1464/1132 918/1443/1178 926/1429/1177
f 945/1413/1140 953/1436/1165 955/1466/1193 947/1414/1141
f 947/1414/1141 955/1466/1193 956/1467/1194 948/1415/1142
f 948/1415/1142 956/1467/1194 954/1438/1167 946/1416/1143
f 953/1436/1165 957/1439/1175 959/1468/1195 955/1466/1193
f 955/1466/1193 959/1468/1195 960/1469/1196 956/1467/1194
f 956/1467/1194 960/1469/1196 958/1432/1168 954/1438/1167
f 957/1439/1170 949/1442/1173 951/1470/1197 959/1471/1198
f 959/1472/1198 951/1473/1197 952/1474/1199 960/1475/1200
f 960/1475/1200 952/1474/1199 950/1433/1162 958/1432/1161
f 929/1398/1125 937/1401/1128 939/1476/1201 931/1424/1151
f 931/1424/1151 939/1476/1201 940/1477/1202 932/1425/1152
f 932/1425/1152 940/1477/1202 938/1435/1164 930/1426/1153
f 937/1401/1128 941/1394/1155 943/1478/1203 939/1476/1201
f 939/1476/1201 943/1478/1203 944/1479/1204 940/1477/1202
f 940/1477/1202 944/1479/1204 942/1440/1174 938/1435/1164
f 941/1394/1121 933/1397/1124 935/1480/1138 943/1481/1205
f 943/1481/1205 935/1480/1138 936/1482/1206 944/1483/1207
f 944/1484/1207 936/1485/1206 934/1441/1172 942/1440/1171
f 1014/1486/1208 949/1442/1173 934/1441/1172 994/1487/1209
f 952/1488/1199 1018/1489/1210 1010/1490/1211 950/1433/1162
f 1002/1491/1212 936/1492/1206 935/1411/1138 1006/1410/1137
f 966/1407/1134 901/1406/1133 918/1443/1178 978/1493/1213
f 920/1405/1132 986/1404/1131 978/1493/1213 918/1443/1178
f 998/1412/1139 933/1397/1124 902/1396/1123 962/1494/1214
f 982/1495/1215 917/1434/1163 950/1433/1162 1010/1490/1211
f 994/1487/1209 934/1441/1172 936/1496/1206 1002/1497/1212
f 917/1434/1163 982/1495/1215 990/1498/1130 919/1499/1129
f 951/1500/1197 1022/1501/1216 1018/1489/1210 952/1488/1199
f 949/1442/1173 1014/1486/1208 1022/1502/1216 951/1503/1197
f 904/1504/1180 970/1505/1179 962/1494/1214 902/1396/1123
f 1001/1506/1217 993/1507/1218 995/1508/1219 1003/1509/1220
f 1003/1509/1221 995/1508/1219 996/1510/1222 1004/1511/1221
f 1004/1512/1223 996/1513/1224 994/1487/1209 1002/1497/1212
f 1005/1514/1225 1001/1506/1217 1003/1509/1220 1007/1515/1226
f 1007/1515/1227 1003/1509/1221 1004/1516/1221 1008/1517/1227
f 1008/1518/1228 1004/1519/1223 1002/1491/1212 1006/1410/1137
f 997/1520/1229 1005/1514/1225 1007/1515/1226 999/1521/1230
f 999/1521/1230 1007/1515/1227 1008/1522/1227 1000/1523/1231
f 1000/1524/1232 1008/1525/1228 1006/1410/1137 998/1412/1139
f 965/1526/1233 973/1527/1234 975/1528/1235 967/1529/1236
f 967/1529/1236 975/1528/1237 976/1530/1237 968/1531/1238
f 968/1532/1239 976/1533/1240 974/1408/1135 966/1407/1134
f 973/1527/1234 969/1534/1241 971/1535/1242 975/1528/1235
f 975/1528/1237 971/1535/1243 972/1536/1243 976/1537/1237
f 976/1538/1240 972/1539/1244 970/1444/1179 974/1408/1135
f 969/1534/1241 961/1540/1245 963/1541/1246 971/1535/1242
f 971/1535/1243 963/1541/1246 964/1542/1247 972/1543/1243
f 972/1544/1244 964/1545/1248 962/1494/1214 970/1505/1179
f 981/1546/1249 989/1547/1250 991/1548/1251 983/1549/1252
f 983/1549/1252 991/1548/1253 992/1550/1253 984/1551/1254
f 984/1552/1255 992/1553/1256 990/1498/1130 982/1495/1215
f 989/1547/1250 985/1554/1257 987/1555/1258 991/1548/1251
f 991/1548/1253 987/1555/1259 988/1556/1259 992/1557/1253
f 992/1558/1256 988/1559/1260 986/1404/1131 990/1403/1130
f 985/1554/1257 977/1560/1261 979/1561/1262 987/1555/1258
f 987/1555/1259 979/1561/1262 980/1562/1263 988/1563/1259
f 988/1564/1260 980/1565/1264 978/1493/1213 986/1404/1131
f 1013/1566/1265 1021/1567/1266 1023/1568/1267 1015/1569/1268
f 1015/1569/1268 1023/1568/1269 1024/1570/1269 1016/1571/1270
f 1016/1572/1271 1024/1573/1272 1022/1502/1216 1014/1486/1208
f 1021/1567/1266 1017/1574/1273 1019/1575/1274 1023/1568/1267
f 1023/1568/1269 1019/1575/1275 1020/1576/1275 1024/1577/1269
f 1024/1578/1272 1020/1579/1276 1018/1489/1210 1022/1501/1216
f 1017/1574/1273 1009/1580/1277 1011/1581/1278 1019/1575/1274
f 1019/1575/1275 1011/1581/1278 1012/1582/1279 1020/1583/1275
f 1020/1583/1276 1012/1582/1280 1010/1490/1211 1018/1489/1210
f 966/1407/1134 978/1493/1213 980/1584/1264 968/1585/1239
f 968/1586/1238 980/1587/1263 979/1561/1262 967/1529/1236
f 967/1529/1236 979/1561/1262 977/1560/1261 965/1526/1233
f 982/1495/1215 1010/1490/1211 1012/1582/1280 984/1588/1255
f 984/1588/1254 1012/1582/1279 1011/1581/1278 983/1549/1252
f 983/1549/1252 1011/1581/1278 1009/1580/1277 981/1546/1249
f 1014/1486/1208 994/1487/1209 996/1589/1224 1016/1590/1271
f 1016/1591/1270 996/1592/1222 995/1508/1219 1015/1569/1268
f 1015/1569/1268 995/1508/1219 993/1507/1218 1013/1566/1265
f 998/1412/1139 962/1494/1214 964/1593/1248 1000/1594/1232
f 1000/1595/1231 964/1596/1247 963/1541/1246 999/1521/1230
f 999/1521/1230 963/1541/1246 961/1540/1245 997/1520/1229
f 977/1560/1261 985/1554/1257 989/1547/1250 981/1546/1249 1009/1580/1277 1017/1574/1273 1021/1567/1266 1013/1566/1265 993/1507/1218 1001/1506/1217 1005/1514/1225 997/1520/1229 961/1540/1245 969/1534/1241 973/1527/1234 965/1526/1233
o Building.023
v -0.653740 3.707419 0.917566
v -0.597004 3.707419 0.928873
v -0.646139 3.707419 0.923220
v -0.625372 3.707419 0.927359
v -0.725175 3.663027 0.932209
v -0.670479 3.663027 0.943110
v -0.717848 3.663027 0.937660
v -0.697827 3.663027 0.941650
v -0.689458 3.701472 0.924777
v -0.633184 3.701472 0.935992
v -0.681919 3.701472 0.930384
v -0.661321 3.701472 0.934489
v -0.715605 3.685223 0.930175
v -0.660272 3.685223 0.941203
v -0.708192 3.685223 0.935689
v -0.687939 3.685223 0.939725
v -0.597004 3.707419 0.834759
v -0.653740 3.707419 0.846066
v -0.625372 3.707419 0.836274
v -0.646139 3.707419 0.840412
v -0.670479 3.663027 0.820522
v -0.725175 3.663027 0.831423
v -0.697827 3.663027 0.821982
v -0.717848 3.663027 0.825972
v -0.633184 3.701472 0.827640
v -0.689458 3.701472 0.838855
v -0.661321 3.701472 0.829143
v -0.681919 3.701472 0.833248
v -0.660272 3.685223 0.822429
v -0.715605 3.685223 0.833457
v -0.687939 3.685223 0.823907
v -0.708192 3.685223 0.827943
v -0.238236 3.707419 0.928873
v -0.181500 3.707419 0.917566
v -0.209868 3.707419 0.927359
v -0.189102 3.707419 0.923220
v -0.164761 3.663027 0.943110
v -0.110065 3.663027 0.932209
v -0.137413 3.663027 0.941650
v -0.117393 3.663027 0.937660
v -0.202056 3.701472 0.935992
v -0.145783 3.701472 0.924777
v -0.173920 3.701472 0.934489
v -0.153322 3.701472 0.930384
v -0.174968 3.685223 0.941203
v -0.119636 3.685223 0.930175
v -0.147302 3.685223 0.939725
v -0.127049 3.685223 0.935689
v -0.181500 3.707419 0.846066
v -0.238236 3.707419 0.834759
v -0.189102 3.707419 0.840412
v -0.209868 3.707419 0.836274
v -0.110065 3.663027 0.831423
v -0.164761 3.663027 0.820522
v -0.117393 3.663027 0.825972
v -0.137413 3.663027 0.821982
v -0.145783 3.701472 0.838855
v -0.202056 3.701472 0.827640
v -0.153322 3.701472 0.833248
v -0.173920 3.701472 0.829143
v -0.119636 3.685223 0.833457
v -0.174968 3.685223 0.822429
v -0.127049 3.685223 0.827943
v -0.147302 3.685223 0.823907
v -0.666020 3.047353 0.936026
v -0.670691 3.071820 0.943110
v -0.668358 3.050631 0.939568
v -0.670068 3.059586 0.942161
v -0.689628 3.047353 0.931321
v -0.725175 3.071820 0.932252
v -0.707402 3.050631 0.931787
v -0.720413 3.059586 0.932127
v -0.679537 3.047353 0.935304
v -0.697933 3.071820 0.941655
v -0.688737 3.050631 0.938480
v -0.695470 3.059586 0.940804
v -0.686006 3.047353 0.934014
v -0.717876 3.071820 0.937681
v -0.701941 3.050631 0.935848
v -0.713607 3.059586 0.937190
v -0.689628 3.047353 0.832311
v -0.725175 3.071820 0.831381
v -0.707402 3.050631 0.831845
v -0.720413 3.059586 0.831505
v -0.666020 3.047353 0.827606
v -0.670691 3.071820 0.820522
v -0.668358 3.050631 0.824064
v -0.670068 3.059586 0.821471
v -0.686006 3.047353 0.829618
v -0.717876 3.071820 0.825951
v -0.701941 3.050631 0.827784
v -0.713607 3.059586 0.826442
v -0.679537 3.047353 0.828328
v -0.697933 3.071820 0.821977
v -0.688737 3.050631 0.825152
v -0.695470 3.059586 0.822828
v -0.145613 3.047353 0.931321
v -0.110065 3.071820 0.932252
v -0.127839 3.050631 0.931787
v -0.114828 3.059586 0.932127
v -0.169221 3.047353 0.936026
v -0.164550 3.071820 0.943110
v -0.166882 3.050631 0.939568
v -0.165173 3.059586 0.942161
v -0.149234 3.047353 0.934014
v -0.117365 3.071820 0.937681
v -0.133299 3.050631 0.935848
v -0.121634 3.059586 0.937190
v -0.155704 3.047353 0.935304
v -0.137307 3.071820 0.941655
v -0.146504 3.050631 0.938480
v -0.139771 3.059586 0.940804
v -0.169221 3.047353 0.827606
v -0.164550 3.071820 0.820522
v -0.166882 3.050631 0.824064
v -0.165173 3.059586 0.821471
v -0.145613 3.047353 0.832311
v -0.110065 3.071820 0.831381
v -0.127839 3.050631 0.831845
v -0.114828 3.059586 0.831505
v -0.155704 3.047353 0.828328
v -0.137307 3.071820 0.821977
v -0.146504 3.050631 0.825152
v -0.139771 3.059586 0.822828
v -0.149234 3.047353 0.829618
v -0.117365 3.071820 0.825951
v -0.133299 3.050631 0.827784
v -0.121634 3.059586 0.826442
vn 0.0217 0.0955 0.9952
vn -0.0217 0.0955 0.9952
vn -0.0282 0.0478 0.9985
vn 0.0282 0.0478 0.9985
vn 0.0054 0.9229 0.3851
vn -0.0054 0.9229 0.3851
vn -0.0176 0.4986 0.8666
vn 0.0176 0.4986 0.8666
vn -0.1160 0.0642 -0.9912
vn -0.1142 -0.0442 -0.9925
vn -0.3254 -0.0727 -0.9428
vn -0.3196 0.1038 -0.9419
vn -0.8000 0.1921 0.5684
vn -0.8238 -0.1585 0.5442
vn -0.3254 -0.0727 0.9428
vn -0.3196 0.1038 0.9419
vn 0.1142 -0.0442 0.9925
vn 0.1160 0.0642 0.9912
vn 0.0262 -0.0383 0.9989
vn 0.0828 0.9961 -0.0292
vn 0.0629 0.9852 -0.1592
vn 0.0307 0.9519 -0.3049
vn 0.0054 0.9229 -0.3851
vn -0.0054 0.9229 -0.3851
vn -0.0307 0.9519 -0.3049
vn -0.0629 0.9852 -0.1592
vn -0.0828 0.9961 -0.0292
vn -0.0828 0.9961 0.0292
vn -0.0629 0.9852 0.1592
vn -0.0307 0.9519 0.3049
vn 0.0307 0.9519 0.3049
vn 0.0629 0.9852 0.1592
vn 0.0828 0.9961 0.0292
vn -0.0326 0.3541 0.9347
vn 0.0326 0.3541 0.9347
vn -0.3228 0.9320 0.1650
vn -0.3228 0.9320 -0.1650
vn -0.4310 0.8192 -0.3783
vn -0.4310 0.8192 0.3783
vn -0.0217 0.0955 -0.9952
vn 0.0217 0.0955 -0.9952
vn 0.0282 0.0478 -0.9985
vn -0.0282 0.0478 -0.9985
vn 0.3228 0.9320 0.1650
vn 0.3228 0.9320 -0.1650
vn -0.0176 0.4986 -0.8666
vn 0.0176 0.4986 -0.8666
vn 0.0326 0.3541 -0.9347
vn -0.0326 0.3541 -0.9347
vn 0.8078 0.3889 -0.4430
vn 0.8078 0.3889 0.4430
vn 0.8000 0.1921 0.5684
vn 0.8000 0.1921 -0.5684
vn 0.4310 0.8192 0.3783
vn 0.4310 0.8192 -0.3783
vn -0.8078 0.3889 0.4430
vn -0.8078 0.3889 -0.4430
vn -0.8000 0.1921 -0.5684
vn -0.1142 -0.0442 0.9925
vn -0.1160 0.0642 0.9912
vn -0.0850 0.6003 0.7953
vn -0.2104 0.7970 0.5662
vn -0.0850 0.6003 -0.7953
vn -0.2104 0.7970 -0.5662
vn -0.1087 0.4617 0.8803
vn -0.2384 0.6275 0.7412
vn -0.1087 0.4617 -0.8803
vn -0.2384 0.6275 -0.7412
vn -0.1083 0.1337 0.9851
vn -0.3310 0.2253 0.9163
vn -0.1083 0.1337 -0.9851
vn -0.3310 0.2253 -0.9163
vn 0.2104 0.7970 -0.5662
vn 0.0850 0.6003 -0.7953
vn 0.2384 0.6275 -0.7412
vn 0.1087 0.4617 -0.8803
vn 0.3196 0.1038 -0.9419
vn 0.3310 0.2253 -0.9163
vn 0.1160 0.0642 -0.9912
vn 0.1083 0.1337 -0.9851
vn 0.0850 0.6003 0.7953
vn 0.2104 0.7970 0.5662
vn 0.1087 0.4617 0.8803
vn 0.2384 0.6275 0.7412
vn 0.1083 0.1337 0.9851
vn 0.3196 0.1038 0.9419
vn 0.3310 0.2253 0.9163
vn 0.8238 -0.1585 -0.5442
vn 0.8238 -0.1585 0.5442
vn 0.1142 -0.0442 -0.9925
vn 0.0262 -0.0383 -0.9989
vn 0.3254 -0.0727 0.9428
vn -0.8238 -0.1585 -0.5442
vn -0.0262 -0.0383 0.9989
vn -0.0262 -0.0383 -0.9989
vn 0.3254 -0.0727 -0.9428
vn 0.0854 -0.9651 0.2475
vn 0.0959 -0.9934 0.0633
vn 0.3664 -0.8984 0.2421
vn 0.1395 -0.9040 0.4040
vn 0.2839 -0.4930 0.8224
vn 0.5255 -0.7767 0.3471
vn 0.3226 -0.1501 0.9346
vn 0.7922 -0.3137 0.5234
vn 0.0467 -0.9129 0.4055
vn 0.0703 -0.7888 0.6106
vn 0.1081 -0.3252 0.9395
vn 0.1138 -0.0917 0.9893
vn 0.0114 -0.9000 0.4358
vn 0.0236 -0.4389 0.8982
vn 0.0252 -0.2825 0.9589
vn 0.0262 -0.0786 0.9966
vn -0.0959 -0.9934 0.0633
vn -0.0854 -0.9651 0.2475
vn -0.1395 -0.9040 0.4040
vn -0.3664 -0.8984 0.2421
vn -0.2839 -0.4930 0.8224
vn -0.5255 -0.7767 0.3471
vn -0.7922 -0.3137 0.5234
vn -0.3226 -0.1501 0.9346
vn -0.0467 -0.9129 0.4055
vn -0.0703 -0.7888 0.6106
vn -0.1081 -0.3252 0.9395
vn -0.1138 -0.0917 0.9893
vn -0.0114 -0.9000 0.4358
vn -0.0236 -0.4389 0.8982
vn -0.0252 -0.2825 0.9589
vn -0.0262 -0.0786 0.9966
vn -0.0114 -0.9000 -0.4358
vn -0.0467 -0.9129 -0.4055
vn -0.0703 -0.7888 -0.6106
vn -0.0236 -0.4389 -0.8982
vn -0.1081 -0.3252 -0.9395
vn -0.0252 -0.2825 -0.9589
vn -0.0262 -0.0786 -0.9966
vn -0.1138 -0.0917 -0.9893
vn -0.0854 -0.9651 -0.2475
vn -0.1395 -0.9040 -0.4040
vn -0.2839 -0.4930 -0.8224
vn -0.3226 -0.1501 -0.9346
vn -0.0959 -0.9934 -0.0633
vn -0.3664 -0.8984 -0.2421
vn -0.5255 -0.7767 -0.3471
vn -0.7922 -0.3137 -0.5234
vn 0.0959 -0.9934 -0.0633
vn 0.0854 -0.9651 -0.2475
vn 0.1395 -0.9040 -0.4040
vn 0.3664 -0.8984 -0.2421
vn 0.2839 -0.4930 -0.8224
vn 0.5255 -0.7767 -0.3471
vn 0.7922 -0.3137 -0.5234
vn 0.3226 -0.1501 -0.9346
vn 0.0467 -0.9129 -0.4055
vn 0.0703 -0.7888 -0.6106
vn 0.1081 -0.3252 -0.9395
vn 0.1138 -0.0917 -0.9893
vn 0.0114 -0.9000 -0.4358
vn 0.0236 -0.4389 -0.8982
vn 0.0252 -0.2825 -0.9589
vn 0.0262 -0.0786 -0.9966
vt 0.861462 0.677340
vt 0.887402 0.677340
vt 0.887947 0.679120
vt 0.860916 0.679120
vt 0.864843 0.673982
vt 0.884020 0.673982
vt 0.885954 0.675891
vt 0.862909 0.675891
vt 0.892191 0.644921
vt 0.937627 0.644921
vt 0.937627 0.646378
vt 0.892191 0.646383
vt 0.892191 0.674876
vt 0.937627 0.674888
vt 0.937627 0.676344
vt 0.892191 0.676338
vt 0.859448 0.724556
vt 0.859454 0.679120
vt 0.860905 0.724556
vt 0.861811 0.651772
vt 0.862202 0.650256
vt 0.863327 0.649131
vt 0.864843 0.648740
vt 0.884020 0.648740
vt 0.885536 0.649131
vt 0.886661 0.650256
vt 0.887053 0.651772
vt 0.887053 0.670949
vt 0.886661 0.672465
vt 0.885536 0.673590
vt 0.863327 0.673590
vt 0.862202 0.672465
vt 0.861811 0.670949
vt 0.888962 0.672883
vt 0.888962 0.649838
vt 0.890411 0.648391
vt 0.890411 0.674331
vt 0.887402 0.645381
vt 0.861462 0.645381
vt 0.860916 0.643602
vt 0.887947 0.643602
vt 0.859901 0.672883
vt 0.859901 0.649838
vt 0.885954 0.646831
vt 0.862909 0.646830
vt 0.858452 0.648391
vt 0.858452 0.674331
vt 0.856672 0.674876
vt 0.856672 0.647845
vt 0.892191 0.647845
vt 0.937627 0.677800
vt 0.892191 0.677800
vt 0.887458 0.675585
vt 0.888656 0.674387
vt 0.887458 0.647136
vt 0.888656 0.648335
vt 0.888880 0.677114
vt 0.890185 0.675810
vt 0.888880 0.645607
vt 0.890185 0.646912
vt 0.890359 0.677340
vt 0.890732 0.678637
vt 0.891708 0.677661
vt 0.890411 0.677288
vt 0.890300 0.675810
vt 0.892080 0.676338
vt 0.890732 0.644084
vt 0.890359 0.645381
vt 0.890411 0.645433
vt 0.891708 0.645060
vt 0.892080 0.646383
vt 0.890300 0.646912
vt 0.860207 0.648335
vt 0.861405 0.647136
vt 0.858678 0.646912
vt 0.859983 0.645607
vt 0.857155 0.645060
vt 0.858452 0.645433
vt 0.858504 0.645381
vt 0.858131 0.644084
vt 0.859454 0.643712
vt 0.859983 0.645492
vt 0.861405 0.675585
vt 0.860207 0.674387
vt 0.859983 0.677114
vt 0.858678 0.675810
vt 0.859454 0.679009
vt 0.859983 0.677229
vt 0.858131 0.678637
vt 0.858504 0.677340
vt 0.858452 0.677288
vt 0.857155 0.677661
vt 0.811236 0.647834
vt 0.811236 0.674888
vt 0.859454 0.643602
vt 0.859448 0.598166
vt 0.860905 0.598166
vt 0.857992 0.724556
vt 0.857992 0.679120
vt 0.937627 0.674888
vt 0.937627 0.647834
vt 0.887959 0.724556
vt 0.887959 0.598166
vt 0.856672 0.677800
vt 0.811236 0.677800
vt 0.890871 0.598166
vt 0.890871 0.643602
vt 0.857992 0.643602
vt 0.857992 0.598166
vt 0.811236 0.644921
vt 0.856672 0.644921
vt 0.890871 0.679120
vt 0.890871 0.724556
vt 0.860086 0.565846
vt 0.859892 0.566569
vt 0.858942 0.566444
vt 0.859234 0.565354
vt 0.858001 0.566286
vt 0.858365 0.564929
vt 0.809356 0.677668
vt 0.809356 0.674952
vt 0.860432 0.565500
vt 0.859940 0.564649
vt 0.858431 0.564814
vt 0.859400 0.563845
vt 0.859382 0.726436
vt 0.858058 0.726436
vt 0.861154 0.565307
vt 0.861029 0.564357
vt 0.859514 0.563779
vt 0.860872 0.563415
vt 0.860872 0.726436
vt 0.859514 0.726436
vt 0.888971 0.566569
vt 0.888777 0.565846
vt 0.889629 0.565354
vt 0.889921 0.566444
vt 0.890498 0.564929
vt 0.890862 0.566286
vt 0.939507 0.674920
vt 0.939507 0.676278
vt 0.888431 0.565500
vt 0.888923 0.564649
vt 0.889463 0.563845
vt 0.890433 0.564814
vt 0.939507 0.676410
vt 0.939507 0.677734
vt 0.887709 0.565307
vt 0.887834 0.564357
vt 0.887991 0.563415
vt 0.889349 0.563779
vt 0.890739 0.726436
vt 0.888023 0.726436
vt 0.887709 0.594385
vt 0.888431 0.594192
vt 0.888923 0.595043
vt 0.887834 0.595335
vt 0.889349 0.595913
vt 0.887991 0.596277
vt 0.888023 0.596285
vt 0.890739 0.596285
vt 0.888777 0.593846
vt 0.889629 0.594337
vt 0.890433 0.594877
vt 0.889463 0.595847
vt 0.939507 0.644987
vt 0.939507 0.646312
vt 0.888971 0.593123
vt 0.889921 0.593248
vt 0.890862 0.593406
vt 0.890498 0.594763
vt 0.939507 0.646443
vt 0.939507 0.647801
vt 0.859892 0.593123
vt 0.860086 0.593846
vt 0.859234 0.594337
vt 0.858942 0.593248
vt 0.858365 0.594763
vt 0.858001 0.593406
vt 0.809356 0.647769
vt 0.809356 0.645053
vt 0.860432 0.594192
vt 0.859940 0.595043
vt 0.859400 0.595847
vt 0.858431 0.594877
vt 0.858058 0.596285
vt 0.859382 0.596285
vt 0.861154 0.594385
vt 0.861029 0.595335
vt 0.860905 0.597225
vt 0.859514 0.597225
vt 0.939507 0.647867
vt 0.939507 0.674854
vt 0.890871 0.566352
vt 0.890871 0.593340
vt 0.887925 0.597225
vt 0.809356 0.674854
vt 0.809356 0.647867
vt 0.857992 0.593340
vt 0.857992 0.566352
vt 0.887925 0.726436
vt 0.860938 0.726436
vt 0.860938 0.563407
vt 0.887925 0.563407
s 1
usemtl Material
f 1069/1597/1281 1038/1598/1282 1030/1599/1283 1061/1600/1284
f 1057/1601/1285 1026/1602/1286 1034/1603/1287 1065/1604/1288
f 1047/1605/1289 1118/1606/1290 1114/1607/1291 1048/1608/1292
f 1029/1609/1293 1094/1610/1294 1102/1611/1295 1031/1612/1296
f 1134/1613/1297 1063/1614/1298 1061/1600/1284 1126/1615/1299
f 1073/1616/1300 1075/1617/1301 1076/1618/1302 1074/1619/1303 1041/1620/1304 1043/1621/1305 1044/1622/1306 1042/1623/1307 1025/1624/1308 1027/1625/1309 1028/1626/1310 1026/1602/1286 1057/1601/1285 1059/1627/1311 1060/1628/1312 1058/1629/1313
f 1065/1604/1288 1034/1603/1287 1038/1598/1314 1069/1597/1315
f 1033/1630/1316 1050/1631/1317 1054/1632/1318 1037/1633/1319
f 1053/1634/1320 1086/1635/1321 1078/1636/1322 1045/1637/1323
f 1073/1616/1300 1058/1629/1313 1066/1638/1324 1081/1639/1325
f 1049/1640/1326 1082/1641/1327 1086/1635/1328 1053/1634/1329
f 1085/1642/1330 1070/1643/1331 1062/1644/1332 1077/1645/1333
f 1081/1639/1325 1066/1638/1324 1070/1643/1334 1085/1642/1335
f 1025/1624/1308 1042/1623/1307 1050/1631/1317 1033/1630/1316
f 1041/1620/1304 1074/1619/1303 1082/1641/1327 1049/1640/1326
f 1037/1633/1336 1054/1632/1337 1046/1646/1338 1029/1609/1293
f 1031/1612/1296 1102/1611/1295 1098/1647/1339 1032/1648/1340
f 1034/1603/1287 1026/1602/1286 1028/1626/1310 1036/1649/1341
f 1036/1649/1341 1028/1626/1310 1027/1625/1309 1035/1650/1342
f 1035/1650/1342 1027/1625/1309 1025/1624/1308 1033/1630/1316
f 1041/1620/1304 1049/1640/1326 1051/1651/1343 1043/1621/1305
f 1043/1621/1305 1051/1651/1343 1052/1652/1344 1044/1622/1306
f 1044/1622/1306 1052/1652/1344 1050/1631/1317 1042/1623/1307
f 1038/1598/1314 1034/1603/1287 1036/1649/1341 1040/1653/1345
f 1040/1653/1345 1036/1649/1341 1035/1650/1342 1039/1654/1346
f 1039/1654/1346 1035/1650/1342 1033/1630/1316 1037/1633/1319
f 1049/1640/1326 1053/1634/1329 1055/1655/1347 1051/1651/1343
f 1051/1651/1343 1055/1655/1347 1056/1656/1348 1052/1652/1344
f 1052/1652/1344 1056/1656/1348 1054/1632/1318 1050/1631/1317
f 1030/1599/1283 1038/1598/1282 1040/1657/1349 1032/1658/1340
f 1032/1659/1340 1040/1660/1349 1039/1661/1350 1031/1662/1296
f 1031/1662/1296 1039/1661/1350 1037/1633/1336 1029/1609/1293
f 1053/1634/1320 1045/1637/1323 1047/1663/1289 1055/1664/1351
f 1055/1665/1351 1047/1666/1289 1048/1667/1292 1056/1668/1352
f 1056/1668/1352 1048/1667/1292 1046/1646/1338 1054/1632/1337
f 1073/1616/1300 1081/1639/1325 1083/1669/1353 1075/1617/1301
f 1075/1617/1301 1083/1669/1353 1084/1670/1354 1076/1618/1302
f 1076/1618/1302 1084/1670/1354 1082/1641/1327 1074/1619/1303
f 1081/1639/1325 1085/1642/1335 1087/1671/1355 1083/1669/1353
f 1083/1669/1353 1087/1671/1355 1088/1672/1356 1084/1670/1354
f 1084/1670/1354 1088/1672/1356 1086/1635/1328 1082/1641/1327
f 1085/1642/1330 1077/1645/1333 1079/1673/1357 1087/1674/1358
f 1087/1675/1358 1079/1676/1357 1080/1677/1359 1088/1678/1360
f 1088/1678/1360 1080/1677/1359 1078/1636/1322 1086/1635/1321
f 1057/1601/1285 1065/1604/1288 1067/1679/1361 1059/1627/1311
f 1059/1627/1311 1067/1679/1361 1068/1680/1362 1060/1628/1312
f 1060/1628/1312 1068/1680/1362 1066/1638/1324 1058/1629/1313
f 1065/1604/1288 1069/1597/1315 1071/1681/1363 1067/1679/1361
f 1067/1679/1361 1071/1681/1363 1072/1682/1364 1068/1680/1362
f 1068/1680/1362 1072/1682/1364 1070/1643/1334 1066/1638/1324
f 1069/1597/1281 1061/1600/1284 1063/1683/1298 1071/1684/1365
f 1071/1684/1365 1063/1683/1298 1064/1685/1366 1072/1686/1367
f 1072/1687/1367 1064/1688/1366 1062/1644/1332 1070/1643/1331
f 1142/1689/1368 1077/1645/1333 1062/1644/1332 1122/1690/1369
f 1080/1691/1359 1146/1692/1370 1138/1693/1371 1078/1636/1322
f 1130/1694/1372 1064/1695/1366 1063/1614/1298 1134/1613/1297
f 1094/1696/1294 1029/1609/1293 1046/1646/1338 1106/1697/1373
f 1048/1608/1292 1114/1607/1291 1106/1697/1373 1046/1646/1338
f 1126/1615/1299 1061/1600/1284 1030/1599/1283 1090/1698/1374
f 1110/1699/1375 1045/1637/1323 1078/1636/1322 1138/1693/1371
f 1122/1690/1369 1062/1644/1332 1064/1700/1366 1130/1701/1372
f 1045/1637/1323 1110/1699/1375 1118/1702/1290 1047/1703/1289
f 1079/1704/1357 1150/1705/1376 1146/1692/1370 1080/1691/1359
f 1077/1645/1333 1142/1689/1368 1150/1706/1376 1079/1707/1357
f 1032/1708/1340 1098/1709/1339 1090/1698/1374 1030/1599/1283
f 1129/1710/1377 1121/1711/1378 1123/1712/1379 1131/1713/1380
f 1131/1713/1381 1123/1712/1379 1124/1714/1382 1132/1715/1381
f 1132/1716/1383 1124/1717/1384 1122/1690/1369 1130/1701/1372
f 1133/1718/1385 1129/1710/1377 1131/1713/1380 1135/1719/1386
f 1135/1719/1387 1131/1713/1381 1132/1720/1381 1136/1721/1387
f 1136/1722/1388 1132/1723/1383 1130/1694/1372 1134/1613/1297
f 1125/1724/1389 1133/1718/1385 1135/1719/1386 1127/1725/1390
f 1127/1725/1390 1135/1719/1387 1136/1726/1387 1128/1727/1391
f 1128/1728/1392 1136/1729/1388 1134/1613/1297 1126/1615/1299
f 1093/1730/1393 1101/1731/1394 1103/1732/1395 1095/1733/1396
f 1095/1733/1396 1103/1732/1397 1104/1734/1397 1096/1735/1398
f 1096/1736/1399 1104/1737/1400 1102/1611/1295 1094/1610/1294
f 1101/1731/1394 1097/1738/1401 1099/1739/1402 1103/1732/1395
f 1103/1732/1397 1099/1739/1403 1100/1740/1403 1104/1741/1397
f 1104/1742/1400 1100/1743/1404 1098/1647/1339 1102/1611/1295
f 1097/1738/1401 1089/1744/1405 1091/1745/1406 1099/1739/1402
f 1099/1739/1403 1091/1745/1406 1092/1746/1407 1100/1747/1403
f 1100/1748/1404 1092/1749/1408 1090/1698/1374 1098/1709/1339
f 1109/1750/1409 1117/1751/1410 1119/1752/1411 1111/1753/1412
f 1111/1753/1412 1119/1752/1413 1120/1754/1413 1112/1755/1414
f 1112/1756/1415 1120/1757/1416 1118/1702/1290 1110/1699/1375
f 1117/1751/1410 1113/1758/1417 1115/1759/1418 1119/1752/1411
f 1119/1752/1413 1115/1759/1419 1116/1760/1419 1120/1761/1413
f 1120/1762/1416 1116/1763/1420 1114/1607/1291 1118/1606/1290
f 1113/1758/1417 1105/1764/1421 1107/1765/1422 1115/1759/1418
f 1115/1759/1419 1107/1765/1422 1108/1766/1423 1116/1767/1419
f 1116/1768/1420 1108/1769/1424 1106/1697/1373 1114/1607/1291
f 1141/1770/1425 1149/1771/1426 1151/1772/1427 1143/1773/1428
f 1143/1773/1428 1151/1772/1429 1152/1774/1429 1144/1775/1430
f 1144/1776/1431 1152/1777/1432 1150/1706/1376 1142/1689/1368
f 1149/1771/1426 1145/1778/1433 1147/1779/1434 1151/1772/1427
f 1151/1772/1429 1147/1779/1435 1148/1780/1435 1152/1781/1429
f 1152/1782/1432 1148/1783/1436 1146/1692/1370 1150/1705/1376
f 1145/1778/1433 1137/1784/1437 1139/1785/1438 1147/1779/1434
f 1147/1779/1435 1139/1785/1438 1140/1786/1439 1148/1787/1435
f 1148/1787/1436 1140/1786/1440 1138/1693/1371 1146/1692/1370
f 1094/1696/1294 1106/1697/1373 1108/1788/1424 1096/1789/1399
f 1096/1790/1398 1108/1791/1423 1107/1765/1422 1095/1733/1396
f 1095/1733/1396 1107/1765/1422 1105/1764/1421 1093/1730/1393
f 1110/1699/1375 1138/1693/1371 1140/1786/1440 1112/1792/1415
f 1112/1792/1414 1140/1786/1439 1139/1785/1438 1111/1753/1412
f 1111/1753/1412 1139/1785/1438 1137/1784/1437 1109/1750/1409
f 1142/1689/1368 1122/1690/1369 1124/1793/1384 1144/1794/1431
f 1144/1795/1430 1124/1796/1382 1123/1712/1379 1143/1773/1428
f 1143/1773/1428 1123/1712/1379 1121/1711/1378 1141/1770/1425
f 1126/1615/1299 1090/1698/1374 1092/1797/1408 1128/1798/1392
f 1128/1799/1391 1092/1800/1407 1091/1745/1406 1127/1725/1390
f 1127/1725/1390 1091/1745/1406 1089/1744/1405 1125/1724/1389
f 1105/1764/1421 1113/1758/1417 1117/1751/1410 1109/1750/1409 1137/1784/1437 1145/1778/1433 1149/1771/1426 1141/1770/1425 1121/1711/1378 1129/1710/1377 1133/1718/1385 1125/1724/1389 1089/1744/1405 1097/1738/1401 1101/1731/1394 1093/1730/1393
o Building.024
v 0.136104 3.707419 0.917566
v 0.192840 3.707419 0.928873
v 0.143705 3.707419 0.923220
v 0.164472 3.707419 0.927359
v 0.064669 3.663027 0.932209
v 0.119365 3.663027 0.943110
v 0.071997 3.663027 0.937660
v 0.092017 3.663027 0.941650
v 0.100386 3.701472 0.924777
v 0.156660 3.701472 0.935992
v 0.107926 3.701472 0.930384
v 0.128523 3.701472 0.934489
v 0.074239 3.685223 0.930175
v 0.129572 3.685223 0.941203
v 0.081652 3.685223 0.935689
v 0.101906 3.685223 0.939725
v 0.192840 3.707419 0.834759
v 0.136104 3.707419 0.846066
v 0.164472 3.707419 0.836274
v 0.143705 3.707419 0.840412
v 0.119365 3.663027 0.820522
v 0.064669 3.663027 0.831423
v 0.092017 3.663027 0.821982
v 0.071997 3.663027 0.825972
v 0.156660 3.701472 0.827640
v 0.100386 3.701472 0.838855
v 0.128523 3.701472 0.829143
v 0.107926 3.701472 0.833248
v 0.129572 3.685223 0.822429
v 0.074239 3.685223 0.833457
v 0.101906 3.685223 0.823907
v 0.081652 3.685223 0.827943
v 0.551608 3.707419 0.928873
v 0.608344 3.707419 0.917566
v 0.579976 3.707419 0.927359
v 0.600743 3.707419 0.923220
v 0.625083 3.663027 0.943110
v 0.679779 3.663027 0.932209
v 0.652431 3.663027 0.941650
v 0.672451 3.663027 0.937660
v 0.587788 3.701472 0.935992
v 0.644061 3.701472 0.924777
v 0.615925 3.701472 0.934489
v 0.636522 3.701472 0.930384
v 0.614876 3.685223 0.941203
v 0.670209 3.685223 0.930175
v 0.642542 3.685223 0.939725
v 0.662795 3.685223 0.935689
v 0.608344 3.707419 0.846066
v 0.551608 3.707419 0.834759
v 0.600743 3.707419 0.840412
v 0.579976 3.707419 0.836274
v 0.679779 3.663027 0.831423
v 0.625083 3.663027 0.820522
v 0.672451 3.663027 0.825972
v 0.652431 3.663027 0.821982
v 0.644061 3.701472 0.838855
v 0.587788 3.701472 0.827640
v 0.636522 3.701472 0.833248
v 0.615925 3.701472 0.829143
v 0.670209 3.685223 0.833457
v 0.614876 3.685223 0.822429
v 0.662795 3.685223 0.827943
v 0.642542 3.685223 0.823907
v 0.123825 3.047353 0.936026
v 0.119153 3.071820 0.943110
v 0.121486 3.050631 0.939568
v 0.119776 3.059586 0.942161
v 0.100216 3.047353 0.931321
v 0.064669 3.071820 0.932252
v 0.082442 3.050631 0.931787
v 0.069431 3.059586 0.932127
v 0.110307 3.047353 0.935304
v 0.091911 3.071820 0.941655
v 0.101108 3.050631 0.938480
v 0.094374 3.059586 0.940804
v 0.103838 3.047353 0.934014
v 0.071968 3.071820 0.937681
v 0.087903 3.050631 0.935848
v 0.076238 3.059586 0.937190
v 0.100216 3.047353 0.832311
v 0.064669 3.071820 0.831381
v 0.082442 3.050631 0.831845
v 0.069431 3.059586 0.831505
v 0.123825 3.047353 0.827606
v 0.119153 3.071820 0.820522
v 0.121486 3.050631 0.824064
v 0.119776 3.059586 0.821471
v 0.103838 3.047353 0.829618
v 0.071968 3.071820 0.825951
v 0.087903 3.050631 0.827784
v 0.076238 3.059586 0.826442
v 0.110307 3.047353 0.828328
v 0.091911 3.071820 0.821977
v 0.101108 3.050631 0.825152
v 0.094374 3.059586 0.822828
v 0.644232 3.047353 0.931321
v 0.679779 3.071820 0.932252
v 0.662005 3.050631 0.931787
v 0.675017 3.059586 0.932127
v 0.620623 3.047353 0.936026
v 0.625294 3.071820 0.943110
v 0.622962 3.050631 0.939568
v 0.624672 3.059586 0.942161
v 0.640610 3.047353 0.934014
v 0.672480 3.071820 0.937681
v 0.656545 3.050631 0.935848
v 0.668210 3.059586 0.937190
v 0.634140 3.047353 0.935304
v 0.652537 3.071820 0.941655
v 0.643340 3.050631 0.938480
v 0.650074 3.059586 0.940804
v 0.620623 3.047353 0.827606
v 0.625294 3.071820 0.820522
v 0.622962 3.050631 0.824064
v 0.624672 3.059586 0.821471
v 0.644232 3.047353 0.832311
v 0.679779 3.071820 0.831381
v 0.662005 3.050631 0.831845
v 0.675017 3.059586 0.831505
v 0.634140 3.047353 0.828328
v 0.652537 3.071820 0.821977
v 0.643340 3.050631 0.825152
v 0.650074 3.059586 0.822828
v 0.640610 3.047353 0.829618
v 0.672480 3.071820 0.825951
v 0.656545 3.050631 0.827784
v 0.668210 3.059586 0.826442
vn 0.0217 0.0955 0.9952
vn -0.0217 0.0955 0.9952
vn -0.0282 0.0478 0.9985
vn 0.0282 0.0478 0.9985
vn 0.0054 0.9229 0.3851
vn -0.0054 0.9229 0.3851
vn -0.0176 0.4986 0.8666
vn 0.0176 0.4986 0.8666
vn -0.1160 0.0642 -0.9912
vn -0.1142 -0.0442 -0.9925
vn -0.3254 -0.0727 -0.9428
vn -0.3196 0.1038 -0.9419
vn -0.8000 0.1921 0.5684
vn -0.8238 -0.1585 0.5442
vn -0.3254 -0.0727 0.9428
vn -0.3196 0.1038 0.9419
vn 0.1142 -0.0442 0.9925
vn 0.1160 0.0642 0.9912
vn 0.0262 -0.0383 0.9989
vn 0.0828 0.9961 -0.0292
vn 0.0629 0.9852 -0.1592
vn 0.0307 0.9519 -0.3049
vn 0.0054 0.9229 -0.3851
vn -0.0054 0.9229 -0.3851
vn -0.0307 0.9519 -0.3049
vn -0.0629 0.9852 -0.1592
vn -0.0828 0.9961 -0.0292
vn -0.0828 0.9961 0.0292
vn -0.0629 0.9852 0.1592
vn -0.0307 0.9519 0.3049
vn 0.0307 0.9519 0.3049
vn 0.0629 0.9852 0.1592
vn 0.0828 0.9961 0.0292
vn -0.0326 0.3541 0.9347
vn 0.0326 0.3541 0.9347
vn -0.3228 0.9320 0.1650
vn -0.3228 0.9320 -0.1650
vn -0.4310 0.8192 -0.3783
vn -0.4310 0.8192 0.3783
vn -0.0217 0.0955 -0.9952
vn 0.0217 0.0955 -0.9952
vn 0.0282 0.0478 -0.9985
vn -0.0282 0.0478 -0.9985
vn 0.3228 0.9320 0.1650
vn 0.3228 0.9320 -0.1650
vn -0.0176 0.4986 -0.8666
vn 0.0176 0.4986 -0.8666
vn 0.0326 0.3541 -0.9347
vn -0.0326 0.3541 -0.9347
vn 0.8078 0.3889 -0.4430
vn 0.8078 0.3889 0.4430
vn 0.8000 0.1921 0.5684
vn 0.8000 0.1921 -0.5684
vn 0.4310 0.8192 0.3783
vn 0.4310 0.8192 -0.3783
vn -0.8078 0.3889 0.4430
vn -0.8078 0.3889 -0.4430
vn -0.8000 0.1921 -0.5684
vn -0.1142 -0.0442 0.9925
vn -0.1160 0.0642 0.9912
vn -0.0850 0.6003 0.7953
vn -0.2104 0.7970 0.5662
vn -0.0850 0.6003 -0.7953
vn -0.2104 0.7970 -0.5662
vn -0.1087 0.4617 0.8803
vn -0.2384 0.6275 0.7412
vn -0.1087 0.4617 -0.8803
vn -0.2384 0.6275 -0.7412
vn -0.1083 0.1337 0.9851
vn -0.3310 0.2253 0.9163
vn -0.1083 0.1337 -0.9851
vn -0.3310 0.2253 -0.9163
vn 0.2104 0.7970 -0.5662
vn 0.0850 0.6003 -0.7953
vn 0.2384 0.6275 -0.7412
vn 0.1087 0.4617 -0.8803
vn 0.3196 0.1038 -0.9419
vn 0.3310 0.2253 -0.9163
vn 0.1160 0.0642 -0.9912
vn 0.1083 0.1337 -0.9851
vn 0.0850 0.6003 0.7953
vn 0.2104 0.7970 0.5662
vn 0.1087 0.4617 0.8803
vn 0.2384 0.6275 0.7412
vn 0.1083 0.1337 0.9851
vn 0.3196 0.1038 0.9419
vn 0.3310 0.2253 0.9163
vn 0.8238 -0.1585 -0.5442
vn 0.8238 -0.1585 0.5442
vn 0.1142 -0.0442 -0.9925
vn 0.0262 -0.0383 -0.9989
vn 0.3254 -0.0727 0.9428
vn -0.8238 -0.1585 -0.5442
vn -0.0262 -0.0383 0.9989
vn -0.0262 -0.0383 -0.9989
vn 0.3254 -0.0727 -0.9428
vn 0.0854 -0.9651 0.2475
vn 0.0959 -0.9934 0.0633
vn 0.3664 -0.8984 0.2421
vn 0.1395 -0.9040 0.4040
vn 0.2839 -0.4930 0.8224
vn 0.5255 -0.7767 0.3471
vn 0.3226 -0.1501 0.9346
vn 0.7922 -0.3137 0.5234
vn 0.0467 -0.9129 0.4055
vn 0.0703 -0.7888 0.6106
vn 0.1081 -0.3252 0.9395
vn 0.1138 -0.0917 0.9893
vn 0.0114 -0.9000 0.4358
vn 0.0236 -0.4389 0.8982
vn 0.0252 -0.2825 0.9589
vn 0.0262 -0.0786 0.9966
vn -0.0959 -0.9934 0.0633
vn -0.0854 -0.9651 0.2475
vn -0.1395 -0.9040 0.4040
vn -0.3664 -0.8984 0.2421
vn -0.2839 -0.4930 0.8224
vn -0.5255 -0.7767 0.3471
vn -0.7922 -0.3137 0.5234
vn -0.3226 -0.1501 0.9346
vn -0.0467 -0.9129 0.4055
vn -0.0703 -0.7888 0.6106
vn -0.1081 -0.3252 0.9395
vn -0.1138 -0.0917 0.9893
vn -0.0114 -0.9000 0.4358
vn -0.0236 -0.4389 0.8982
vn -0.0252 -0.2825 0.9589
vn -0.0262 -0.0786 0.9966
vn -0.0114 -0.9000 -0.4358
vn -0.0467 -0.9129 -0.4055
vn -0.0703 -0.7888 -0.6106
vn -0.0236 -0.4389 -0.8982
vn -0.1081 -0.3252 -0.9395
vn -0.0252 -0.2825 -0.9589
vn -0.0262 -0.0786 -0.9966
vn -0.1138 -0.0917 -0.9893
vn -0.0854 -0.9651 -0.2475
vn -0.1395 -0.9040 -0.4040
vn -0.2839 -0.4930 -0.8224
vn -0.3226 -0.1501 -0.9346
vn -0.0959 -0.9934 -0.0633
vn -0.3664 -0.8984 -0.2421
vn -0.5255 -0.7767 -0.3471
vn -0.7922 -0.3137 -0.5234
vn 0.0959 -0.9934 -0.0633
vn 0.0854 -0.9651 -0.2475
vn 0.1395 -0.9040 -0.4040
vn 0.3664 -0.8984 -0.2421
vn 0.2839 -0.4930 -0.8224
vn 0.5255 -0.7767 -0.3471
vn 0.7922 -0.3137 -0.5234
vn 0.3226 -0.1501 -0.9346
vn 0.0467 -0.9129 -0.4055
vn 0.0703 -0.7888 -0.6106
vn 0.1081 -0.3252 -0.9395
vn 0.1138 -0.0917 -0.9893
vn 0.0114 -0.9000 -0.4358
vn 0.0236 -0.4389 -0.8982
vn 0.0252 -0.2825 -0.9589
vn 0.0262 -0.0786 -0.9966
vt 0.887788 0.672928
vt 0.910197 0.672928
vt 0.910669 0.674465
vt 0.887316 0.674465
vt 0.890709 0.670026
vt 0.907276 0.670026
vt 0.908947 0.671676
vt 0.889039 0.671676
vt 0.914335 0.644921
vt 0.953587 0.644921
vt 0.953587 0.646179
vt 0.914335 0.646184
vt 0.914335 0.670799
vt 0.953587 0.670809
vt 0.953587 0.672067
vt 0.914335 0.672062
vt 0.886049 0.713718
vt 0.886054 0.674465
vt 0.887307 0.713718
vt 0.888089 0.650840
vt 0.888427 0.649530
vt 0.889399 0.648558
vt 0.890709 0.648220
vt 0.907276 0.648220
vt 0.908586 0.648558
vt 0.909558 0.649530
vt 0.909896 0.650840
vt 0.909896 0.667407
vt 0.909558 0.668717
vt 0.908586 0.669688
vt 0.889399 0.669688
vt 0.888427 0.668717
vt 0.888089 0.667407
vt 0.911545 0.669077
vt 0.911545 0.649169
vt 0.912798 0.647918
vt 0.912798 0.670328
vt 0.910197 0.645318
vt 0.887788 0.645318
vt 0.887316 0.643781
vt 0.910669 0.643781
vt 0.886440 0.669077
vt 0.886440 0.649169
vt 0.908947 0.646571
vt 0.889039 0.646571
vt 0.885188 0.647918
vt 0.885188 0.670328
vt 0.883651 0.670799
vt 0.883651 0.647447
vt 0.914335 0.647447
vt 0.953587 0.673325
vt 0.914335 0.673325
vt 0.910246 0.671412
vt 0.911281 0.670377
vt 0.910246 0.646835
vt 0.911281 0.647870
vt 0.911475 0.672733
vt 0.912602 0.671606
vt 0.911475 0.645514
vt 0.912602 0.646641
vt 0.912753 0.672928
vt 0.913075 0.674048
vt 0.913918 0.673205
vt 0.912798 0.672883
vt 0.912701 0.671606
vt 0.914240 0.672062
vt 0.913075 0.644198
vt 0.912753 0.645318
vt 0.912798 0.645363
vt 0.913918 0.645041
vt 0.914240 0.646184
vt 0.912701 0.646641
vt 0.886704 0.647870
vt 0.887739 0.646835
vt 0.885383 0.646641
vt 0.886510 0.645514
vt 0.884068 0.645041
vt 0.885188 0.645363
vt 0.885233 0.645318
vt 0.884911 0.644198
vt 0.886054 0.643876
vt 0.886510 0.645415
vt 0.887739 0.671412
vt 0.886704 0.670377
vt 0.886510 0.672733
vt 0.885383 0.671606
vt 0.886054 0.674370
vt 0.886510 0.672832
vt 0.884911 0.674048
vt 0.885233 0.672928
vt 0.885188 0.672883
vt 0.884068 0.673205
vt 0.844398 0.647437
vt 0.844398 0.670809
vt 0.886054 0.643781
vt 0.886049 0.604529
vt 0.887307 0.604529
vt 0.884791 0.713718
vt 0.884791 0.674465
vt 0.953587 0.647437
vt 0.910679 0.713718
vt 0.910679 0.604529
vt 0.883651 0.673325
vt 0.844398 0.673325
vt 0.913195 0.604529
vt 0.913195 0.643781
vt 0.884791 0.643781
vt 0.884791 0.604529
vt 0.844398 0.644921
vt 0.883651 0.644921
vt 0.913195 0.674465
vt 0.913195 0.713718
vt 0.886600 0.576608
vt 0.886432 0.577232
vt 0.885612 0.577124
vt 0.885864 0.576183
vt 0.884798 0.576989
vt 0.885113 0.575815
vt 0.842774 0.673211
vt 0.842774 0.670865
vt 0.886898 0.576309
vt 0.886473 0.575574
vt 0.885170 0.575717
vt 0.886007 0.574879
vt 0.885992 0.715342
vt 0.884848 0.715342
vt 0.887522 0.576142
vt 0.887414 0.575322
vt 0.886106 0.574823
vt 0.887279 0.574508
vt 0.887279 0.715342
vt 0.886106 0.715342
vt 0.911553 0.577232
vt 0.911386 0.576608
vt 0.912122 0.576183
vt 0.912374 0.577124
vt 0.912873 0.575815
vt 0.913187 0.576989
vt 0.955211 0.670837
vt 0.955211 0.672010
vt 0.911087 0.576310
vt 0.911512 0.575574
vt 0.911978 0.574879
vt 0.912816 0.575717
vt 0.955211 0.672124
vt 0.955211 0.673268
vt 0.910463 0.576142
vt 0.910571 0.575322
vt 0.910707 0.574508
vt 0.911880 0.574823
vt 0.913080 0.715342
vt 0.910735 0.715342
vt 0.910463 0.601263
vt 0.911087 0.601096
vt 0.911512 0.601832
vt 0.910571 0.602084
vt 0.911880 0.602583
vt 0.910707 0.602897
vt 0.910735 0.602905
vt 0.913081 0.602905
vt 0.911386 0.600797
vt 0.912122 0.601222
vt 0.912816 0.601688
vt 0.911978 0.602526
vt 0.955211 0.644978
vt 0.955211 0.646122
vt 0.911553 0.600173
vt 0.912374 0.600281
vt 0.913187 0.600417
vt 0.912873 0.601590
vt 0.955211 0.646236
vt 0.955211 0.647409
vt 0.886432 0.600173
vt 0.886600 0.600797
vt 0.885864 0.601222
vt 0.885612 0.600281
vt 0.885113 0.601590
vt 0.884798 0.600417
vt 0.842774 0.647381
vt 0.842774 0.645035
vt 0.886898 0.601096
vt 0.886473 0.601832
vt 0.886007 0.602526
vt 0.885170 0.601688
vt 0.884848 0.602905
vt 0.885992 0.602905
vt 0.887522 0.601263
vt 0.887414 0.602084
vt 0.887307 0.603717
vt 0.886106 0.603717
vt 0.955211 0.647466
vt 0.955211 0.670780
vt 0.913195 0.577045
vt 0.913195 0.600360
vt 0.910650 0.603717
vt 0.842774 0.670780
vt 0.842774 0.647466
vt 0.884791 0.600360
vt 0.884791 0.577045
vt 0.910650 0.715342
vt 0.887336 0.715342
vt 0.887336 0.574501
vt 0.910650 0.574501
s 1
usemtl Material
f 1197/1801/1441 1166/1802/1442 1158/1803/1443 1189/1804/1444
f 1185/1805/1445 1154/1806/1446 1162/1807/1447 1193/1808/1448
f 1175/1809/1449 1246/1810/1450 1242/1811/1451 1176/1812/1452
f 1157/1813/1453 1222/1814/1454 1230/1815/1455 1159/1816/1456
f 1262/1817/1457 1191/1818/1458 1189/1804/1444 1254/1819/1459
f 1201/1820/1460 1203/1821/1461 1204/1822/1462 1202/1823/1463 1169/1824/1464 1171/1825/1465 1172/1826/1466 1170/1827/1467 1153/1828/1468 1155/1829/1469 1156/1830/1470 1154/1806/1446 1185/1805/1445 1187/1831/1471 1188/1832/1472 1186/1833/1473
f 1193/1808/1448 1162/1807/1447 1166/1802/1474 1197/1801/1475
f 1161/1834/1476 1178/1835/1477 1182/1836/1478 1165/1837/1479
f 1181/1838/1480 1214/1839/1481 1206/1840/1482 1173/1841/1483
f 1201/1820/1460 1186/1833/1473 1194/1842/1484 1209/1843/1485
f 1177/1844/1486 1210/1845/1487 1214/1839/1488 1181/1838/1489
f 1213/1846/1490 1198/1847/1491 1190/1848/1492 1205/1849/1493
f 1209/1843/1485 1194/1842/1484 1198/1847/1494 1213/1846/1495
f 1153/1828/1468 1170/1827/1467 1178/1835/1477 1161/1834/1476
f 1169/1824/1464 1202/1823/1463 1210/1845/1487 1177/1844/1486
f 1165/1837/1496 1182/1836/1497 1174/1850/1498 1157/1813/1453
f 1159/1816/1456 1230/1815/1455 1226/1851/1499 1160/1852/1500
f 1162/1807/1447 1154/1806/1446 1156/1830/1470 1164/1853/1501
f 1164/1853/1501 1156/1830/1470 1155/1829/1469 1163/1854/1502
f 1163/1854/1502 1155/1829/1469 1153/1828/1468 1161/1834/1476
f 1169/1824/1464 1177/1844/1486 1179/1855/1503 1171/1825/1465
f 1171/1825/1465 1179/1855/1503 1180/1856/1504 1172/1826/1466
f 1172/1826/1466 1180/1856/1504 1178/1835/1477 1170/1827/1467
f 1166/1802/1474 1162/1807/1447 1164/1853/1501 1168/1857/1505
f 1168/1857/1505 1164/1853/1501 1163/1854/1502 1167/1858/1506
f 1167/1858/1506 1163/1854/1502 1161/1834/1476 1165/1837/1479
f 1177/1844/1486 1181/1838/1489 1183/1859/1507 1179/1855/1503
f 1179/1855/1503 1183/1859/1507 1184/1860/1508 1180/1856/1504
f 1180/1856/1504 1184/1860/1508 1182/1836/1478 1178/1835/1477
f 1158/1803/1443 1166/1802/1442 1168/1861/1509 1160/1862/1500
f 1160/1863/1500 1168/1864/1509 1167/1865/1510 1159/1866/1456
f 1159/1866/1456 1167/1865/1510 1165/1837/1496 1157/1813/1453
f 1181/1838/1480 1173/1841/1483 1175/1867/1449 1183/1868/1511
f 1183/1869/1511 1175/1870/1449 1176/1871/1452 1184/1872/1512
f 1184/1872/1512 1176/1871/1452 1174/1850/1498 1182/1836/1497
f 1201/1820/1460 1209/1843/1485 1211/1873/1513 1203/1821/1461
f 1203/1821/1461 1211/1873/1513 1212/1874/1514 1204/1822/1462
f 1204/1822/1462 1212/1874/1514 1210/1845/1487 1202/1823/1463
f 1209/1843/1485 1213/1846/1495 1215/1875/1515 1211/1873/1513
f 1211/1873/1513 1215/1875/1515 1216/1876/1516 1212/1874/1514
f 1212/1874/1514 1216/1876/1516 1214/1839/1488 1210/1845/1487
f 1213/1846/1490 1205/1849/1493 1207/1877/1517 1215/1878/1518
f 1215/1879/1518 1207/1880/1517 1208/1881/1519 1216/1882/1520
f 1216/1882/1520 1208/1881/1519 1206/1840/1482 1214/1839/1481
f 1185/1805/1445 1193/1808/1448 1195/1883/1521 1187/1831/1471
f 1187/1831/1471 1195/1883/1521 1196/1884/1522 1188/1832/1472
f 1188/1832/1472 1196/1884/1522 1194/1842/1484 1186/1833/1473
f 1193/1808/1448 1197/1801/1475 1199/1885/1523 1195/1883/1521
f 1195/1883/1521 1199/1885/1523 1200/1886/1524 1196/1884/1522
f 1196/1884/1522 1200/1886/1524 1198/1847/1494 1194/1842/1484
f 1197/1801/1441 1189/1804/1444 1191/1887/1458 1199/1888/1525
f 1199/1888/1525 1191/1887/1458 1192/1889/1526 1200/1890/1527
f 1200/1891/1527 1192/1892/1526 1190/1848/1492 1198/1847/1491
f 1270/1893/1528 1205/1849/1493 1190/1848/1492 1250/1894/1529
f 1208/1895/1519 1274/1896/1530 1266/1897/1531 1206/1840/1482
f 1258/1898/1532 1192/1899/1526 1191/1818/1458 1262/1817/1457
f 1222/1814/1454 1157/1813/1453 1174/1850/1498 1234/1900/1533
f 1176/1812/1452 1242/1811/1451 1234/1900/1533 1174/1850/1498
f 1254/1819/1459 1189/1804/1444 1158/1803/1443 1218/1901/1534
f 1238/1902/1535 1173/1841/1483 1206/1840/1482 1266/1897/1531
f 1250/1894/1529 1190/1848/1492 1192/1903/1526 1258/1904/1532
f 1173/1841/1483 1238/1902/1535 1246/1905/1450 1175/1906/1449
f 1207/1907/1517 1278/1908/1536 1274/1896/1530 1208/1895/1519
f 1205/1849/1493 1270/1893/1528 1278/1909/1536 1207/1910/1517
f 1160/1911/1500 1226/1912/1499 1218/1901/1534 1158/1803/1443
f 1257/1913/1537 1249/1914/1538 1251/1915/1539 1259/1916/1540
f 1259/1916/1541 1251/1915/1539 1252/1917/1542 1260/1918/1541
f 1260/1919/1543 1252/1920/1544 1250/1894/1529 1258/1904/1532
f 1261/1921/1545 1257/1913/1537 1259/1916/1540 1263/1922/1546
f 1263/1922/1547 1259/1916/1541 1260/1923/1541 1264/1924/1547
f 1264/1925/1548 1260/1926/1543 1258/1898/1532 1262/1817/1457
f 1253/1927/1549 1261/1921/1545 1263/1922/1546 1255/1928/1550
f 1255/1928/1550 1263/1922/1547 1264/1929/1547 1256/1930/1551
f 1256/1931/1552 1264/1932/1548 1262/1817/1457 1254/1819/1459
f 1221/1933/1553 1229/1934/1554 1231/1935/1555 1223/1936/1556
f 1223/1936/1556 1231/1935/1557 1232/1937/1557 1224/1938/1558
f 1224/1939/1559 1232/1940/1560 1230/1815/1455 1222/1814/1454
f 1229/1934/1554 1225/1941/1561 1227/1942/1562 1231/1935/1555
f 1231/1935/1557 1227/1942/1563 1228/1943/1563 1232/1944/1557
f 1232/1945/1560 1228/1946/1564 1226/1851/1499 1230/1815/1455
f 1225/1941/1561 1217/1947/1565 1219/1948/1566 1227/1942/1562
f 1227/1942/1563 1219/1948/1566 1220/1949/1567 1228/1950/1563
f 1228/1951/1564 1220/1952/1568 1218/1901/1534 1226/1912/1499
f 1237/1953/1569 1245/1954/1570 1247/1955/1571 1239/1956/1572
f 1239/1956/1572 1247/1955/1573 1248/1957/1573 1240/1958/1574
f 1240/1959/1575 1248/1960/1576 1246/1905/1450 1238/1902/1535
f 1245/1954/1570 1241/1961/1577 1243/1962/1578 1247/1955/1571
f 1247/1955/1573 1243/1962/1579 1244/1963/1579 1248/1964/1573
f 1248/1965/1576 1244/1966/1580 1242/1811/1451 1246/1810/1450
f 1241/1961/1577 1233/1967/1581 1235/1968/1582 1243/1962/1578
f 1243/1962/1579 1235/1968/1582 1236/1969/1583 1244/1970/1579
f 1244/1971/1580 1236/1972/1584 1234/1900/1533 1242/1811/1451
f 1269/1973/1585 1277/1974/1586 1279/1975/1587 1271/1976/1588
f 1271/1976/1588 1279/1975/1589 1280/1977/1589 1272/1978/1590
f 1272/1979/1591 1280/1980/1592 1278/1909/1536 1270/1893/1528
f 1277/1974/1586 1273/1981/1593 1275/1982/1594 1279/1975/1587
f 1279/1975/1589 1275/1982/1595 1276/1983/1595 1280/1984/1589
f 1280/1985/1592 1276/1986/1596 1274/1896/1530 1278/1908/1536
f 1273/1981/1593 1265/1987/1597 1267/1988/1598 1275/1982/1594
f 1275/1982/1595 1267/1988/1598 1268/1989/1599 1276/1990/1595
f 1276/1990/1596 1268/1989/1600 1266/1897/1531 1274/1896/1530
f 1222/1814/1454 1234/1900/1533 1236/1991/1584 1224/1992/1559
f 1224/1993/1558 1236/1994/1583 1235/1968/1582 1223/1936/1556
f 1223/1936/1556 1235/1968/1582 1233/1967/1581 1221/1933/1553
f 1238/1902/1535 1266/1897/1531 1268/1989/1600 1240/1995/1575
f 1240/1995/1574 1268/1989/1599 1267/1988/1598 1239/1956/1572
f 1239/1956/1572 1267/1988/1598 1265/1987/1597 1237/1953/1569
f 1270/1893/1528 1250/1894/1529 1252/1996/1544 1272/1997/1591
f 1272/1998/1590 1252/1999/1542 1251/1915/1539 1271/1976/1588
f 1271/1976/1588 1251/1915/1539 1249/1914/1538 1269/1973/1585
f 1254/1819/1459 1218/1901/1534 1220/2000/1568 1256/2001/1552
f 1256/2002/1551 1220/2003/1567 1219/1948/1566 1255/1928/1550
f 1255/1928/1550 1219/1948/1566 1217/1947/1565 1253/1927/1549
f 1233/1967/1581 1241/1961/1577 1245/1954/1570 1237/1953/1569 1265/1987/1597 1273/1981/1593 1277/1974/1586 1269/1973/1585 1249/1914/1538 1257/1913/1537 1261/1921/1545 1253/1927/1549 1217/1947/1565 1225/1941/1561 1229/1934/1554 1221/1933/1553
o Building.027
v -0.535291 4.741611 -1.012911
v -0.425030 4.741611 -1.001604
v -0.520519 4.741611 -1.007257
v -0.480160 4.741611 -1.003119
v -0.674119 4.710393 -0.998268
v -0.567822 4.710393 -0.987367
v -0.659878 4.710393 -0.992818
v -0.620970 4.710393 -0.988828
v -0.604705 4.737428 -1.005701
v -0.495342 4.737428 -0.994486
v -0.590053 4.737428 -1.000093
v -0.550024 4.737428 -0.995988
v -0.655519 4.726002 -1.000302
v -0.547985 4.726002 -0.989275
v -0.641112 4.726002 -0.994788
v -0.601752 4.726002 -0.990752
v -0.425030 4.741611 -1.095719
v -0.535291 4.741611 -1.084411
v -0.480160 4.741611 -1.094204
v -0.520519 4.741611 -1.090065
v -0.567822 4.710393 -1.109955
v -0.674119 4.710393 -1.099055
v -0.620970 4.710393 -1.108495
v -0.659878 4.710393 -1.104505
v -0.495342 4.737428 -1.102837
v -0.604705 4.737428 -1.091622
v -0.550024 4.737428 -1.101334
v -0.590053 4.737428 -1.097229
v -0.547985 4.726002 -1.108048
v -0.655519 4.726002 -1.097020
v -0.601752 4.726002 -1.106570
v -0.641112 4.726002 -1.102534
v 0.272201 4.741611 -1.001604
v 0.382461 4.741611 -1.012911
v 0.327331 4.741611 -1.003119
v 0.367689 4.741611 -1.007257
v 0.414992 4.710393 -0.987367
v 0.521289 4.710393 -0.998268
v 0.468141 4.710393 -0.988828
v 0.507048 4.710393 -0.992818
v 0.342513 4.737428 -0.994486
v 0.451875 4.737428 -1.005701
v 0.397194 4.737428 -0.995988
v 0.437223 4.737428 -1.000093
v 0.395156 4.726002 -0.989275
v 0.502690 4.726002 -1.000302
v 0.448923 4.726002 -0.990752
v 0.488283 4.726002 -0.994788
v 0.382461 4.741611 -1.084411
v 0.272201 4.741611 -1.095719
v 0.367689 4.741611 -1.090065
v 0.327331 4.741611 -1.094204
v 0.521289 4.710393 -1.099055
v 0.414992 4.710393 -1.109955
v 0.507048 4.710393 -1.104505
v 0.468141 4.710393 -1.108495
v 0.451875 4.737428 -1.091622
v 0.342513 4.737428 -1.102837
v 0.437223 4.737428 -1.097229
v 0.397194 4.737428 -1.101334
v 0.502690 4.726002 -1.097020
v 0.395156 4.726002 -1.108048
v 0.488283 4.726002 -1.102534
v 0.448923 4.726002 -1.106570
v -0.559155 4.277452 -0.994452
v -0.568233 4.294657 -0.987367
v -0.563700 4.279757 -0.990909
v -0.567023 4.286055 -0.988316
v -0.605036 4.277452 -0.999157
v -0.674119 4.294657 -0.998226
v -0.639577 4.279757 -0.998691
v -0.664863 4.286055 -0.998350
v -0.585424 4.277452 -0.995173
v -0.621176 4.294657 -0.988822
v -0.603303 4.279757 -0.991998
v -0.616389 4.286055 -0.989673
v -0.597997 4.277452 -0.996463
v -0.659933 4.294657 -0.992796
v -0.628965 4.279757 -0.994629
v -0.651636 4.286055 -0.993287
v -0.605036 4.277452 -1.098166
v -0.674119 4.294657 -1.099097
v -0.639577 4.279757 -1.098632
v -0.664863 4.286055 -1.098973
v -0.559155 4.277452 -1.102871
v -0.568233 4.294657 -1.109955
v -0.563700 4.279757 -1.106413
v -0.567023 4.286055 -1.109006
v -0.597997 4.277452 -1.100860
v -0.659933 4.294657 -1.104526
v -0.628965 4.279757 -1.102693
v -0.651636 4.286055 -1.104035
v -0.585424 4.277452 -1.102149
v -0.621176 4.294657 -1.108500
v -0.603303 4.279757 -1.105325
v -0.616389 4.286055 -1.107650
v 0.452206 4.277452 -0.999157
v 0.521289 4.294657 -0.998226
v 0.486748 4.279757 -0.998691
v 0.512034 4.286055 -0.998350
v 0.406325 4.277452 -0.994452
v 0.415403 4.294657 -0.987367
v 0.410870 4.279757 -0.990909
v 0.414193 4.286055 -0.988316
v 0.445167 4.277452 -0.996463
v 0.507103 4.294657 -0.992796
v 0.476136 4.279757 -0.994629
v 0.498806 4.286055 -0.993287
v 0.432595 4.277452 -0.995173
v 0.468346 4.294657 -0.988822
v 0.450473 4.279757 -0.991998
v 0.463559 4.286055 -0.989673
v 0.406325 4.277452 -1.102871
v 0.415403 4.294657 -1.109955
v 0.410870 4.279757 -1.106413
v 0.414193 4.286055 -1.109006
v 0.452206 4.277452 -1.098166
v 0.521289 4.294657 -1.099097
v 0.486748 4.279757 -1.098632
v 0.512034 4.286055 -1.098973
v 0.432595 4.277452 -1.102149
v 0.468346 4.294657 -1.108500
v 0.450473 4.279757 -1.105325
v 0.463559 4.286055 -1.107650
v 0.445167 4.277452 -1.100860
v 0.507103 4.294657 -1.104526
v 0.476136 4.279757 -1.102693
v 0.498806 4.286055 -1.104035
vn 0.0111 0.1352 0.9908
vn -0.0111 0.1352 0.9908
vn -0.0145 0.0679 0.9976
vn 0.0145 0.0679 0.9976
vn 0.0020 0.9595 0.2815
vn -0.0020 0.9595 0.2815
vn -0.0081 0.6332 0.7739
vn 0.0081 0.6332 0.7739
vn -0.0599 0.0915 -0.9940
vn -0.0590 -0.0630 -0.9963
vn -0.1739 -0.1073 -0.9789
vn -0.1700 0.1526 -0.9736
vn -0.5466 0.3627 0.7548
vn -0.5841 -0.3106 0.7499
vn -0.1739 -0.1073 0.9789
vn -0.1700 0.1526 0.9736
vn 0.0590 -0.0630 0.9963
vn 0.0599 0.0915 0.9940
vn 0.0135 -0.0544 0.9984
vn 0.0301 0.9993 -0.0206
vn 0.0229 0.9933 -0.1129
vn 0.0114 0.9755 -0.2197
vn 0.0020 0.9595 -0.2815
vn -0.0020 0.9595 -0.2815
vn -0.0114 0.9755 -0.2197
vn -0.0229 0.9933 -0.1129
vn -0.0301 0.9993 -0.0206
vn -0.0301 0.9993 0.0206
vn -0.0229 0.9933 0.1129
vn -0.0114 0.9755 0.2197
vn 0.0114 0.9755 0.2197
vn 0.0229 0.9933 0.1129
vn 0.0301 0.9993 0.0206
vn -0.0158 0.4742 0.8803
vn 0.0158 0.4742 0.8803
vn -0.1234 0.9848 0.1226
vn -0.1234 0.9848 -0.1226
vn -0.1782 0.9359 -0.3039
vn -0.1782 0.9359 0.3039
vn -0.0111 0.1352 -0.9908
vn 0.0111 0.1352 -0.9908
vn 0.0145 0.0679 -0.9976
vn -0.0145 0.0679 -0.9976
vn 0.1234 0.9848 0.1226
vn 0.1234 0.9848 -0.1226
vn -0.0081 0.6332 -0.7739
vn 0.0081 0.6332 -0.7739
vn 0.0158 0.4742 -0.8803
vn -0.0158 0.4742 -0.8803
vn 0.5060 0.6732 -0.5392
vn 0.5060 0.6732 0.5392
vn 0.5466 0.3627 0.7548
vn 0.5466 0.3627 -0.7548
vn 0.1782 0.9359 0.3039
vn 0.1782 0.9359 -0.3039
vn -0.5060 0.6732 0.5392
vn -0.5060 0.6732 -0.5392
vn -0.5466 0.3627 -0.7548
vn -0.0590 -0.0630 0.9963
vn -0.0599 0.0915 0.9940
vn -0.0375 0.7312 0.6812
vn -0.0852 0.8913 0.4453
vn -0.0375 0.7312 -0.6812
vn -0.0852 0.8913 -0.4453
vn -0.0509 0.5971 0.8005
vn -0.1052 0.7650 0.6354
vn -0.0509 0.5971 -0.8005
vn -0.1052 0.7650 -0.6354
vn -0.0555 0.1892 0.9804
vn -0.1728 0.3251 0.9298
vn -0.0555 0.1892 -0.9804
vn -0.1728 0.3251 -0.9298
vn 0.0852 0.8913 -0.4453
vn 0.0375 0.7312 -0.6812
vn 0.1052 0.7650 -0.6354
vn 0.0509 0.5971 -0.8005
vn 0.1700 0.1526 -0.9736
vn 0.1728 0.3251 -0.9298
vn 0.0599 0.0915 -0.9940
vn 0.0555 0.1892 -0.9804
vn 0.0375 0.7312 0.6812
vn 0.0852 0.8913 0.4453
vn 0.0509 0.5971 0.8005
vn 0.1052 0.7650 0.6354
vn 0.0555 0.1892 0.9804
vn 0.1700 0.1526 0.9736
vn 0.1728 0.3251 0.9298
vn 0.5841 -0.3106 -0.7499
vn 0.5841 -0.3106 0.7499
vn 0.0590 -0.0630 -0.9963
vn 0.0135 -0.0544 -0.9984
vn 0.1739 -0.1073 0.9789
vn -0.5841 -0.3106 -0.7499
vn -0.0135 -0.0544 0.9984
vn -0.0135 -0.0544 -0.9984
vn 0.1739 -0.1073 -0.9789
vn 0.0315 -0.9836 0.1774
vn 0.0349 -0.9984 0.0448
vn 0.1435 -0.9724 0.1842
vn 0.0532 -0.9526 0.2994
vn 0.1339 -0.6429 0.7541
vn 0.2274 -0.9290 0.2919
vn 0.1340 -0.6429 0.7541
vn 0.1706 -0.2194 0.9606
vn 0.5099 -0.5580 0.6547
vn 0.0176 -0.9544 0.2981
vn 0.0283 -0.8779 0.4779
vn 0.0530 -0.4410 0.8959
vn 0.0586 -0.1305 0.9897
vn 0.0044 -0.9466 0.3224
vn 0.0111 -0.5706 0.8212
vn 0.0125 -0.3863 0.9223
vn 0.0134 -0.1115 0.9937
vn -0.0349 -0.9984 0.0448
vn -0.0315 -0.9836 0.1774
vn -0.0532 -0.9526 0.2994
vn -0.1435 -0.9724 0.1842
vn -0.1339 -0.6429 0.7541
vn -0.1340 -0.6429 0.7541
vn -0.2274 -0.9290 0.2919
vn -0.5099 -0.5580 0.6547
vn -0.1706 -0.2194 0.9606
vn -0.0176 -0.9544 0.2981
vn -0.0283 -0.8779 0.4779
vn -0.0530 -0.4410 0.8959
vn -0.0586 -0.1305 0.9897
vn -0.0044 -0.9466 0.3224
vn -0.0111 -0.5706 0.8212
vn -0.0125 -0.3863 0.9223
vn -0.0134 -0.1115 0.9937
vn -0.0044 -0.9466 -0.3224
vn -0.0176 -0.9544 -0.2981
vn -0.0283 -0.8779 -0.4779
vn -0.0111 -0.5706 -0.8212
vn -0.0530 -0.4410 -0.8959
vn -0.0125 -0.3863 -0.9223
vn -0.0134 -0.1115 -0.9937
vn -0.0586 -0.1305 -0.9897
vn -0.0315 -0.9836 -0.1774
vn -0.0532 -0.9526 -0.2994
vn -0.1339 -0.6429 -0.7541
vn -0.1340 -0.6429 -0.7541
vn -0.1706 -0.2194 -0.9606
vn -0.0349 -0.9984 -0.0448
vn -0.1435 -0.9724 -0.1842
vn -0.2274 -0.9290 -0.2919
vn -0.5099 -0.5580 -0.6547
vn 0.0349 -0.9984 -0.0448
vn 0.0315 -0.9836 -0.1774
vn 0.0532 -0.9526 -0.2994
vn 0.1435 -0.9724 -0.1842
vn 0.1339 -0.6429 -0.7541
vn 0.1340 -0.6429 -0.7541
vn 0.2274 -0.9290 -0.2919
vn 0.5099 -0.5580 -0.6547
vn 0.1706 -0.2194 -0.9606
vn 0.0176 -0.9544 -0.2981
vn 0.0283 -0.8779 -0.4779
vn 0.0530 -0.4410 -0.8959
vn 0.0586 -0.1305 -0.9897
vn 0.0044 -0.9466 -0.3224
vn 0.0111 -0.5706 -0.8212
vn 0.0125 -0.3863 -0.9223
vn 0.0134 -0.1115 -0.9937
vt 0.874822 0.678083
vt 0.894897 0.678083
vt 0.895319 0.679426
vt 0.874400 0.679426
vt 0.877439 0.675524
vt 0.892280 0.675524
vt 0.893776 0.677002
vt 0.875942 0.677002
vt 0.896450 0.652095
vt 0.896455 0.616573
vt 0.897277 0.616554
vt 0.897281 0.652076
vt 0.919332 0.652069
vt 0.919340 0.616547
vt 0.920467 0.616554
vt 0.920463 0.652076
vt 0.873264 0.714941
vt 0.873268 0.679419
vt 0.874391 0.714948
vt 0.875092 0.658337
vt 0.875407 0.657163
vt 0.876266 0.656304
vt 0.877439 0.655990
vt 0.892280 0.655990
vt 0.893453 0.656304
vt 0.894312 0.657163
vt 0.894626 0.658337
vt 0.894626 0.673177
vt 0.894312 0.674351
vt 0.893453 0.675210
vt 0.876266 0.675210
vt 0.875406 0.674351
vt 0.875092 0.673177
vt 0.896104 0.674674
vt 0.896104 0.656840
vt 0.897185 0.655720
vt 0.897185 0.675795
vt 0.894897 0.653431
vt 0.874822 0.653431
vt 0.874400 0.652088
vt 0.895319 0.652088
vt 0.873615 0.674674
vt 0.873615 0.656840
vt 0.893776 0.654512
vt 0.875942 0.654512
vt 0.870884 0.653411
vt 0.850809 0.653411
vt 0.850387 0.652069
vt 0.871306 0.652069
vt 0.872533 0.675795
vt 0.872533 0.655720
vt 0.918909 0.653411
vt 0.898835 0.653411
vt 0.898412 0.652069
vt 0.921292 0.616573
vt 0.921291 0.652095
vt 0.894940 0.676690
vt 0.895792 0.675838
vt 0.894940 0.654824
vt 0.895792 0.655676
vt 0.896041 0.677777
vt 0.896879 0.676939
vt 0.896041 0.653737
vt 0.896879 0.654575
vt 0.896041 0.678076
vt 0.896450 0.679419
vt 0.920892 0.653438
vt 0.920054 0.653419
vt 0.896041 0.653438
vt 0.896852 0.653438
vt 0.897690 0.653419
vt 0.873926 0.655676
vt 0.874779 0.654824
vt 0.872840 0.654575
vt 0.873677 0.653737
vt 0.872437 0.652076
vt 0.872028 0.653419
vt 0.873268 0.652095
vt 0.872866 0.653438
vt 0.873677 0.653438
vt 0.874779 0.676690
vt 0.873926 0.675838
vt 0.873677 0.677777
vt 0.872840 0.676939
vt 0.873677 0.678076
vt 0.848827 0.653438
vt 0.848427 0.652095
vt 0.849256 0.652076
vt 0.849665 0.653419
vt 0.871315 0.616547
vt 0.850378 0.616547
vt 0.873264 0.616573
vt 0.874391 0.616566
vt 0.849251 0.616554
vt 0.848426 0.616573
vt 0.898404 0.616547
vt 0.895328 0.714948
vt 0.895328 0.616566
vt 0.872442 0.616554
vt 0.896455 0.714941
vt 0.873757 0.592476
vt 0.873607 0.593036
vt 0.872872 0.592939
vt 0.873098 0.592096
vt 0.872334 0.592868
vt 0.872616 0.591817
vt 0.849353 0.615823
vt 0.850404 0.615816
vt 0.874025 0.592209
vt 0.873644 0.591550
vt 0.873366 0.591067
vt 0.848603 0.615841
vt 0.874584 0.592059
vt 0.874487 0.591324
vt 0.874417 0.590786
vt 0.874417 0.715678
vt 0.873366 0.715672
vt 0.896111 0.593036
vt 0.895961 0.592476
vt 0.896620 0.592096
vt 0.896846 0.592939
vt 0.897103 0.591817
vt 0.897384 0.592868
vt 0.919315 0.615816
vt 0.920365 0.615823
vt 0.895694 0.592209
vt 0.896074 0.591550
vt 0.896353 0.591067
vt 0.921116 0.615841
vt 0.895134 0.592059
vt 0.895231 0.591324
vt 0.895302 0.590786
vt 0.896353 0.715672
vt 0.895302 0.715678
vt 0.895134 0.614562
vt 0.895694 0.614413
vt 0.896074 0.615072
vt 0.895231 0.615298
vt 0.896353 0.615554
vt 0.895302 0.615836
vt 0.896353 0.615842
vt 0.895961 0.614145
vt 0.896620 0.614526
vt 0.897103 0.614804
vt 0.896628 0.615841
vt 0.897379 0.615823
vt 0.896111 0.613586
vt 0.896846 0.613683
vt 0.897384 0.613753
vt 0.898429 0.615816
vt 0.873607 0.613586
vt 0.873757 0.614145
vt 0.873098 0.614526
vt 0.872872 0.613683
vt 0.872616 0.614804
vt 0.872334 0.613753
vt 0.871289 0.615816
vt 0.872340 0.615823
vt 0.874025 0.614413
vt 0.873644 0.615072
vt 0.873366 0.615554
vt 0.873090 0.615841
vt 0.874584 0.614562
vt 0.874487 0.615298
vt 0.874417 0.615836
vt 0.873366 0.615842
s 1
usemtl Material
f 1325/2004/1601 1294/2005/1602 1286/2006/1603 1317/2007/1604
f 1313/2008/1605 1282/2009/1606 1290/2010/1607 1321/2011/1608
f 1303/2012/1609 1374/2013/1610 1370/2014/1611 1304/2015/1612
f 1285/2016/1613 1350/2017/1614 1358/2018/1615 1287/2019/1616
f 1390/2020/1617 1319/2021/1618 1317/2007/1604 1382/2022/1619
f 1329/2023/1620 1331/2024/1621 1332/2025/1622 1330/2026/1623 1297/2027/1624 1299/2028/1625 1300/2029/1626 1298/2030/1627 1281/2031/1628 1283/2032/1629 1284/2033/1630 1282/2009/1606 1313/2008/1605 1315/2034/1631 1316/2035/1632 1314/2036/1633
f 1321/2011/1608 1290/2010/1607 1294/2005/1634 1325/2004/1635
f 1289/2037/1636 1306/2038/1637 1310/2039/1638 1293/2040/1639
f 1309/2041/1640 1342/2042/1641 1334/2043/1642 1301/2044/1643
f 1329/2023/1620 1314/2036/1633 1322/2045/1644 1337/2046/1645
f 1305/2047/1646 1338/2048/1647 1342/2042/1648 1309/2041/1649
f 1341/2049/1650 1326/2050/1651 1318/2051/1652 1333/2052/1653
f 1337/2046/1645 1322/2045/1644 1326/2053/1654 1341/2054/1655
f 1281/2031/1628 1298/2030/1627 1306/2038/1637 1289/2037/1636
f 1297/2027/1624 1330/2026/1623 1338/2048/1647 1305/2047/1646
f 1293/2055/1656 1310/2056/1657 1302/2057/1658 1285/2016/1613
f 1287/2019/1616 1358/2018/1615 1354/2058/1659 1288/2059/1660
f 1290/2010/1607 1282/2009/1606 1284/2033/1630 1292/2060/1661
f 1292/2060/1661 1284/2033/1630 1283/2032/1629 1291/2061/1662
f 1291/2061/1662 1283/2032/1629 1281/2031/1628 1289/2037/1636
f 1297/2027/1624 1305/2047/1646 1307/2062/1663 1299/2028/1625
f 1299/2028/1625 1307/2062/1663 1308/2063/1664 1300/2029/1626
f 1300/2029/1626 1308/2063/1664 1306/2038/1637 1298/2030/1627
f 1294/2005/1634 1290/2010/1607 1292/2060/1661 1296/2064/1665
f 1296/2064/1665 1292/2060/1661 1291/2061/1662 1295/2065/1666
f 1295/2065/1666 1291/2061/1662 1289/2037/1636 1293/2040/1639
f 1305/2047/1646 1309/2041/1649 1311/2066/1667 1307/2062/1663
f 1307/2062/1663 1311/2066/1667 1312/2067/1668 1308/2063/1664
f 1308/2063/1664 1312/2067/1668 1310/2039/1638 1306/2038/1637
f 1286/2006/1603 1294/2005/1602 1296/2068/1669 1288/2069/1660
f 1288/2059/1660 1296/2070/1669 1295/2071/1670 1287/2019/1616
f 1287/2019/1616 1295/2071/1670 1293/2055/1656 1285/2016/1613
f 1309/2041/1640 1301/2044/1643 1303/2012/1609 1311/2072/1671
f 1311/2073/1671 1303/2012/1609 1304/2015/1612 1312/2074/1672
f 1312/2074/1672 1304/2015/1612 1302/2057/1658 1310/2056/1657
f 1329/2023/1620 1337/2046/1645 1339/2075/1673 1331/2024/1621
f 1331/2024/1621 1339/2075/1673 1340/2076/1674 1332/2025/1622
f 1332/2025/1622 1340/2076/1674 1338/2048/1647 1330/2026/1623
f 1337/2046/1645 1341/2054/1655 1343/2077/1675 1339/2075/1673
f 1339/2075/1673 1343/2077/1675 1344/2078/1676 1340/2076/1674
f 1340/2076/1674 1344/2078/1676 1342/2042/1648 1338/2048/1647
f 1341/2049/1650 1333/2052/1653 1335/2079/1677 1343/2080/1678
f 1343/2080/1678 1335/2079/1677 1336/2081/1679 1344/2082/1680
f 1344/2083/1680 1336/2081/1679 1334/2043/1642 1342/2042/1641
f 1313/2008/1605 1321/2011/1608 1323/2084/1681 1315/2034/1631
f 1315/2034/1631 1323/2084/1681 1324/2085/1682 1316/2035/1632
f 1316/2035/1632 1324/2085/1682 1322/2045/1644 1314/2036/1633
f 1321/2011/1608 1325/2004/1635 1327/2086/1683 1323/2084/1681
f 1323/2084/1681 1327/2086/1683 1328/2087/1684 1324/2085/1682
f 1324/2085/1682 1328/2087/1684 1326/2053/1654 1322/2045/1644
f 1325/2004/1601 1317/2007/1604 1319/2021/1618 1327/2088/1685
f 1327/2089/1685 1319/2090/1618 1320/2091/1686 1328/2092/1687
f 1328/2092/1687 1320/2091/1686 1318/2051/1652 1326/2050/1651
f 1398/2093/1688 1333/2052/1653 1318/2051/1652 1378/2094/1689
f 1336/2081/1679 1402/2095/1690 1394/2096/1691 1334/2043/1642
f 1386/2097/1692 1320/2091/1686 1319/2090/1618 1390/2098/1617
f 1350/2017/1614 1285/2016/1613 1302/2057/1658 1362/2099/1693
f 1304/2015/1612 1370/2014/1611 1362/2099/1693 1302/2057/1658
f 1382/2022/1619 1317/2007/1604 1286/2006/1603 1346/2100/1694
f 1366/2101/1695 1301/2044/1643 1334/2043/1642 1394/2096/1691
f 1378/2094/1689 1318/2051/1652 1320/2091/1686 1386/2097/1692
f 1301/2044/1643 1366/2101/1695 1374/2013/1610 1303/2012/1609
f 1335/2079/1677 1406/2102/1696 1402/2095/1690 1336/2081/1679
f 1333/2052/1653 1398/2093/1688 1406/2102/1696 1335/2079/1677
f 1288/2069/1660 1354/2103/1659 1346/2100/1694 1286/2006/1603
f 1385/2104/1697 1377/2105/1698 1379/2106/1699 1387/2107/1700
f 1387/2107/1701 1379/2106/1699 1380/2108/1702 1388/2109/1703
f 1388/2110/1704 1380/2111/1705 1378/2094/1689 1386/2097/1692
f 1389/2112/1706 1385/2104/1697 1387/2107/1700 1391/2113/1707
f 1391/2113/1708 1387/2107/1701 1388/2109/1703 1392/2114/1708
f 1392/2115/1709 1388/2110/1704 1386/2097/1692 1390/2098/1617
f 1381/2116/1710 1389/2112/1706 1391/2113/1707 1383/2117/1711
f 1383/2117/1711 1391/2113/1708 1392/2114/1708 1384/2118/1712
f 1384/2119/1713 1392/2120/1709 1390/2020/1617 1382/2022/1619
f 1349/2121/1714 1357/2122/1715 1359/2123/1716 1351/2124/1717
f 1351/2124/1717 1359/2123/1718 1360/2125/1719 1352/2126/1720
f 1352/2127/1721 1360/2128/1722 1358/2018/1615 1350/2017/1614
f 1357/2122/1715 1353/2129/1723 1355/2130/1724 1359/2123/1716
f 1359/2123/1718 1355/2130/1725 1356/2131/1725 1360/2125/1719
f 1360/2128/1722 1356/2132/1726 1354/2058/1659 1358/2018/1615
f 1353/2129/1723 1345/2133/1727 1347/2134/1728 1355/2130/1724
f 1355/2130/1725 1347/2134/1728 1348/2135/1729 1356/2131/1725
f 1356/2136/1726 1348/2137/1730 1346/2100/1694 1354/2103/1659
f 1365/2138/1731 1373/2139/1732 1375/2140/1733 1367/2141/1734
f 1367/2141/1734 1375/2140/1735 1376/2142/1735 1368/2143/1736
f 1368/2143/1737 1376/2144/1738 1374/2013/1610 1366/2101/1695
f 1373/2139/1732 1369/2145/1739 1371/2146/1740 1375/2140/1733
f 1375/2140/1735 1371/2146/1741 1372/2147/1742 1376/2142/1735
f 1376/2148/1738 1372/2149/1743 1370/2014/1611 1374/2013/1610
f 1369/2145/1739 1361/2150/1744 1363/2151/1745 1371/2146/1740
f 1371/2146/1741 1363/2151/1745 1364/2152/1746 1372/2147/1742
f 1372/2149/1743 1364/2153/1747 1362/2099/1693 1370/2014/1611
f 1397/2154/1748 1405/2155/1749 1407/2156/1750 1399/2157/1751
f 1399/2157/1751 1407/2156/1752 1408/2158/1753 1400/2159/1754
f 1400/2160/1755 1408/2161/1756 1406/2102/1696 1398/2093/1688
f 1405/2155/1749 1401/2162/1757 1403/2163/1758 1407/2156/1750
f 1407/2156/1752 1403/2163/1759 1404/2164/1759 1408/2158/1753
f 1408/2161/1756 1404/2165/1760 1402/2095/1690 1406/2102/1696
f 1401/2162/1757 1393/2166/1761 1395/2167/1762 1403/2163/1758
f 1403/2163/1759 1395/2167/1762 1396/2168/1763 1404/2164/1759
f 1404/2169/1760 1396/2168/1764 1394/2096/1691 1402/2095/1690
f 1350/2017/1614 1362/2099/1693 1364/2153/1747 1352/2127/1721
f 1352/2126/1720 1364/2152/1746 1363/2151/1745 1351/2124/1717
f 1351/2124/1717 1363/2151/1745 1361/2150/1744 1349/2121/1714
f 1366/2101/1695 1394/2096/1691 1396/2168/1764 1368/2143/1737
f 1368/2143/1736 1396/2168/1763 1395/2167/1762 1367/2141/1734
f 1367/2141/1734 1395/2167/1762 1393/2166/1761 1365/2138/1731
f 1398/2093/1688 1378/2094/1689 1380/2111/1705 1400/2160/1755
f 1400/2159/1754 1380/2108/1702 1379/2106/1699 1399/2157/1751
f 1399/2157/1751 1379/2106/1699 1377/2105/1698 1397/2154/1748
f 1382/2022/1619 1346/2100/1694 1348/2137/1730 1384/2119/1713
f 1384/2118/1712 1348/2135/1729 1347/2134/1728 1383/2117/1711
f 1383/2117/1711 1347/2134/1728 1345/2133/1727 1381/2116/1710
f 1361/2150/1744 1369/2145/1739 1373/2139/1732 1365/2138/1731 1393/2166/1761 1401/2162/1757 1405/2155/1749 1397/2154/1748 1377/2105/1698 1385/2104/1697 1389/2112/1706 1381/2116/1710 1345/2133/1727 1353/2129/1723 1357/2122/1715 1349/2121/1714
o Building.034
v -0.921915 5.405204 -0.695612
v -0.933222 5.405204 -0.638876
v -0.927569 5.405204 -0.688010
v -0.931707 5.405204 -0.667244
v -0.936558 5.360812 -0.767047
v -0.947459 5.360812 -0.712351
v -0.942008 5.360812 -0.759719
v -0.945998 5.360812 -0.739699
v -0.929125 5.399257 -0.731329
v -0.940340 5.399257 -0.675056
v -0.934733 5.399257 -0.723790
v -0.938838 5.399257 -0.703192
v -0.934524 5.383008 -0.757476
v -0.945551 5.383008 -0.702144
v -0.940038 5.383008 -0.750063
v -0.944074 5.383008 -0.729810
v -0.839107 5.405204 -0.638876
v -0.850415 5.405204 -0.695612
v -0.840622 5.405204 -0.667244
v -0.844761 5.405204 -0.688010
v -0.824871 5.360812 -0.712351
v -0.835771 5.360812 -0.767047
v -0.826331 5.360812 -0.739699
v -0.830321 5.360812 -0.759719
v -0.831989 5.399257 -0.675056
v -0.843204 5.399257 -0.731329
v -0.833492 5.399257 -0.703192
v -0.837597 5.399257 -0.723790
v -0.826778 5.383008 -0.702144
v -0.837806 5.383008 -0.757476
v -0.828256 5.383008 -0.729810
v -0.832292 5.383008 -0.750063
v -0.933222 5.405204 0.503843
v -0.921915 5.405204 0.560579
v -0.931707 5.405204 0.532211
v -0.927569 5.405204 0.552978
v -0.947459 5.360812 0.577318
v -0.936558 5.360812 0.632014
v -0.945998 5.360812 0.604666
v -0.942008 5.360812 0.624686
v -0.940340 5.399257 0.540023
v -0.929125 5.399257 0.596296
v -0.938838 5.399257 0.568160
v -0.934733 5.399257 0.588757
v -0.945551 5.383008 0.567111
v -0.934524 5.383008 0.622444
v -0.944074 5.383008 0.594777
v -0.940038 5.383008 0.615030
v -0.850415 5.405204 0.560579
v -0.839107 5.405204 0.503843
v -0.844761 5.405204 0.552978
v -0.840622 5.405204 0.532211
v -0.835771 5.360812 0.632014
v -0.824871 5.360812 0.577318
v -0.830321 5.360812 0.624686
v -0.826331 5.360812 0.604666
v -0.843204 5.399257 0.596296
v -0.831989 5.399257 0.540023
v -0.837597 5.399257 0.588757
v -0.833492 5.399257 0.568160
v -0.837806 5.383008 0.622444
v -0.826778 5.383008 0.567111
v -0.832292 5.383008 0.615030
v -0.828256 5.383008 0.594777
v -0.940374 4.745138 -0.707891
v -0.947459 4.769605 -0.712562
v -0.943917 4.748416 -0.710230
v -0.946510 4.757371 -0.711940
v -0.935669 4.745138 -0.731500
v -0.936600 4.769605 -0.767047
v -0.936135 4.748416 -0.749273
v -0.936476 4.757371 -0.762285
v -0.939653 4.745138 -0.721408
v -0.946004 4.769605 -0.739805
v -0.942828 4.748416 -0.730608
v -0.945153 4.757371 -0.737342
v -0.938363 4.745138 -0.727878
v -0.942030 4.769605 -0.759747
v -0.940197 4.748416 -0.743813
v -0.941539 4.757371 -0.755478
v -0.836660 4.745138 -0.731500
v -0.835729 4.769605 -0.767047
v -0.836194 4.748416 -0.749273
v -0.835853 4.757371 -0.762285
v -0.831955 4.745138 -0.707891
v -0.824871 4.769605 -0.712562
v -0.828413 4.748416 -0.710230
v -0.825820 4.757371 -0.711940
v -0.833966 4.745138 -0.727878
v -0.830300 4.769605 -0.759747
v -0.832133 4.748416 -0.743813
v -0.830791 4.757371 -0.755478
v -0.832677 4.745138 -0.721408
v -0.826326 4.769605 -0.739805
v -0.829501 4.748416 -0.730608
v -0.827176 4.757371 -0.737342
v -0.935669 4.745138 0.596467
v -0.936600 4.769605 0.632014
v -0.936135 4.748416 0.614240
v -0.936476 4.757371 0.627252
v -0.940374 4.745138 0.572858
v -0.947459 4.769605 0.577529
v -0.943917 4.748416 0.575197
v -0.946510 4.757371 0.576907
v -0.938363 4.745138 0.592845
v -0.942030 4.769605 0.624714
v -0.940197 4.748416 0.608780
v -0.941539 4.757371 0.620445
v -0.939653 4.745138 0.586375
v -0.946004 4.769605 0.604772
v -0.942828 4.748416 0.595575
v -0.945153 4.757371 0.602309
v -0.831955 4.745138 0.572858
v -0.824871 4.769605 0.577529
v -0.828413 4.748416 0.575197
v -0.825820 4.757371 0.576907
v -0.836660 4.745138 0.596467
v -0.835729 4.769605 0.632014
v -0.836194 4.748416 0.614240
v -0.835853 4.757371 0.627252
v -0.832677 4.745138 0.586375
v -0.826326 4.769605 0.604772
v -0.829501 4.748416 0.595575
v -0.827176 4.757371 0.602309
v -0.833966 4.745138 0.592845
v -0.830300 4.769605 0.624714
v -0.832133 4.748416 0.608780
v -0.830791 4.757371 0.620445
vn -0.9952 0.0955 0.0217
vn -0.9952 0.0955 -0.0217
vn -0.9985 0.0478 -0.0282
vn -0.9985 0.0478 0.0282
vn -0.3851 0.9229 0.0054
vn -0.3851 0.9229 -0.0054
vn -0.8666 0.4986 -0.0176
vn -0.8666 0.4986 0.0176
vn 0.9912 0.0642 -0.1160
vn 0.9925 -0.0442 -0.1142
vn 0.9428 -0.0727 -0.3254
vn 0.9419 0.1038 -0.3196
vn -0.5684 0.1921 -0.8000
vn -0.5442 -0.1585 -0.8238
vn -0.9428 -0.0727 -0.3254
vn -0.9419 0.1038 -0.3196
vn -0.9925 -0.0442 0.1142
vn -0.9912 0.0642 0.1160
vn -0.9989 -0.0383 0.0262
vn 0.0292 0.9961 0.0828
vn 0.1592 0.9852 0.0629
vn 0.3049 0.9519 0.0307
vn 0.3851 0.9229 0.0054
vn 0.3851 0.9229 -0.0054
vn 0.3049 0.9519 -0.0307
vn 0.1592 0.9852 -0.0629
vn 0.0292 0.9961 -0.0828
vn -0.0292 0.9961 -0.0828
vn -0.1592 0.9852 -0.0629
vn -0.3049 0.9519 -0.0307
vn -0.3049 0.9519 0.0307
vn -0.1592 0.9852 0.0629
vn -0.0292 0.9961 0.0828
vn -0.9347 0.3541 -0.0326
vn -0.9347 0.3541 0.0326
vn -0.1650 0.9320 -0.3228
vn 0.1650 0.9320 -0.3228
vn 0.3783 0.8192 -0.4310
vn -0.3783 0.8192 -0.4310
vn 0.9952 0.0955 -0.0217
vn 0.9952 0.0955 0.0217
vn 0.9985 0.0478 0.0282
vn 0.9985 0.0478 -0.0282
vn -0.1650 0.9320 0.3228
vn 0.1650 0.9320 0.3228
vn 0.8666 0.4986 -0.0176
vn 0.8666 0.4986 0.0176
vn 0.9347 0.3541 0.0326
vn 0.9347 0.3541 -0.0326
vn 0.4430 0.3889 0.8078
vn -0.4430 0.3889 0.8078
vn -0.5684 0.1921 0.8000
vn 0.5684 0.1921 0.8000
vn -0.3783 0.8192 0.4310
vn 0.3783 0.8192 0.4310
vn -0.4430 0.3889 -0.8078
vn 0.4430 0.3889 -0.8078
vn 0.5684 0.1921 -0.8000
vn -0.9925 -0.0442 -0.1142
vn -0.9912 0.0642 -0.1160
vn -0.7953 0.6003 -0.0850
vn -0.5662 0.7970 -0.2104
vn 0.7953 0.6003 -0.0850
vn 0.5662 0.7970 -0.2104
vn -0.8803 0.4617 -0.1087
vn -0.7412 0.6275 -0.2384
vn 0.8803 0.4617 -0.1087
vn 0.7412 0.6275 -0.2384
vn -0.9851 0.1337 -0.1083
vn -0.9163 0.2253 -0.3310
vn 0.9851 0.1337 -0.1083
vn 0.9163 0.2253 -0.3310
vn 0.5662 0.7970 0.2104
vn 0.7953 0.6003 0.0850
vn 0.7412 0.6275 0.2384
vn 0.8803 0.4617 0.1087
vn 0.9419 0.1038 0.3196
vn 0.9163 0.2253 0.3310
vn 0.9912 0.0642 0.1160
vn 0.9851 0.1337 0.1083
vn -0.7953 0.6003 0.0850
vn -0.5662 0.7970 0.2104
vn -0.8803 0.4617 0.1087
vn -0.7412 0.6275 0.2384
vn -0.9851 0.1337 0.1083
vn -0.9419 0.1038 0.3196
vn -0.9163 0.2253 0.3310
vn 0.5442 -0.1585 0.8238
vn -0.5442 -0.1585 0.8238
vn 0.9925 -0.0442 0.1142
vn 0.9989 -0.0383 0.0262
vn -0.9428 -0.0727 0.3254
vn 0.5442 -0.1585 -0.8238
vn -0.9989 -0.0383 -0.0262
vn 0.9989 -0.0383 -0.0262
vn 0.9428 -0.0727 0.3254
vn -0.2475 -0.9651 0.0854
vn -0.0633 -0.9934 0.0959
vn -0.2421 -0.8984 0.3664
vn -0.4040 -0.9040 0.1395
vn -0.8224 -0.4930 0.2839
vn -0.3471 -0.7767 0.5255
vn -0.9346 -0.1501 0.3226
vn -0.5234 -0.3137 0.7922
vn -0.4055 -0.9129 0.0467
vn -0.6106 -0.7888 0.0703
vn -0.9395 -0.3252 0.1081
vn -0.9893 -0.0917 0.1138
vn -0.4358 -0.9000 0.0114
vn -0.8982 -0.4389 0.0236
vn -0.9589 -0.2825 0.0252
vn -0.9966 -0.0786 0.0262
vn -0.0633 -0.9934 -0.0959
vn -0.2475 -0.9651 -0.0854
vn -0.4040 -0.9040 -0.1395
vn -0.2421 -0.8984 -0.3664
vn -0.8224 -0.4930 -0.2839
vn -0.3471 -0.7767 -0.5255
vn -0.5234 -0.3137 -0.7922
vn -0.9346 -0.1501 -0.3226
vn -0.4055 -0.9129 -0.0467
vn -0.6106 -0.7888 -0.0703
vn -0.9395 -0.3252 -0.1081
vn -0.9893 -0.0917 -0.1138
vn -0.4358 -0.9000 -0.0114
vn -0.8982 -0.4389 -0.0236
vn -0.9589 -0.2825 -0.0252
vn -0.9966 -0.0786 -0.0262
vn 0.4358 -0.9000 -0.0114
vn 0.4055 -0.9129 -0.0467
vn 0.6106 -0.7888 -0.0703
vn 0.8982 -0.4389 -0.0236
vn 0.9395 -0.3252 -0.1081
vn 0.9589 -0.2825 -0.0252
vn 0.9966 -0.0786 -0.0262
vn 0.9893 -0.0917 -0.1138
vn 0.2475 -0.9651 -0.0854
vn 0.4040 -0.9040 -0.1395
vn 0.8224 -0.4930 -0.2839
vn 0.9346 -0.1501 -0.3226
vn 0.0633 -0.9934 -0.0959
vn 0.2421 -0.8984 -0.3664
vn 0.3471 -0.7767 -0.5255
vn 0.5234 -0.3137 -0.7922
vn 0.0633 -0.9934 0.0959
vn 0.2475 -0.9651 0.0854
vn 0.4040 -0.9040 0.1395
vn 0.2421 -0.8984 0.3664
vn 0.8224 -0.4930 0.2839
vn 0.3471 -0.7767 0.5255
vn 0.5234 -0.3137 0.7922
vn 0.9346 -0.1501 0.3226
vn 0.4055 -0.9129 0.0467
vn 0.6106 -0.7888 0.0703
vn 0.9395 -0.3252 0.1081
vn 0.9893 -0.0917 0.1138
vn 0.4358 -0.9000 0.0114
vn 0.8982 -0.4389 0.0236
vn 0.9589 -0.2825 0.0252
vn 0.9966 -0.0786 0.0262
vt 0.874500 0.680709
vt 0.898924 0.680709
vt 0.899438 0.682384
vt 0.873986 0.682384
vt 0.877684 0.677547
vt 0.895740 0.677547
vt 0.897561 0.679344
vt 0.875863 0.679344
vt 0.903434 0.650184
vt 0.946215 0.650184
vt 0.946215 0.651556
vt 0.903434 0.651561
vt 0.903434 0.678389
vt 0.946215 0.678400
vt 0.946215 0.679771
vt 0.903434 0.679765
vt 0.872605 0.725165
vt 0.872610 0.682384
vt 0.873976 0.725165
vt 0.874829 0.656635
vt 0.875197 0.655207
vt 0.876256 0.654148
vt 0.877684 0.653780
vt 0.895740 0.653780
vt 0.897168 0.654148
vt 0.898227 0.655207
vt 0.898596 0.656635
vt 0.898596 0.674691
vt 0.898227 0.676119
vt 0.897168 0.677178
vt 0.876256 0.677178
vt 0.875197 0.676119
vt 0.874829 0.674691
vt 0.900393 0.676512
vt 0.900393 0.654814
vt 0.901758 0.653451
vt 0.901758 0.677875
vt 0.898924 0.650617
vt 0.874500 0.650617
vt 0.873986 0.648942
vt 0.899438 0.648942
vt 0.873031 0.676512
vt 0.873031 0.654814
vt 0.897561 0.651982
vt 0.875863 0.651982
vt 0.871666 0.653451
vt 0.871666 0.677875
vt 0.869991 0.678389
vt 0.869991 0.652937
vt 0.903434 0.652937
vt 0.946215 0.681142
vt 0.903434 0.681142
vt 0.898977 0.679057
vt 0.900106 0.677928
vt 0.898977 0.652270
vt 0.900106 0.653398
vt 0.900317 0.680496
vt 0.901545 0.679268
vt 0.900317 0.650830
vt 0.901545 0.652059
vt 0.901709 0.680709
vt 0.902060 0.681930
vt 0.902979 0.681011
vt 0.901758 0.680660
vt 0.901653 0.679268
vt 0.903330 0.679765
vt 0.902060 0.649396
vt 0.901709 0.650617
vt 0.901758 0.650666
vt 0.902979 0.650315
vt 0.903330 0.651561
vt 0.901653 0.652058
vt 0.873319 0.653398
vt 0.874447 0.652270
vt 0.871879 0.652059
vt 0.873107 0.650830
vt 0.870445 0.650315
vt 0.871666 0.650666
vt 0.871715 0.650617
vt 0.871364 0.649396
vt 0.872610 0.649046
vt 0.873107 0.650722
vt 0.874447 0.679057
vt 0.873319 0.677928
vt 0.873107 0.680496
vt 0.871879 0.679268
vt 0.872610 0.682281
vt 0.873107 0.680604
vt 0.871364 0.681930
vt 0.871715 0.680709
vt 0.871666 0.680660
vt 0.870445 0.681011
vt 0.827210 0.652927
vt 0.827210 0.678400
vt 0.872610 0.648942
vt 0.872605 0.606161
vt 0.873976 0.606161
vt 0.871233 0.725165
vt 0.871233 0.682384
vt 0.946215 0.652927
vt 0.899449 0.725165
vt 0.899449 0.606161
vt 0.869991 0.681142
vt 0.827210 0.681142
vt 0.902191 0.606161
vt 0.902191 0.648942
vt 0.871233 0.648942
vt 0.871233 0.606161
vt 0.827210 0.650184
vt 0.869991 0.650184
vt 0.902191 0.682384
vt 0.902191 0.725165
vt 0.873205 0.575730
vt 0.873023 0.576410
vt 0.872128 0.576292
vt 0.872403 0.575267
vt 0.871242 0.576144
vt 0.871584 0.574866
vt 0.825439 0.681017
vt 0.825439 0.678461
vt 0.873530 0.575404
vt 0.873067 0.574602
vt 0.871646 0.574758
vt 0.872559 0.573846
vt 0.872542 0.726936
vt 0.871295 0.726936
vt 0.874211 0.575222
vt 0.874093 0.574327
vt 0.872666 0.573784
vt 0.873945 0.573441
vt 0.873945 0.726936
vt 0.872666 0.726936
vt 0.900402 0.576410
vt 0.900219 0.575730
vt 0.901021 0.575267
vt 0.901296 0.576292
vt 0.901840 0.574866
vt 0.902183 0.576144
vt 0.947985 0.678430
vt 0.947985 0.679709
vt 0.899894 0.575404
vt 0.900357 0.574602
vt 0.900865 0.573846
vt 0.901778 0.574758
vt 0.947985 0.679833
vt 0.947985 0.681080
vt 0.899214 0.575222
vt 0.899331 0.574327
vt 0.899479 0.573441
vt 0.900758 0.573784
vt 0.902066 0.726936
vt 0.899510 0.726936
vt 0.899214 0.602601
vt 0.899894 0.602419
vt 0.900357 0.603221
vt 0.899331 0.603496
vt 0.900758 0.604040
vt 0.899479 0.604382
vt 0.899510 0.604390
vt 0.902066 0.604390
vt 0.900219 0.602093
vt 0.901021 0.602556
vt 0.901778 0.603065
vt 0.900865 0.603978
vt 0.947985 0.650247
vt 0.947985 0.651493
vt 0.900402 0.601413
vt 0.901296 0.601531
vt 0.902183 0.601679
vt 0.901840 0.602957
vt 0.947985 0.651617
vt 0.947985 0.652896
vt 0.873023 0.601413
vt 0.873205 0.602093
vt 0.872403 0.602556
vt 0.872128 0.601531
vt 0.871584 0.602957
vt 0.871242 0.601679
vt 0.825439 0.652866
vt 0.825439 0.650309
vt 0.873530 0.602419
vt 0.873067 0.603221
vt 0.872559 0.603978
vt 0.871646 0.603065
vt 0.871295 0.604390
vt 0.872542 0.604390
vt 0.874211 0.602601
vt 0.874093 0.603496
vt 0.873976 0.605275
vt 0.872666 0.605275
vt 0.947985 0.652958
vt 0.947985 0.678368
vt 0.902191 0.576206
vt 0.902191 0.601617
vt 0.899417 0.605275
vt 0.825439 0.678368
vt 0.825439 0.652958
vt 0.871233 0.601617
vt 0.871233 0.576206
vt 0.899417 0.726936
vt 0.874007 0.726936
vt 0.874007 0.573433
vt 0.899417 0.573433
s 1
usemtl Material
f 1453/2170/1765 1422/2171/1766 1414/2172/1767 1445/2173/1768
f 1441/2174/1769 1410/2175/1770 1418/2176/1771 1449/2177/1772
f 1431/2178/1773 1502/2179/1774 1498/2180/1775 1432/2181/1776
f 1413/2182/1777 1478/2183/1778 1486/2184/1779 1415/2185/1780
f 1518/2186/1781 1447/2187/1782 1445/2173/1768 1510/2188/1783
f 1457/2189/1784 1459/2190/1785 1460/2191/1786 1458/2192/1787 1425/2193/1788 1427/2194/1789 1428/2195/1790 1426/2196/1791 1409/2197/1792 1411/2198/1793 1412/2199/1794 1410/2175/1770 1441/2174/1769 1443/2200/1795 1444/2201/1796 1442/2202/1797
f 1449/2177/1772 1418/2176/1771 1422/2171/1798 1453/2170/1799
f 1417/2203/1800 1434/2204/1801 1438/2205/1802 1421/2206/1803
f 1437/2207/1804 1470/2208/1805 1462/2209/1806 1429/2210/1807
f 1457/2189/1784 1442/2202/1797 1450/2211/1808 1465/2212/1809
f 1433/2213/1810 1466/2214/1811 1470/2208/1812 1437/2207/1813
f 1469/2215/1814 1454/2216/1815 1446/2217/1816 1461/2218/1817
f 1465/2212/1809 1450/2211/1808 1454/2216/1818 1469/2215/1819
f 1409/2197/1792 1426/2196/1791 1434/2204/1801 1417/2203/1800
f 1425/2193/1788 1458/2192/1787 1466/2214/1811 1433/2213/1810
f 1421/2206/1820 1438/2205/1821 1430/2219/1822 1413/2182/1777
f 1415/2185/1780 1486/2184/1779 1482/2220/1823 1416/2221/1824
f 1418/2176/1771 1410/2175/1770 1412/2199/1794 1420/2222/1825
f 1420/2222/1825 1412/2199/1794 1411/2198/1793 1419/2223/1826
f 1419/2223/1826 1411/2198/1793 1409/2197/1792 1417/2203/1800
f 1425/2193/1788 1433/2213/1810 1435/2224/1827 1427/2194/1789
f 1427/2194/1789 1435/2224/1827 1436/2225/1828 1428/2195/1790
f 1428/2195/1790 1436/2225/1828 1434/2204/1801 1426/2196/1791
f 1422/2171/1798 1418/2176/1771 1420/2222/1825 1424/2226/1829
f 1424/2226/1829 1420/2222/1825 1419/2223/1826 1423/2227/1830
f 1423/2227/1830 1419/2223/1826 1417/2203/1800 1421/2206/1803
f 1433/2213/1810 1437/2207/1813 1439/2228/1831 1435/2224/1827
f 1435/2224/1827 1439/2228/1831 1440/2229/1832 1436/2225/1828
f 1436/2225/1828 1440/2229/1832 1438/2205/1802 1434/2204/1801
f 1414/2172/1767 1422/2171/1766 1424/2230/1833 1416/2231/1824
f 1416/2232/1824 1424/2233/1833 1423/2234/1834 1415/2235/1780
f 1415/2235/1780 1423/2234/1834 1421/2206/1820 1413/2182/1777
f 1437/2207/1804 1429/2210/1807 1431/2236/1773 1439/2237/1835
f 1439/2238/1835 1431/2239/1773 1432/2240/1776 1440/2241/1836
f 1440/2241/1836 1432/2240/1776 1430/2219/1822 1438/2205/1821
f 1457/2189/1784 1465/2212/1809 1467/2242/1837 1459/2190/1785
f 1459/2190/1785 1467/2242/1837 1468/2243/1838 1460/2191/1786
f 1460/2191/1786 1468/2243/1838 1466/2214/1811 1458/2192/1787
f 1465/2212/1809 1469/2215/1819 1471/2244/1839 1467/2242/1837
f 1467/2242/1837 1471/2244/1839 1472/2245/1840 1468/2243/1838
f 1468/2243/1838 1472/2245/1840 1470/2208/1812 1466/2214/1811
f 1469/2215/1814 1461/2218/1817 1463/2246/1841 1471/2247/1842
f 1471/2248/1842 1463/2249/1841 1464/2250/1843 1472/2251/1844
f 1472/2251/1844 1464/2250/1843 1462/2209/1806 1470/2208/1805
f 1441/2174/1769 1449/2177/1772 1451/2252/1845 1443/2200/1795
f 1443/2200/1795 1451/2252/1845 1452/2253/1846 1444/2201/1796
f 1444/2201/1796 1452/2253/1846 1450/2211/1808 1442/2202/1797
f 1449/2177/1772 1453/2170/1799 1455/2254/1847 1451/2252/1845
f 1451/2252/1845 1455/2254/1847 1456/2255/1848 1452/2253/1846
f 1452/2253/1846 1456/2255/1848 1454/2216/1818 1450/2211/1808
f 1453/2170/1765 1445/2173/1768 1447/2256/1782 1455/2257/1849
f 1455/2257/1849 1447/2256/1782 1448/2258/1850 1456/2259/1851
f 1456/2260/1851 1448/2261/1850 1446/2217/1816 1454/2216/1815
f 1526/2262/1852 1461/2218/1817 1446/2217/1816 1506/2263/1853
f 1464/2264/1843 1530/2265/1854 1522/2266/1855 1462/2209/1806
f 1514/2267/1856 1448/2268/1850 1447/2187/1782 1518/2186/1781
f 1478/2183/1778 1413/2182/1777 1430/2219/1822 1490/2269/1857
f 1432/2181/1776 1498/2180/1775 1490/2269/1857 1430/2219/1822
f 1510/2188/1783 1445/2173/1768 1414/2172/1767 1474/2270/1858
f 1494/2271/1859 1429/2210/1807 1462/2209/1806 1522/2266/1855
f 1506/2263/1853 1446/2217/1816 1448/2272/1850 1514/2273/1856
f 1429/2210/1807 1494/2271/1859 1502/2274/1774 1431/2275/1773
f 1463/2276/1841 1534/2277/1860 1530/2265/1854 1464/2264/1843
f 1461/2218/1817 1526/2262/1852 1534/2278/1860 1463/2279/1841
f 1416/2280/1824 1482/2281/1823 1474/2270/1858 1414/2172/1767
f 1513/2282/1861 1505/2283/1862 1507/2284/1863 1515/2285/1864
f 1515/2285/1865 1507/2284/1863 1508/2286/1866 1516/2287/1865
f 1516/2288/1867 1508/2289/1868 1506/2263/1853 1514/2273/1856
f 1517/2290/1869 1513/2282/1861 1515/2285/1864 1519/2291/1870
f 1519/2291/1871 1515/2285/1865 1516/2292/1865 1520/2293/1871
f 1520/2294/1872 1516/2295/1867 1514/2267/1856 1518/2186/1781
f 1509/2296/1873 1517/2290/1869 1519/2291/1870 1511/2297/1874
f 1511/2297/1874 1519/2291/1871 1520/2298/1871 1512/2299/1875
f 1512/2300/1876 1520/2301/1872 1518/2186/1781 1510/2188/1783
f 1477/2302/1877 1485/2303/1878 1487/2304/1879 1479/2305/1880
f 1479/2305/1880 1487/2304/1881 1488/2306/1881 1480/2307/1882
f 1480/2308/1883 1488/2309/1884 1486/2184/1779 1478/2183/1778
f 1485/2303/1878 1481/2310/1885 1483/2311/1886 1487/2304/1879
f 1487/2304/1881 1483/2311/1887 1484/2312/1887 1488/2313/1881
f 1488/2314/1884 1484/2315/1888 1482/2220/1823 1486/2184/1779
f 1481/2310/1885 1473/2316/1889 1475/2317/1890 1483/2311/1886
f 1483/2311/1887 1475/2317/1890 1476/2318/1891 1484/2319/1887
f 1484/2320/1888 1476/2321/1892 1474/2270/1858 1482/2281/1823
f 1493/2322/1893 1501/2323/1894 1503/2324/1895 1495/2325/1896
f 1495/2325/1896 1503/2324/1897 1504/2326/1897 1496/2327/1898
f 1496/2328/1899 1504/2329/1900 1502/2274/1774 1494/2271/1859
f 1501/2323/1894 1497/2330/1901 1499/2331/1902 1503/2324/1895
f 1503/2324/1897 1499/2331/1903 1500/2332/1903 1504/2333/1897
f 1504/2334/1900 1500/2335/1904 1498/2180/1775 1502/2179/1774
f 1497/2330/1901 1489/2336/1905 1491/2337/1906 1499/2331/1902
f 1499/2331/1903 1491/2337/1906 1492/2338/1907 1500/2339/1903
f 1500/2340/1904 1492/2341/1908 1490/2269/1857 1498/2180/1775
f 1525/2342/1909 1533/2343/1910 1535/2344/1911 1527/2345/1912
f 1527/2345/1912 1535/2344/1913 1536/2346/1913 1528/2347/1914
f 1528/2348/1915 1536/2349/1916 1534/2278/1860 1526/2262/1852
f 1533/2343/1910 1529/2350/1917 1531/2351/1918 1535/2344/1911
f 1535/2344/1913 1531/2351/1919 1532/2352/1919 1536/2353/1913
f 1536/2354/1916 1532/2355/1920 1530/2265/1854 1534/2277/1860
f 1529/2350/1917 1521/2356/1921 1523/2357/1922 1531/2351/1918
f 1531/2351/1919 1523/2357/1922 1524/2358/1923 1532/2359/1919
f 1532/2359/1920 1524/2358/1924 1522/2266/1855 1530/2265/1854
f 1478/2183/1778 1490/2269/1857 1492/2360/1908 1480/2361/1883
f 1480/2362/1882 1492/2363/1907 1491/2337/1906 1479/2305/1880
f 1479/2305/1880 1491/2337/1906 1489/2336/1905 1477/2302/1877
f 1494/2271/1859 1522/2266/1855 1524/2358/1924 1496/2364/1899
f 1496/2364/1898 1524/2358/1923 1523/2357/1922 1495/2325/1896
f 1495/2325/1896 1523/2357/1922 1521/2356/1921 1493/2322/1893
f 1526/2262/1852 1506/2263/1853 1508/2365/1868 1528/2366/1915
f 1528/2367/1914 1508/2368/1866 1507/2284/1863 1527/2345/1912
f 1527/2345/1912 1507/2284/1863 1505/2283/1862 1525/2342/1909
f 1510/2188/1783 1474/2270/1858 1476/2369/1892 1512/2370/1876
f 1512/2371/1875 1476/2372/1891 1475/2317/1890 1511/2297/1874
f 1511/2297/1874 1475/2317/1890 1473/2316/1889 1509/2296/1873
f 1489/2336/1905 1497/2330/1901 1501/2323/1894 1493/2322/1893 1521/2356/1921 1529/2350/1917 1533/2343/1910 1525/2342/1909 1505/2283/1862 1513/2282/1861 1517/2290/1869 1509/2296/1873 1473/2316/1889 1481/2310/1885 1485/2303/1878 1477/2302/1877
o Building.006
v -0.815277 -0.186790 -0.707001
v -0.630748 -0.186790 -0.891530
v -0.790555 -0.186790 -0.799265
v -0.723012 -0.186790 -0.866807
v -1.047614 0.022983 -0.945972
v -0.869719 0.022983 -1.123867
v -1.023781 0.022983 -1.034920
v -0.958667 0.022983 -1.100034
v -0.931445 -0.158686 -0.824673
v -0.748421 -0.158686 -1.007698
v -0.906925 -0.158686 -0.916186
v -0.839933 -0.158686 -0.983177
v -1.016487 -0.081904 -0.912774
v -0.836521 -0.081904 -1.092739
v -0.992376 -0.081904 -1.002757
v -0.926504 -0.081904 -1.068629
v -0.630748 -0.186790 0.644388
v -0.815277 -0.186790 0.459859
v -0.723012 -0.186790 0.619666
v -0.790555 -0.186790 0.552123
v -0.869719 0.022983 0.876725
v -1.047614 0.022983 0.698830
v -0.958667 0.022983 0.852892
v -1.023781 0.022983 0.787778
v -0.748421 -0.158686 0.760556
v -0.931445 -0.158686 0.577532
v -0.839933 -0.158686 0.736036
v -0.906925 -0.158686 0.669044
v -0.836521 -0.081904 0.845598
v -1.016487 -0.081904 0.665632
v -0.926504 -0.081904 0.821487
v -0.992376 -0.081904 0.755615
v 0.536112 -0.186790 -0.891530
v 0.720640 -0.186790 -0.707001
v 0.628376 -0.186790 -0.866807
v 0.695918 -0.186790 -0.799265
v 0.775083 0.022983 -1.123867
v 0.952978 0.022983 -0.945972
v 0.864030 0.022983 -1.100034
v 0.929144 0.022983 -1.034920
v 0.653784 -0.158686 -1.007698
v 0.836809 -0.158686 -0.824673
v 0.745297 -0.158686 -0.983177
v 0.812288 -0.158686 -0.916186
v 0.741885 -0.081904 -1.092739
v 0.921850 -0.081904 -0.912774
v 0.831868 -0.081904 -1.068629
v 0.897740 -0.081904 -1.002757
v 0.720640 -0.186790 0.459859
v 0.536112 -0.186790 0.644388
v 0.695918 -0.186790 0.552123
v 0.628376 -0.186790 0.619666
v 0.952978 0.022983 0.698830
v 0.775083 0.022983 0.876725
v 0.929144 0.022983 0.787778
v 0.864030 0.022983 0.852892
v 0.836809 -0.158686 0.577532
v 0.653784 -0.158686 0.760556
v 0.812288 -0.158686 0.669044
v 0.745297 -0.158686 0.736036
v 0.921850 -0.081904 0.665632
v 0.741885 -0.081904 0.845598
v 0.897740 -0.081904 0.755615
v 0.831868 -0.081904 0.821487
v -0.702667 5.825408 -0.841205
v -0.714991 5.731624 -0.934990
v -0.708837 5.812844 -0.888098
v -0.713348 5.778516 -0.922425
v -0.764953 5.825408 -0.778919
v -0.858737 5.731624 -0.791243
v -0.811845 5.812844 -0.785089
v -0.846173 5.778516 -0.789600
v -0.738329 5.825408 -0.831650
v -0.786864 5.731624 -0.915731
v -0.762601 5.812844 -0.873692
v -0.780366 5.778516 -0.904468
v -0.755397 5.825408 -0.814581
v -0.839479 5.731624 -0.863116
v -0.797439 5.812844 -0.838853
v -0.828215 5.778516 -0.856618
v -0.764953 5.825408 0.531779
v -0.858737 5.731624 0.544102
v -0.811845 5.812843 0.537949
v -0.846173 5.778516 0.542460
v -0.702667 5.825408 0.594065
v -0.714991 5.731624 0.687849
v -0.708837 5.812843 0.640957
v -0.713348 5.778516 0.675284
v -0.755397 5.825408 0.567441
v -0.839479 5.731624 0.615976
v -0.797439 5.812843 0.591712
v -0.828215 5.778516 0.609477
v -0.738329 5.825408 0.584509
v -0.786864 5.731624 0.668591
v -0.762601 5.812843 0.626551
v -0.780366 5.778516 0.657327
v 0.670317 5.825408 -0.778919
v 0.764101 5.731624 -0.791243
v 0.717209 5.812844 -0.785089
v 0.751536 5.778516 -0.789600
v 0.608031 5.825408 -0.841205
v 0.620354 5.731624 -0.934990
v 0.614201 5.812844 -0.888098
v 0.618712 5.778516 -0.922425
v 0.660761 5.825408 -0.814581
v 0.744843 5.731624 -0.863116
v 0.702803 5.812844 -0.838853
v 0.733579 5.778516 -0.856618
v 0.643693 5.825408 -0.831650
v 0.692228 5.731624 -0.915731
v 0.667965 5.812844 -0.873692
v 0.685730 5.778516 -0.904468
v 0.608031 5.825408 0.594065
v 0.620354 5.731624 0.687849
v 0.614201 5.812843 0.640957
v 0.618712 5.778516 0.675284
v 0.670317 5.825408 0.531779
v 0.764101 5.731624 0.544102
v 0.717209 5.812843 0.537949
v 0.751536 5.778516 0.542460
v 0.643693 5.825408 0.584509
v 0.692228 5.731624 0.668591
v 0.667965 5.812843 0.626551
v 0.685730 5.778516 0.657327
v 0.660761 5.825408 0.567441
v 0.744843 5.731624 0.615976
v 0.702803 5.812843 0.591712
v 0.733579 5.778516 0.609477
vn 0.1032 -0.3129 -0.9442
vn -0.1032 -0.3129 -0.9442
vn -0.1397 -0.1435 -0.9797
vn 0.1397 -0.1435 -0.9797
vn 0.0084 -0.9927 -0.1199
vn -0.0084 -0.9927 -0.1199
vn -0.0457 -0.8923 -0.4491
vn 0.0457 -0.8923 -0.4491
vn -0.5000 -0.1683 0.8495
vn -0.4933 0.1533 0.8562
vn -0.8562 0.1533 0.4933
vn -0.8495 -0.1683 0.5000
vn -0.9797 -0.1435 -0.1397
vn -0.9806 0.1482 -0.1281
vn -0.8562 0.1533 -0.4933
vn -0.8495 -0.1683 -0.5000
vn 0.4933 0.1533 -0.8562
vn 0.5000 -0.1683 -0.8495
vn 0.1281 0.1482 -0.9806
vn 0.1199 -0.9927 0.0084
vn 0.0922 -0.9946 0.0465
vn 0.0465 -0.9946 0.0922
vn 0.0084 -0.9927 0.1199
vn -0.0084 -0.9927 0.1199
vn -0.0465 -0.9946 0.0922
vn -0.0922 -0.9946 0.0465
vn -0.1199 -0.9927 0.0084
vn -0.1199 -0.9927 -0.0084
vn -0.0922 -0.9946 -0.0465
vn -0.0465 -0.9946 -0.0922
vn 0.0465 -0.9946 -0.0922
vn 0.0922 -0.9946 -0.0465
vn 0.1199 -0.9927 -0.0084
vn -0.1056 -0.7900 -0.6039
vn 0.1056 -0.7900 -0.6039
vn -0.4491 -0.8923 -0.0457
vn -0.4491 -0.8923 0.0457
vn -0.6039 -0.7900 0.1056
vn -0.6039 -0.7900 -0.1056
vn -0.1032 -0.3129 0.9442
vn 0.1032 -0.3129 0.9442
vn 0.1397 -0.1435 0.9797
vn -0.1397 -0.1435 0.9797
vn 0.4491 -0.8923 -0.0457
vn 0.4491 -0.8923 0.0457
vn -0.0457 -0.8923 0.4491
vn 0.0457 -0.8923 0.4491
vn 0.1056 -0.7900 0.6039
vn -0.1056 -0.7900 0.6039
vn 0.9442 -0.3129 0.1032
vn 0.9442 -0.3129 -0.1032
vn 0.9797 -0.1435 -0.1397
vn 0.9797 -0.1435 0.1397
vn 0.6039 -0.7900 -0.1056
vn 0.6039 -0.7900 0.1056
vn -0.9442 -0.3129 -0.1032
vn -0.9442 -0.3129 0.1032
vn -0.9797 -0.1435 0.1397
vn -0.4933 0.1533 -0.8562
vn -0.5000 -0.1683 -0.8495
vn -0.1886 -0.9169 -0.3517
vn -0.3517 -0.9169 -0.1886
vn -0.1886 -0.9169 0.3517
vn -0.3517 -0.9169 0.1886
vn -0.2868 -0.8387 -0.4630
vn -0.4630 -0.8387 -0.2868
vn -0.2868 -0.8387 0.4630
vn -0.4630 -0.8387 0.2868
vn -0.4470 -0.3796 -0.8100
vn -0.8100 -0.3796 -0.4470
vn -0.4470 -0.3796 0.8100
vn -0.8100 -0.3796 0.4470
vn 0.3517 -0.9169 0.1886
vn 0.1886 -0.9169 0.3517
vn 0.4630 -0.8387 0.2868
vn 0.2868 -0.8387 0.4630
vn 0.8495 -0.1683 0.5000
vn 0.8100 -0.3796 0.4470
vn 0.5000 -0.1683 0.8495
vn 0.4470 -0.3796 0.8100
vn 0.1886 -0.9169 -0.3517
vn 0.3517 -0.9169 -0.1886
vn 0.2868 -0.8387 -0.4630
vn 0.4630 -0.8387 -0.2868
vn 0.4470 -0.3796 -0.8100
vn 0.8495 -0.1683 -0.5000
vn 0.8100 -0.3796 -0.4470
vn 0.9806 0.1482 0.1281
vn 0.9806 0.1482 -0.1281
vn 0.4933 0.1533 0.8562
vn 0.1281 0.1482 0.9806
vn 0.8562 0.1533 -0.4933
vn -0.9806 0.1482 0.1281
vn -0.1281 0.1482 -0.9806
vn -0.1281 0.1482 0.9806
vn 0.8562 0.1533 0.4933
vn 0.1272 0.9892 -0.0734
vn 0.1388 0.9901 -0.0183
vn 0.5086 0.8584 -0.0670
vn 0.2170 0.9681 -0.1253
vn 0.6017 0.7192 -0.3474
vn 0.6981 0.7101 -0.0919
vn 0.8345 0.2672 -0.4818
vn 0.9571 0.2609 -0.1260
vn 0.0734 0.9892 -0.1272
vn 0.1253 0.9681 -0.2170
vn 0.3474 0.7192 -0.6017
vn 0.4818 0.2672 -0.8345
vn 0.0183 0.9901 -0.1388
vn 0.0335 0.9665 -0.2546
vn 0.0919 0.7101 -0.6980
vn 0.0919 0.7101 -0.6981
vn 0.1260 0.2609 -0.9571
vn -0.1388 0.9901 -0.0183
vn -0.1272 0.9892 -0.0734
vn -0.2170 0.9681 -0.1253
vn -0.5086 0.8584 -0.0670
vn -0.6017 0.7192 -0.3474
vn -0.6981 0.7101 -0.0919
vn -0.9571 0.2609 -0.1260
vn -0.8345 0.2672 -0.4818
vn -0.0734 0.9892 -0.1272
vn -0.1253 0.9681 -0.2170
vn -0.3474 0.7192 -0.6017
vn -0.4818 0.2672 -0.8345
vn -0.0183 0.9901 -0.1388
vn -0.0335 0.9665 -0.2546
vn -0.0919 0.7101 -0.6980
vn -0.0919 0.7101 -0.6981
vn -0.1260 0.2609 -0.9571
vn -0.0183 0.9901 0.1388
vn -0.0734 0.9892 0.1272
vn -0.1253 0.9681 0.2170
vn -0.0670 0.8584 0.5086
vn -0.3474 0.7192 0.6017
vn -0.0919 0.7101 0.6981
vn -0.1260 0.2609 0.9571
vn -0.4818 0.2672 0.8345
vn -0.1272 0.9892 0.0734
vn -0.2170 0.9681 0.1253
vn -0.6017 0.7192 0.3474
vn -0.8345 0.2672 0.4818
vn -0.1388 0.9901 0.0183
vn -0.5086 0.8584 0.0670
vn -0.6981 0.7101 0.0919
vn -0.9571 0.2609 0.1260
vn 0.1388 0.9901 0.0183
vn 0.1272 0.9892 0.0734
vn 0.2170 0.9681 0.1253
vn 0.5086 0.8584 0.0670
vn 0.6017 0.7192 0.3474
vn 0.6981 0.7101 0.0919
vn 0.9571 0.2609 0.1260
vn 0.8345 0.2672 0.4818
vn 0.0734 0.9892 0.1272
vn 0.1253 0.9681 0.2170
vn 0.3474 0.7192 0.6017
vn 0.4818 0.2672 0.8345
vn 0.0183 0.9901 0.1388
vn 0.0670 0.8584 0.5086
vn 0.0919 0.7101 0.6981
vn 0.1260 0.2609 0.9571
vt 0.619898 0.124770
vt 0.632092 0.124770
vt 0.632348 0.125606
vt 0.619642 0.125606
vt 0.621488 0.123191
vt 0.630502 0.123191
vt 0.631411 0.124088
vt 0.620579 0.124088
vt 0.634343 0.109531
vt 0.655701 0.109531
vt 0.655701 0.110215
vt 0.634343 0.110218
vt 0.634343 0.123611
vt 0.655701 0.123617
vt 0.655701 0.124301
vt 0.634343 0.124299
vt 0.618952 0.146964
vt 0.618955 0.125606
vt 0.619637 0.146964
vt 0.620062 0.112751
vt 0.620246 0.112038
vt 0.620775 0.111510
vt 0.621488 0.111326
vt 0.630502 0.111326
vt 0.631215 0.111510
vt 0.631744 0.112038
vt 0.631928 0.112751
vt 0.631928 0.121765
vt 0.631744 0.122478
vt 0.631215 0.123007
vt 0.620775 0.123007
vt 0.620246 0.122478
vt 0.620062 0.121765
vt 0.632825 0.122674
vt 0.632825 0.111842
vt 0.633506 0.111161
vt 0.633506 0.123355
vt 0.632092 0.109747
vt 0.619898 0.109747
vt 0.619642 0.108910
vt 0.632348 0.108910
vt 0.619165 0.122674
vt 0.619165 0.111842
vt 0.631411 0.110428
vt 0.620579 0.110428
vt 0.618484 0.111161
vt 0.618484 0.123355
vt 0.617647 0.123611
vt 0.617647 0.110905
vt 0.634343 0.110905
vt 0.655701 0.124986
vt 0.634343 0.124986
vt 0.632118 0.123945
vt 0.632681 0.123381
vt 0.632118 0.110572
vt 0.632681 0.111135
vt 0.632787 0.124663
vt 0.633400 0.124050
vt 0.632787 0.109853
vt 0.633400 0.110466
vt 0.633482 0.124770
vt 0.633657 0.125379
vt 0.634116 0.124920
vt 0.633506 0.124745
vt 0.633454 0.124050
vt 0.634291 0.124299
vt 0.633657 0.109137
vt 0.633482 0.109747
vt 0.633506 0.109771
vt 0.634116 0.109596
vt 0.634291 0.110218
vt 0.633454 0.110466
vt 0.619309 0.111135
vt 0.619872 0.110572
vt 0.618590 0.110466
vt 0.619203 0.109853
vt 0.617874 0.109596
vt 0.618484 0.109771
vt 0.618508 0.109747
vt 0.618333 0.109137
vt 0.618955 0.108962
vt 0.619203 0.109799
vt 0.619872 0.123945
vt 0.619309 0.123381
vt 0.619203 0.124663
vt 0.618590 0.124050
vt 0.618955 0.125554
vt 0.619203 0.124717
vt 0.618333 0.125379
vt 0.618508 0.124770
vt 0.618484 0.124745
vt 0.617874 0.124920
vt 0.596289 0.110900
vt 0.596289 0.123617
vt 0.618955 0.108910
vt 0.618952 0.087553
vt 0.619637 0.087553
vt 0.618268 0.146964
vt 0.618268 0.125606
vt 0.655701 0.110900
vt 0.632353 0.146964
vt 0.632353 0.087553
vt 0.617647 0.124986
vt 0.596289 0.124986
vt 0.633722 0.087553
vt 0.633722 0.108910
vt 0.618268 0.108910
vt 0.618268 0.087553
vt 0.596289 0.109531
vt 0.617647 0.109531
vt 0.633722 0.125606
vt 0.633722 0.146964
vt 0.619252 0.072361
vt 0.619161 0.072700
vt 0.618714 0.072641
vt 0.618851 0.072129
vt 0.618272 0.072568
vt 0.618443 0.071929
vt 0.595406 0.124924
vt 0.595406 0.123647
vt 0.619414 0.072198
vt 0.619183 0.071798
vt 0.618474 0.071876
vt 0.618929 0.071420
vt 0.618921 0.147848
vt 0.618299 0.147848
vt 0.619754 0.072107
vt 0.619695 0.071660
vt 0.618983 0.071389
vt 0.619621 0.071218
vt 0.619621 0.147848
vt 0.618983 0.147848
vt 0.632829 0.072700
vt 0.632738 0.072361
vt 0.633139 0.072129
vt 0.633276 0.072641
vt 0.633547 0.071929
vt 0.633718 0.072568
vt 0.656584 0.123632
vt 0.656584 0.124270
vt 0.632576 0.072198
vt 0.632807 0.071798
vt 0.633061 0.071420
vt 0.633516 0.071876
vt 0.656584 0.124332
vt 0.656584 0.124955
vt 0.632236 0.072107
vt 0.632295 0.071660
vt 0.632369 0.071218
vt 0.633007 0.071389
vt 0.633660 0.147848
vt 0.632384 0.147848
vt 0.632236 0.085776
vt 0.632576 0.085685
vt 0.632807 0.086085
vt 0.632295 0.086222
vt 0.633007 0.086494
vt 0.632369 0.086665
vt 0.632384 0.086669
vt 0.633660 0.086669
vt 0.632738 0.085522
vt 0.633139 0.085753
vt 0.633516 0.086007
vt 0.633061 0.086463
vt 0.656584 0.109562
vt 0.656584 0.110184
vt 0.632829 0.085182
vt 0.633276 0.085241
vt 0.633718 0.085315
vt 0.633547 0.085953
vt 0.656584 0.110246
vt 0.656584 0.110884
vt 0.619161 0.085182
vt 0.619252 0.085522
vt 0.618851 0.085753
vt 0.618714 0.085241
vt 0.618443 0.085953
vt 0.618272 0.085315
vt 0.595406 0.110869
vt 0.595406 0.109593
vt 0.619414 0.085685
vt 0.619183 0.086085
vt 0.618929 0.086463
vt 0.618474 0.086007
vt 0.618299 0.086669
vt 0.618921 0.086669
vt 0.619754 0.085776
vt 0.619695 0.086222
vt 0.619637 0.087111
vt 0.618983 0.087111
vt 0.656584 0.110915
vt 0.656584 0.123601
vt 0.633722 0.072598
vt 0.633722 0.085284
vt 0.632338 0.087111
vt 0.595406 0.123601
vt 0.595406 0.110915
vt 0.618268 0.085284
vt 0.618268 0.072598
vt 0.632338 0.147848
vt 0.619652 0.147848
vt 0.619652 0.071214
vt 0.632338 0.071214
s 1
usemtl Material
f 1581/2373/1925 1550/2374/1926 1542/2375/1927 1573/2376/1928
f 1569/2377/1929 1538/2378/1930 1546/2379/1931 1577/2380/1932
f 1559/2381/1933 1630/2382/1934 1626/2383/1935 1560/2384/1936
f 1541/2385/1937 1606/2386/1938 1614/2387/1939 1543/2388/1940
f 1646/2389/1941 1575/2390/1942 1573/2376/1928 1638/2391/1943
f 1585/2392/1944 1587/2393/1945 1588/2394/1946 1586/2395/1947 1553/2396/1948 1555/2397/1949 1556/2398/1950 1554/2399/1951 1537/2400/1952 1539/2401/1953 1540/2402/1954 1538/2378/1930 1569/2377/1929 1571/2403/1955 1572/2404/1956 1570/2405/1957
f 1577/2380/1932 1546/2379/1931 1550/2374/1958 1581/2373/1959
f 1545/2406/1960 1562/2407/1961 1566/2408/1962 1549/2409/1963
f 1565/2410/1964 1598/2411/1965 1590/2412/1966 1557/2413/1967
f 1585/2392/1944 1570/2405/1957 1578/2414/1968 1593/2415/1969
f 1561/2416/1970 1594/2417/1971 1598/2411/1972 1565/2410/1973
f 1597/2418/1974 1582/2419/1975 1574/2420/1976 1589/2421/1977
f 1593/2415/1969 1578/2414/1968 1582/2419/1978 1597/2418/1979
f 1537/2400/1952 1554/2399/1951 1562/2407/1961 1545/2406/1960
f 1553/2396/1948 1586/2395/1947 1594/2417/1971 1561/2416/1970
f 1549/2409/1980 1566/2408/1981 1558/2422/1982 1541/2385/1937
f 1543/2388/1940 1614/2387/1939 1610/2423/1983 1544/2424/1984
f 1546/2379/1931 1538/2378/1930 1540/2402/1954 1548/2425/1985
f 1548/2425/1985 1540/2402/1954 1539/2401/1953 1547/2426/1986
f 1547/2426/1986 1539/2401/1953 1537/2400/1952 1545/2406/1960
f 1553/2396/1948 1561/2416/1970 1563/2427/1987 1555/2397/1949
f 1555/2397/1949 1563/2427/1987 1564/2428/1988 1556/2398/1950
f 1556/2398/1950 1564/2428/1988 1562/2407/1961 1554/2399/1951
f 1550/2374/1958 1546/2379/1931 1548/2425/1985 1552/2429/1989
f 1552/2429/1989 1548/2425/1985 1547/2426/1986 1551/2430/1990
f 1551/2430/1990 1547/2426/1986 1545/2406/1960 1549/2409/1963
f 1561/2416/1970 1565/2410/1973 1567/2431/1991 1563/2427/1987
f 1563/2427/1987 1567/2431/1991 1568/2432/1992 1564/2428/1988
f 1564/2428/1988 1568/2432/1992 1566/2408/1962 1562/2407/1961
f 1542/2375/1927 1550/2374/1926 1552/2433/1993 1544/2434/1984
f 1544/2435/1984 1552/2436/1993 1551/2437/1994 1543/2438/1940
f 1543/2438/1940 1551/2437/1994 1549/2409/1980 1541/2385/1937
f 1565/2410/1964 1557/2413/1967 1559/2439/1933 1567/2440/1995
f 1567/2441/1995 1559/2442/1933 1560/2443/1936 1568/2444/1996
f 1568/2444/1996 1560/2443/1936 1558/2422/1982 1566/2408/1981
f 1585/2392/1944 1593/2415/1969 1595/2445/1997 1587/2393/1945
f 1587/2393/1945 1595/2445/1997 1596/2446/1998 1588/2394/1946
f 1588/2394/1946 1596/2446/1998 1594/2417/1971 1586/2395/1947
f 1593/2415/1969 1597/2418/1979 1599/2447/1999 1595/2445/1997
f 1595/2445/1997 1599/2447/1999 1600/2448/2000 1596/2446/1998
f 1596/2446/1998 1600/2448/2000 1598/2411/1972 1594/2417/1971
f 1597/2418/1974 1589/2421/1977 1591/2449/2001 1599/2450/2002
f 1599/2451/2002 1591/2452/2001 1592/2453/2003 1600/2454/2004
f 1600/2454/2004 1592/2453/2003 1590/2412/1966 1598/2411/1965
f 1569/2377/1929 1577/2380/1932 1579/2455/2005 1571/2403/1955
f 1571/2403/1955 1579/2455/2005 1580/2456/2006 1572/2404/1956
f 1572/2404/1956 1580/2456/2006 1578/2414/1968 1570/2405/1957
f 1577/2380/1932 1581/2373/1959 1583/2457/2007 1579/2455/2005
f 1579/2455/2005 1583/2457/2007 1584/2458/2008 1580/2456/2006
f 1580/2456/2006 1584/2458/2008 1582/2419/1978 1578/2414/1968
f 1581/2373/1925 1573/2376/1928 1575/2459/1942 1583/2460/2009
f 1583/2460/2009 1575/2459/1942 1576/2461/2010 1584/2462/2011
f 1584/2463/2011 1576/2464/2010 1574/2420/1976 1582/2419/1975
f 1654/2465/2012 1589/2421/1977 1574/2420/1976 1634/2466/2013
f 1592/2467/2003 1658/2468/2014 1650/2469/2015 1590/2412/1966
f 1642/2470/2016 1576/2471/2010 1575/2390/1942 1646/2389/1941
f 1606/2386/1938 1541/2385/1937 1558/2422/1982 1618/2472/2017
f 1560/2384/1936 1626/2383/1935 1618/2472/2017 1558/2422/1982
f 1638/2391/1943 1573/2376/1928 1542/2375/1927 1602/2473/2018
f 1622/2474/2019 1557/2413/1967 1590/2412/1966 1650/2469/2015
f 1634/2466/2013 1574/2420/1976 1576/2475/2010 1642/2476/2016
f 1557/2413/1967 1622/2474/2019 1630/2477/1934 1559/2478/1933
f 1591/2479/2001 1662/2480/2020 1658/2468/2014 1592/2467/2003
f 1589/2421/1977 1654/2465/2012 1662/2481/2020 1591/2482/2001
f 1544/2483/1984 1610/2484/1983 1602/2473/2018 1542/2375/1927
f 1641/2485/2021 1633/2486/2022 1635/2487/2023 1643/2488/2024
f 1643/2488/2025 1635/2487/2023 1636/2489/2026 1644/2490/2025
f 1644/2491/2027 1636/2492/2028 1634/2466/2013 1642/2476/2016
f 1645/2493/2029 1641/2485/2021 1643/2488/2024 1647/2494/2030
f 1647/2494/2031 1643/2488/2025 1644/2495/2025 1648/2496/2031
f 1648/2497/2032 1644/2498/2027 1642/2470/2016 1646/2389/1941
f 1637/2499/2033 1645/2493/2029 1647/2494/2030 1639/2500/2034
f 1639/2500/2035 1647/2494/2031 1648/2501/2031 1640/2502/2036
f 1640/2503/2037 1648/2504/2032 1646/2389/1941 1638/2391/1943
f 1605/2505/2038 1613/2506/2039 1615/2507/2040 1607/2508/2041
f 1607/2508/2041 1615/2507/2042 1616/2509/2042 1608/2510/2043
f 1608/2511/2044 1616/2512/2045 1614/2387/1939 1606/2386/1938
f 1613/2506/2039 1609/2513/2046 1611/2514/2047 1615/2507/2040
f 1615/2507/2042 1611/2514/2048 1612/2515/2048 1616/2516/2042
f 1616/2517/2045 1612/2518/2049 1610/2423/1983 1614/2387/1939
f 1609/2513/2046 1601/2519/2050 1603/2520/2051 1611/2514/2047
f 1611/2514/2048 1603/2520/2052 1604/2521/2053 1612/2522/2048
f 1612/2523/2049 1604/2524/2054 1602/2473/2018 1610/2484/1983
f 1621/2525/2055 1629/2526/2056 1631/2527/2057 1623/2528/2058
f 1623/2528/2058 1631/2527/2059 1632/2529/2059 1624/2530/2060
f 1624/2531/2061 1632/2532/2062 1630/2477/1934 1622/2474/2019
f 1629/2526/2056 1625/2533/2063 1627/2534/2064 1631/2527/2057
f 1631/2527/2059 1627/2534/2065 1628/2535/2065 1632/2536/2059
f 1632/2537/2062 1628/2538/2066 1626/2383/1935 1630/2382/1934
f 1625/2533/2063 1617/2539/2067 1619/2540/2068 1627/2534/2064
f 1627/2534/2065 1619/2540/2068 1620/2541/2069 1628/2542/2065
f 1628/2543/2066 1620/2544/2070 1618/2472/2017 1626/2383/1935
f 1653/2545/2071 1661/2546/2072 1663/2547/2073 1655/2548/2074
f 1655/2548/2074 1663/2547/2075 1664/2549/2075 1656/2550/2076
f 1656/2551/2077 1664/2552/2078 1662/2481/2020 1654/2465/2012
f 1661/2546/2072 1657/2553/2079 1659/2554/2080 1663/2547/2073
f 1663/2547/2075 1659/2554/2081 1660/2555/2081 1664/2556/2075
f 1664/2557/2078 1660/2558/2082 1658/2468/2014 1662/2480/2020
f 1657/2553/2079 1649/2559/2083 1651/2560/2084 1659/2554/2080
f 1659/2554/2081 1651/2560/2084 1652/2561/2085 1660/2562/2081
f 1660/2562/2082 1652/2561/2086 1650/2469/2015 1658/2468/2014
f 1606/2386/1938 1618/2472/2017 1620/2563/2070 1608/2564/2044
f 1608/2565/2043 1620/2566/2069 1619/2540/2068 1607/2508/2041
f 1607/2508/2041 1619/2540/2068 1617/2539/2067 1605/2505/2038
f 1622/2474/2019 1650/2469/2015 1652/2561/2086 1624/2567/2061
f 1624/2567/2060 1652/2561/2085 1651/2560/2084 1623/2528/2058
f 1623/2528/2058 1651/2560/2084 1649/2559/2083 1621/2525/2055
f 1654/2465/2012 1634/2466/2013 1636/2568/2028 1656/2569/2077
f 1656/2570/2076 1636/2571/2026 1635/2487/2023 1655/2548/2074
f 1655/2548/2074 1635/2487/2023 1633/2486/2022 1653/2545/2071
f 1638/2391/1943 1602/2473/2018 1604/2572/2054 1640/2573/2037
f 1640/2574/2036 1604/2575/2053 1603/2520/2052 1639/2500/2035
f 1639/2500/2034 1603/2520/2051 1601/2519/2050 1637/2499/2033
f 1617/2539/2067 1625/2533/2063 1629/2526/2056 1621/2525/2055 1649/2559/2083 1657/2553/2079 1661/2546/2072 1653/2545/2071 1633/2486/2022 1641/2485/2021 1645/2493/2029 1637/2499/2033 1601/2519/2050 1609/2513/2046 1613/2506/2039 1605/2505/2038
o Building.005
v -0.898377 5.786397 0.667939
v -0.911980 5.786397 0.683075
v -0.905179 5.786397 0.669967
v -0.910158 5.786397 0.675507
v -0.915994 5.573944 0.648882
v -0.929108 5.573944 0.663474
v -0.922551 5.573944 0.650837
v -0.927351 5.573944 0.656178
v -0.907052 5.757934 0.658411
v -0.920544 5.757934 0.673423
v -0.913798 5.757934 0.660422
v -0.918737 5.757934 0.665917
v -0.913546 5.680170 0.651435
v -0.926813 5.680170 0.666197
v -0.920180 5.680170 0.653413
v -0.925036 5.680170 0.658816
v -0.798753 5.786397 0.683075
v -0.812356 5.786397 0.667939
v -0.800575 5.786397 0.675507
v -0.805554 5.786397 0.669967
v -0.781625 5.573944 0.663474
v -0.794739 5.573944 0.648882
v -0.783382 5.573944 0.656178
v -0.788182 5.573944 0.650837
v -0.790189 5.757934 0.673423
v -0.803681 5.757934 0.658411
v -0.791996 5.757934 0.665917
v -0.796935 5.757934 0.660422
v -0.783919 5.680170 0.666197
v -0.797186 5.680170 0.651435
v -0.785697 5.680170 0.658816
v -0.790553 5.680170 0.653413
v -0.911980 5.786397 0.778785
v -0.898377 5.786397 0.793921
v -0.910158 5.786397 0.786353
v -0.905179 5.786397 0.791893
v -0.929108 5.573944 0.798386
v -0.915994 5.573944 0.812978
v -0.927351 5.573944 0.805682
v -0.922551 5.573944 0.811023
v -0.920544 5.757934 0.788437
v -0.907052 5.757934 0.803449
v -0.918737 5.757934 0.795943
v -0.913798 5.757934 0.801438
v -0.926813 5.680170 0.795663
v -0.913546 5.680170 0.810425
v -0.925036 5.680170 0.803044
v -0.920180 5.680170 0.808447
v -0.812356 5.786397 0.793921
v -0.798753 5.786397 0.778785
v -0.805554 5.786397 0.791893
v -0.800575 5.786397 0.786353
v -0.794739 5.573944 0.812978
v -0.781625 5.573944 0.798386
v -0.788182 5.573944 0.811023
v -0.783382 5.573944 0.805682
v -0.803681 5.757934 0.803449
v -0.790189 5.757934 0.788437
v -0.796935 5.757934 0.801438
v -0.791996 5.757934 0.795943
v -0.797186 5.680170 0.810425
v -0.783919 5.680170 0.795663
v -0.790553 5.680170 0.808447
v -0.785697 5.680170 0.803044
v -0.958265 -0.159141 0.736147
v -0.971712 0.025600 0.734181
v -0.964988 -0.134390 0.735163
v -0.969910 -0.066771 0.734443
v -0.949334 -0.159141 0.726210
v -0.951101 0.025600 0.711248
v -0.950218 -0.134390 0.718729
v -0.950865 -0.066771 0.713253
v -0.956894 -0.159141 0.730458
v -0.968951 0.025600 0.722715
v -0.962923 -0.134390 0.726585
v -0.967335 -0.066771 0.723751
v -0.954447 -0.159141 0.727735
v -0.961406 0.025600 0.714321
v -0.957927 -0.134390 0.721027
v -0.960475 -0.066771 0.716118
v -0.761399 -0.159141 0.726210
v -0.759632 0.025600 0.711248
v -0.760514 -0.134390 0.718729
v -0.759868 -0.066771 0.713253
v -0.752468 -0.159141 0.736147
v -0.739021 0.025600 0.734181
v -0.745745 -0.134390 0.735163
v -0.740823 -0.066771 0.734443
v -0.756286 -0.159141 0.727735
v -0.749327 0.025600 0.714321
v -0.752806 -0.134390 0.721027
v -0.750258 -0.066771 0.716118
v -0.753838 -0.159141 0.730458
v -0.741782 0.025600 0.722715
v -0.747810 -0.134390 0.726585
v -0.743397 -0.066771 0.723751
v -0.949334 -0.159141 0.955187
v -0.951101 0.025600 0.970149
v -0.950218 -0.134390 0.962668
v -0.950865 -0.066771 0.968144
v -0.958265 -0.159141 0.945250
v -0.971712 0.025600 0.947216
v -0.964988 -0.134390 0.946234
v -0.969910 -0.066771 0.946954
v -0.954447 -0.159141 0.953662
v -0.961406 0.025600 0.967076
v -0.957927 -0.134390 0.960370
v -0.960475 -0.066771 0.965279
v -0.956894 -0.159141 0.950939
v -0.968950 0.025600 0.958682
v -0.962923 -0.134390 0.954812
v -0.967335 -0.066771 0.957646
v -0.752468 -0.159141 0.945250
v -0.739021 0.025600 0.947216
v -0.745745 -0.134390 0.946234
v -0.740823 -0.066771 0.946954
v -0.761399 -0.159141 0.955187
v -0.759632 0.025600 0.970149
v -0.760514 -0.134390 0.962668
v -0.759868 -0.066771 0.968144
v -0.753838 -0.159141 0.950939
v -0.741782 0.025600 0.958682
v -0.747810 -0.134390 0.954812
v -0.743397 -0.066771 0.957646
v -0.756286 -0.159141 0.953662
v -0.749327 0.025600 0.967076
v -0.752806 -0.134390 0.960369
v -0.750258 -0.066771 0.965279
vn -0.9949 0.0240 0.0977
vn -0.9949 0.0240 -0.0977
vn -0.9910 0.0150 -0.1328
vn -0.9933 0.0172 0.1143
vn -0.8553 0.5153 0.0539
vn -0.8553 0.5153 -0.0539
vn -0.9857 0.1426 -0.0902
vn -0.9857 0.1426 0.0902
vn 0.8772 0.0148 -0.4799
vn 0.8941 -0.0091 -0.4478
vn 0.5521 -0.0133 -0.8336
vn 0.5355 0.0120 -0.8444
vn -0.1510 0.0081 -0.9885
vn -0.1498 -0.0158 -0.9886
vn -0.5521 -0.0133 -0.8336
vn -0.5355 0.0120 -0.8444
vn -0.8797 -0.0003 0.4756
vn -0.8935 0.0243 0.4484
vn -0.9917 -0.0039 0.1287
vn 0.0647 0.5556 0.8289
vn 0.3895 0.6059 0.6937
vn 0.7409 0.5815 0.3360
vn 0.8553 0.5153 0.0539
vn 0.8553 0.5153 -0.0539
vn 0.7409 0.5815 -0.3360
vn 0.3895 0.6059 -0.6937
vn 0.0647 0.5557 -0.8289
vn -0.0647 0.5556 -0.8289
vn -0.3895 0.6059 -0.6937
vn -0.7409 0.5815 -0.3360
vn -0.7409 0.5815 0.3360
vn -0.3895 0.6059 0.6937
vn -0.0647 0.5557 0.8289
vn -0.9835 0.0937 -0.1546
vn -0.9835 0.0937 0.1546
vn -0.1112 0.1579 -0.9812
vn 0.1112 0.1579 -0.9812
vn 0.1900 0.1034 -0.9763
vn -0.1900 0.1034 -0.9763
vn 0.9949 0.0240 -0.0977
vn 0.9949 0.0240 0.0977
vn 0.9933 0.0172 0.1143
vn 0.9910 0.0150 -0.1328
vn -0.1112 0.1579 0.9812
vn 0.1112 0.1579 0.9812
vn 0.9857 0.1426 -0.0902
vn 0.9857 0.1426 0.0902
vn 0.9835 0.0937 0.1546
vn 0.9835 0.0937 -0.1546
vn 0.1207 0.0266 0.9923
vn -0.1207 0.0266 0.9923
vn -0.1539 0.0283 0.9877
vn 0.1539 0.0283 0.9877
vn -0.1900 0.1034 0.9763
vn 0.1900 0.1034 0.9763
vn -0.1207 0.0266 -0.9923
vn 0.1207 0.0266 -0.9923
vn 0.1510 0.0081 -0.9885
vn -0.8941 -0.0091 -0.4478
vn -0.8772 0.0148 -0.4799
vn -0.8880 0.1685 -0.4279
vn -0.5041 0.1784 -0.8450
vn 0.8880 0.1685 -0.4279
vn 0.5041 0.1784 -0.8450
vn -0.8680 0.1144 -0.4833
vn -0.5634 0.1199 -0.8174
vn 0.8680 0.1144 -0.4833
vn 0.5634 0.1199 -0.8174
vn -0.8955 0.0305 -0.4441
vn -0.5229 0.0323 -0.8518
vn 0.8955 0.0305 -0.4441
vn 0.5229 0.0323 -0.8518
vn 0.5041 0.1784 0.8450
vn 0.8880 0.1685 0.4279
vn 0.5634 0.1199 0.8174
vn 0.8680 0.1144 0.4833
vn 0.5539 0.0297 0.8320
vn 0.5229 0.0323 0.8518
vn 0.8935 0.0243 0.4484
vn 0.8955 0.0305 0.4441
vn -0.8880 0.1685 0.4279
vn -0.5041 0.1784 0.8450
vn -0.8680 0.1144 0.4833
vn -0.5634 0.1199 0.8174
vn -0.8955 0.0305 0.4441
vn -0.5539 0.0297 0.8320
vn -0.5229 0.0323 0.8518
vn 0.1482 0.0289 0.9885
vn -0.1482 0.0289 0.9885
vn 0.8797 -0.0003 0.4756
vn 0.9917 -0.0039 0.1287
vn -0.5287 0.0276 0.8483
vn 0.1498 -0.0158 -0.9886
vn -0.9938 -0.0064 -0.1112
vn 0.9938 -0.0064 -0.1112
vn 0.5287 0.0276 0.8483
vn -0.4776 -0.4682 0.7434
vn -0.1258 -0.4962 0.8591
vn -0.1436 -0.1340 0.9805
vn -0.5171 -0.2909 0.8050
vn -0.5387 -0.0812 0.8386
vn -0.1444 -0.0813 0.9862
vn -0.5404 -0.0218 0.8412
vn -0.1449 -0.0218 0.9892
vn -0.5403 -0.0218 0.8412
vn -0.7931 -0.4489 0.4116
vn -0.8529 -0.2770 0.4426
vn -0.8850 -0.0770 0.4592
vn -0.8874 -0.0207 0.4605
vn -0.8827 -0.4582 0.1044
vn -0.9858 -0.1211 0.1167
vn -0.9904 -0.0733 0.1172
vn -0.9929 -0.0197 0.1175
vn -0.1258 -0.4962 -0.8591
vn -0.4776 -0.4682 -0.7434
vn -0.5171 -0.2909 -0.8050
vn -0.1436 -0.1340 -0.9805
vn -0.5387 -0.0812 -0.8386
vn -0.1444 -0.0813 -0.9862
vn -0.1449 -0.0218 -0.9892
vn -0.5404 -0.0218 -0.8412
vn -0.7931 -0.4489 -0.4116
vn -0.8529 -0.2770 -0.4426
vn -0.8850 -0.0770 -0.4592
vn -0.8874 -0.0207 -0.4605
vn -0.8827 -0.4582 -0.1044
vn -0.9858 -0.1211 -0.1167
vn -0.9904 -0.0733 -0.1172
vn -0.9929 -0.0197 -0.1175
vn 0.8827 -0.4582 -0.1044
vn 0.7931 -0.4489 -0.4116
vn 0.8529 -0.2770 -0.4426
vn 0.9858 -0.1211 -0.1167
vn 0.8850 -0.0770 -0.4592
vn 0.9904 -0.0733 -0.1172
vn 0.9929 -0.0197 -0.1175
vn 0.8874 -0.0207 -0.4605
vn 0.4776 -0.4682 -0.7434
vn 0.5171 -0.2909 -0.8050
vn 0.5387 -0.0812 -0.8386
vn 0.5404 -0.0218 -0.8412
vn 0.1258 -0.4962 -0.8591
vn 0.1436 -0.1340 -0.9805
vn 0.1444 -0.0813 -0.9862
vn 0.1449 -0.0218 -0.9892
vn 0.1258 -0.4962 0.8591
vn 0.4776 -0.4682 0.7434
vn 0.5171 -0.2909 0.8050
vn 0.1436 -0.1340 0.9805
vn 0.5387 -0.0812 0.8386
vn 0.1444 -0.0813 0.9862
vn 0.1449 -0.0218 0.9892
vn 0.5404 -0.0218 0.8412
vn 0.5403 -0.0218 0.8412
vn 0.7931 -0.4489 0.4116
vn 0.8529 -0.2770 0.4426
vn 0.8850 -0.0770 0.4592
vn 0.8874 -0.0207 0.4605
vn 0.8827 -0.4582 0.1044
vn 0.9858 -0.1211 0.1167
vn 0.9904 -0.0733 0.1172
vn 0.9929 -0.0197 0.1175
vt 0.873451 0.152199
vt 0.896465 0.152199
vt 0.896949 0.153777
vt 0.872967 0.153777
vt 0.876451 0.149219
vt 0.893464 0.149219
vt 0.895180 0.150912
vt 0.874735 0.150912
vt 0.900713 0.123437
vt 0.941023 0.123437
vt 0.941023 0.124729
vt 0.900713 0.124734
vt 0.900713 0.150012
vt 0.941023 0.150023
vt 0.941023 0.151314
vt 0.900713 0.151309
vt 0.871665 0.194087
vt 0.871670 0.153777
vt 0.872957 0.194087
vt 0.873761 0.129515
vt 0.874108 0.128170
vt 0.875106 0.127172
vt 0.876451 0.126825
vt 0.893464 0.126825
vt 0.894810 0.127172
vt 0.895808 0.128170
vt 0.896155 0.129515
vt 0.896155 0.146528
vt 0.895808 0.147873
vt 0.894810 0.148871
vt 0.875106 0.148871
vt 0.874108 0.147873
vt 0.873761 0.146528
vt 0.897849 0.148244
vt 0.897849 0.127799
vt 0.899135 0.126515
vt 0.899135 0.149528
vt 0.896465 0.123845
vt 0.873451 0.123845
vt 0.872967 0.122266
vt 0.896949 0.122266
vt 0.873761 0.146528
vt 0.872067 0.148244
vt 0.872067 0.127799
vt 0.895180 0.125131
vt 0.874735 0.125131
vt 0.870781 0.126515
vt 0.870781 0.149528
vt 0.869202 0.150012
vt 0.869202 0.126031
vt 0.900713 0.126031
vt 0.941023 0.152606
vt 0.900713 0.152606
vt 0.896514 0.150641
vt 0.897578 0.149578
vt 0.896514 0.125402
vt 0.897578 0.126465
vt 0.897776 0.151998
vt 0.898934 0.150840
vt 0.897777 0.124046
vt 0.898934 0.125203
vt 0.899089 0.152199
vt 0.899419 0.153349
vt 0.900285 0.152483
vt 0.899135 0.152152
vt 0.899036 0.150840
vt 0.900615 0.151309
vt 0.899419 0.122694
vt 0.899089 0.123845
vt 0.899135 0.123891
vt 0.900285 0.123560
vt 0.900615 0.124734
vt 0.899036 0.125203
vt 0.872338 0.126465
vt 0.873401 0.125402
vt 0.870982 0.125203
vt 0.872139 0.124046
vt 0.869630 0.123560
vt 0.870781 0.123891
vt 0.870827 0.123845
vt 0.870496 0.122694
vt 0.871670 0.122364
vt 0.872139 0.123944
vt 0.873401 0.150641
vt 0.872338 0.149578
vt 0.872139 0.151998
vt 0.870982 0.150840
vt 0.871670 0.153679
vt 0.872139 0.152100
vt 0.870496 0.153349
vt 0.870827 0.152199
vt 0.870781 0.152152
vt 0.869630 0.152483
vt 0.828892 0.126021
vt 0.828892 0.150023
vt 0.871670 0.122266
vt 0.871665 0.081956
vt 0.872957 0.081956
vt 0.870373 0.194087
vt 0.870373 0.153777
vt 0.941023 0.150022
vt 0.941023 0.126021
vt 0.896959 0.194087
vt 0.896959 0.081956
vt 0.869202 0.152606
vt 0.828892 0.152606
vt 0.899542 0.081956
vt 0.899542 0.122266
vt 0.870373 0.122266
vt 0.870373 0.081956
vt 0.828892 0.123437
vt 0.869202 0.123437
vt 0.899542 0.153777
vt 0.899542 0.194087
vt 0.872231 0.053283
vt 0.872059 0.053924
vt 0.871216 0.053813
vt 0.871475 0.052847
vt 0.870381 0.053674
vt 0.870704 0.052469
vt 0.827224 0.152489
vt 0.827224 0.150080
vt 0.872537 0.052976
vt 0.872101 0.052221
vt 0.870762 0.052368
vt 0.871622 0.051508
vt 0.871606 0.195755
vt 0.870432 0.195755
vt 0.873178 0.052805
vt 0.873068 0.051962
vt 0.871723 0.051449
vt 0.872928 0.051126
vt 0.872928 0.195755
vt 0.871723 0.195755
vt 0.897857 0.053924
vt 0.897685 0.053283
vt 0.898441 0.052847
vt 0.898700 0.053813
vt 0.899212 0.052469
vt 0.899535 0.053674
vt 0.942691 0.150051
vt 0.942691 0.151256
vt 0.897378 0.052976
vt 0.897814 0.052221
vt 0.898293 0.051508
vt 0.899153 0.052368
vt 0.942691 0.151373
vt 0.942691 0.152548
vt 0.896737 0.052805
vt 0.896848 0.051962
vt 0.896988 0.051126
vt 0.898192 0.051449
vt 0.899425 0.195755
vt 0.897016 0.195755
vt 0.896737 0.078602
vt 0.897378 0.078431
vt 0.897814 0.079186
vt 0.896848 0.079445
vt 0.898192 0.079958
vt 0.896988 0.080280
vt 0.897016 0.080288
vt 0.899425 0.080288
vt 0.897685 0.078124
vt 0.898441 0.078560
vt 0.899153 0.079039
vt 0.898293 0.079899
vt 0.942691 0.123495
vt 0.942691 0.124670
vt 0.897857 0.077483
vt 0.898700 0.077594
vt 0.899535 0.077733
vt 0.899212 0.078938
vt 0.942691 0.124787
vt 0.942691 0.125992
vt 0.872059 0.077483
vt 0.872231 0.078124
vt 0.871475 0.078560
vt 0.871216 0.077594
vt 0.870704 0.078938
vt 0.870381 0.077733
vt 0.827224 0.125963
vt 0.827224 0.123554
vt 0.872537 0.078431
vt 0.872101 0.079186
vt 0.871622 0.079899
vt 0.870762 0.079039
vt 0.870432 0.080288
vt 0.871606 0.080288
vt 0.873178 0.078602
vt 0.873068 0.079445
vt 0.872957 0.081122
vt 0.871723 0.081122
vt 0.942691 0.126050
vt 0.942691 0.149993
vt 0.899542 0.053732
vt 0.899542 0.077675
vt 0.896929 0.081122
vt 0.827224 0.149993
vt 0.827224 0.126050
vt 0.870373 0.077675
vt 0.870373 0.053732
vt 0.896929 0.195755
vt 0.872986 0.195755
vt 0.872986 0.051119
vt 0.896929 0.051119
s 1
usemtl Material
f 1709/2576/2087 1678/2577/2088 1670/2578/2089 1701/2579/2090
f 1697/2580/2091 1666/2581/2092 1674/2582/2093 1705/2583/2094
f 1687/2584/2095 1758/2585/2096 1754/2586/2097 1688/2587/2098
f 1669/2588/2099 1734/2589/2100 1742/2590/2101 1671/2591/2102
f 1774/2592/2103 1703/2593/2104 1701/2579/2090 1766/2594/2105
f 1713/2595/2106 1715/2596/2107 1716/2597/2108 1714/2598/2109 1681/2599/2110 1683/2600/2111 1684/2601/2112 1682/2602/2113 1665/2603/2114 1667/2604/2115 1668/2605/2116 1666/2581/2092 1697/2580/2091 1699/2606/2117 1700/2607/2118 1698/2608/2119
f 1705/2583/2094 1674/2582/2093 1678/2577/2120 1709/2576/2121
f 1673/2609/2122 1690/2610/2123 1694/2611/2124 1677/2612/2125
f 1693/2613/2126 1726/2614/2127 1718/2615/2128 1685/2616/2129
f 1713/2595/2106 1698/2617/2119 1706/2618/2130 1721/2619/2131
f 1689/2620/2132 1722/2621/2133 1726/2614/2134 1693/2613/2135
f 1725/2622/2136 1710/2623/2137 1702/2624/2138 1717/2625/2139
f 1721/2619/2131 1706/2618/2130 1710/2623/2140 1725/2622/2141
f 1665/2603/2114 1682/2602/2113 1690/2610/2123 1673/2609/2122
f 1681/2599/2110 1714/2598/2109 1722/2621/2133 1689/2620/2132
f 1677/2612/2142 1694/2611/2143 1686/2626/2144 1669/2588/2099
f 1671/2591/2102 1742/2590/2101 1738/2627/2145 1672/2628/2146
f 1674/2582/2093 1666/2581/2092 1668/2605/2116 1676/2629/2147
f 1676/2629/2147 1668/2605/2116 1667/2604/2115 1675/2630/2148
f 1675/2630/2148 1667/2604/2115 1665/2603/2114 1673/2609/2122
f 1681/2599/2110 1689/2620/2132 1691/2631/2149 1683/2600/2111
f 1683/2600/2111 1691/2631/2149 1692/2632/2150 1684/2601/2112
f 1684/2601/2112 1692/2632/2150 1690/2610/2123 1682/2602/2113
f 1678/2577/2120 1674/2582/2093 1676/2629/2147 1680/2633/2151
f 1680/2633/2151 1676/2629/2147 1675/2630/2148 1679/2634/2152
f 1679/2634/2152 1675/2630/2148 1673/2609/2122 1677/2612/2125
f 1689/2620/2132 1693/2613/2135 1695/2635/2153 1691/2631/2149
f 1691/2631/2149 1695/2635/2153 1696/2636/2154 1692/2632/2150
f 1692/2632/2150 1696/2636/2154 1694/2611/2124 1690/2610/2123
f 1670/2578/2089 1678/2577/2088 1680/2637/2155 1672/2638/2146
f 1672/2639/2146 1680/2640/2155 1679/2641/2156 1671/2642/2102
f 1671/2642/2102 1679/2641/2156 1677/2612/2142 1669/2588/2099
f 1693/2613/2126 1685/2616/2129 1687/2643/2095 1695/2644/2157
f 1695/2645/2157 1687/2646/2095 1688/2647/2098 1696/2648/2158
f 1696/2648/2158 1688/2647/2098 1686/2626/2144 1694/2611/2143
f 1713/2595/2106 1721/2619/2131 1723/2649/2159 1715/2596/2107
f 1715/2596/2107 1723/2649/2159 1724/2650/2160 1716/2597/2108
f 1716/2597/2108 1724/2650/2160 1722/2621/2133 1714/2598/2109
f 1721/2619/2131 1725/2622/2141 1727/2651/2161 1723/2649/2159
f 1723/2649/2159 1727/2651/2161 1728/2652/2162 1724/2650/2160
f 1724/2650/2160 1728/2652/2162 1726/2614/2134 1722/2621/2133
f 1725/2622/2136 1717/2625/2139 1719/2653/2163 1727/2654/2164
f 1727/2655/2164 1719/2656/2163 1720/2657/2165 1728/2658/2166
f 1728/2658/2166 1720/2657/2165 1718/2615/2128 1726/2614/2127
f 1697/2580/2091 1705/2583/2094 1707/2659/2167 1699/2606/2117
f 1699/2606/2117 1707/2659/2167 1708/2660/2168 1700/2607/2118
f 1700/2607/2118 1708/2660/2168 1706/2618/2130 1698/2617/2119
f 1705/2583/2094 1709/2576/2121 1711/2661/2169 1707/2659/2167
f 1707/2659/2167 1711/2661/2169 1712/2662/2170 1708/2660/2168
f 1708/2660/2168 1712/2662/2170 1710/2623/2140 1706/2618/2130
f 1709/2576/2087 1701/2579/2090 1703/2663/2104 1711/2664/2171
f 1711/2664/2171 1703/2663/2104 1704/2665/2172 1712/2666/2173
f 1712/2667/2173 1704/2668/2172 1702/2624/2138 1710/2623/2137
f 1782/2669/2174 1717/2625/2139 1702/2624/2138 1762/2670/2175
f 1720/2671/2165 1786/2672/2176 1778/2673/2177 1718/2615/2128
f 1770/2674/2178 1704/2675/2172 1703/2593/2104 1774/2592/2103
f 1734/2676/2100 1669/2588/2099 1686/2626/2144 1746/2677/2179
f 1688/2587/2098 1754/2586/2097 1746/2677/2179 1686/2626/2144
f 1766/2594/2105 1701/2579/2090 1670/2578/2089 1730/2678/2180
f 1750/2679/2181 1685/2616/2129 1718/2615/2128 1778/2673/2177
f 1762/2670/2175 1702/2624/2138 1704/2680/2172 1770/2681/2178
f 1685/2616/2129 1750/2679/2181 1758/2682/2096 1687/2683/2095
f 1719/2684/2163 1790/2685/2182 1786/2672/2176 1720/2671/2165
f 1717/2625/2139 1782/2669/2174 1790/2686/2182 1719/2687/2163
f 1672/2688/2146 1738/2689/2145 1730/2678/2180 1670/2578/2089
f 1769/2690/2183 1761/2691/2184 1763/2692/2185 1771/2693/2186
f 1771/2693/2187 1763/2692/2185 1764/2694/2188 1772/2695/2187
f 1772/2696/2189 1764/2697/2190 1762/2670/2190 1770/2681/2191
f 1773/2698/2192 1769/2690/2183 1771/2693/2186 1775/2699/2193
f 1775/2699/2194 1771/2693/2187 1772/2700/2187 1776/2701/2194
f 1776/2702/2195 1772/2703/2189 1770/2674/2191 1774/2592/2103
f 1765/2704/2196 1773/2698/2192 1775/2699/2193 1767/2705/2197
f 1767/2705/2197 1775/2699/2194 1776/2706/2194 1768/2707/2198
f 1768/2708/2199 1776/2709/2195 1774/2592/2103 1766/2594/2105
f 1733/2710/2200 1741/2711/2201 1743/2712/2202 1735/2713/2203
f 1735/2713/2203 1743/2712/2204 1744/2714/2204 1736/2715/2205
f 1736/2716/2206 1744/2717/2207 1742/2590/2101 1734/2589/2100
f 1741/2711/2201 1737/2718/2208 1739/2719/2209 1743/2712/2202
f 1743/2712/2204 1739/2719/2210 1740/2720/2210 1744/2721/2204
f 1744/2722/2207 1740/2723/2211 1738/2627/2145 1742/2590/2101
f 1737/2718/2208 1729/2724/2212 1731/2725/2213 1739/2719/2209
f 1739/2719/2210 1731/2725/2213 1732/2726/2214 1740/2727/2210
f 1740/2728/2211 1732/2729/2215 1730/2678/2180 1738/2689/2145
f 1749/2730/2216 1757/2731/2217 1759/2732/2218 1751/2733/2219
f 1751/2733/2219 1759/2732/2220 1760/2734/2220 1752/2735/2221
f 1752/2736/2222 1760/2737/2223 1758/2682/2096 1750/2679/2181
f 1757/2731/2217 1753/2738/2224 1755/2739/2225 1759/2732/2218
f 1759/2732/2220 1755/2739/2226 1756/2740/2226 1760/2741/2220
f 1760/2742/2223 1756/2743/2227 1754/2586/2097 1758/2585/2096
f 1753/2738/2224 1745/2744/2228 1747/2745/2229 1755/2739/2225
f 1755/2739/2226 1747/2745/2229 1748/2746/2230 1756/2747/2226
f 1756/2748/2227 1748/2749/2231 1746/2677/2179 1754/2586/2097
f 1781/2750/2232 1789/2751/2233 1791/2752/2234 1783/2753/2235
f 1783/2753/2235 1791/2752/2236 1792/2754/2236 1784/2755/2237
f 1784/2756/2238 1792/2757/2239 1790/2686/2240 1782/2669/2238
f 1789/2751/2233 1785/2758/2241 1787/2759/2242 1791/2752/2234
f 1791/2752/2236 1787/2759/2243 1788/2760/2243 1792/2761/2236
f 1792/2762/2239 1788/2763/2244 1786/2672/2176 1790/2685/2240
f 1785/2758/2241 1777/2764/2245 1779/2765/2246 1787/2759/2242
f 1787/2759/2243 1779/2765/2246 1780/2766/2247 1788/2767/2243
f 1788/2767/2244 1780/2766/2248 1778/2673/2177 1786/2672/2176
f 1734/2676/2100 1746/2677/2179 1748/2768/2231 1736/2769/2206
f 1736/2770/2205 1748/2771/2230 1747/2745/2229 1735/2713/2203
f 1735/2713/2203 1747/2745/2229 1745/2744/2228 1733/2710/2200
f 1750/2679/2181 1778/2673/2177 1780/2766/2248 1752/2772/2222
f 1752/2772/2221 1780/2766/2247 1779/2765/2246 1751/2733/2219
f 1751/2733/2219 1779/2765/2246 1777/2764/2245 1749/2730/2216
f 1782/2669/2238 1762/2670/2190 1764/2773/2190 1784/2774/2238
f 1784/2775/2237 1764/2776/2188 1763/2692/2185 1783/2753/2235
f 1783/2753/2235 1763/2692/2185 1761/2691/2184 1781/2750/2232
f 1766/2594/2105 1730/2678/2180 1732/2777/2215 1768/2778/2199
f 1768/2779/2198 1732/2780/2214 1731/2725/2213 1767/2705/2197
f 1767/2705/2197 1731/2725/2213 1729/2724/2212 1765/2704/2196
f 1745/2744/2228 1753/2738/2224 1757/2731/2217 1749/2730/2216 1777/2764/2245 1785/2758/2241 1789/2751/2233 1781/2750/2232 1761/2691/2184 1769/2690/2183 1773/2698/2192 1765/2704/2196 1729/2724/2212 1737/2718/2208 1741/2711/2201 1733/2710/2200
o Building.003
v 0.724837 5.838921 -0.897573
v 0.745176 5.838921 -0.896881
v 0.730762 5.838921 -0.893666
v 0.738207 5.838921 -0.893412
v 0.721562 5.626467 -0.871827
v 0.741170 5.626467 -0.871161
v 0.727275 5.626467 -0.868061
v 0.734451 5.626467 -0.867817
v 0.723114 5.810457 -0.884802
v 0.743287 5.810457 -0.884116
v 0.728991 5.810457 -0.880927
v 0.736375 5.810457 -0.880676
v 0.721945 5.732694 -0.875343
v 0.741781 5.732694 -0.874669
v 0.727724 5.732694 -0.871533
v 0.734984 5.732694 -0.871286
v 0.672394 5.838921 -0.983618
v 0.669544 5.838921 -0.963468
v 0.667768 5.838921 -0.977358
v 0.666725 5.838921 -0.969982
v 0.646369 5.626467 -0.984139
v 0.643621 5.626467 -0.964714
v 0.641910 5.626467 -0.978104
v 0.640904 5.626467 -0.970994
v 0.659496 5.810457 -0.983974
v 0.656668 5.810457 -0.963989
v 0.654907 5.810457 -0.977765
v 0.653873 5.810457 -0.970450
v 0.649930 5.732694 -0.984132
v 0.647150 5.732694 -0.964480
v 0.645419 5.732694 -0.978026
v 0.644401 5.732694 -0.970833
v 0.818494 5.838921 -0.958402
v 0.821344 5.838921 -0.978552
v 0.823119 5.838921 -0.964663
v 0.824163 5.838921 -0.972038
v 0.844519 5.626467 -0.957881
v 0.847267 5.626467 -0.977306
v 0.848978 5.626467 -0.963916
v 0.849984 5.626467 -0.971026
v 0.831392 5.810457 -0.958046
v 0.834220 5.810457 -0.978031
v 0.835980 5.810457 -0.964255
v 0.837015 5.810457 -0.971571
v 0.840958 5.732694 -0.957888
v 0.843738 5.732694 -0.977540
v 0.845469 5.732694 -0.963994
v 0.846487 5.732694 -0.971187
v 0.766051 5.838921 -1.044448
v 0.745712 5.838921 -1.045139
v 0.760126 5.838921 -1.048355
v 0.752681 5.838921 -1.048608
v 0.769326 5.626467 -1.070193
v 0.749718 5.626467 -1.070860
v 0.763613 5.626467 -1.073959
v 0.756436 5.626467 -1.074203
v 0.767774 5.810457 -1.057218
v 0.747601 5.810457 -1.057904
v 0.761897 5.810457 -1.061093
v 0.754513 5.810457 -1.061344
v 0.768943 5.732694 -1.066677
v 0.749107 5.732694 -1.067351
v 0.763164 5.732694 -1.070487
v 0.755904 5.732694 -1.070734
v 0.815582 -0.106618 -0.895539
v 0.822720 0.078123 -0.883974
v 0.819150 -0.081867 -0.889755
v 0.821762 -0.014247 -0.885522
v 0.802229 -0.106618 -0.895993
v 0.791904 0.078123 -0.885022
v 0.797067 -0.081867 -0.890507
v 0.793288 -0.014247 -0.886491
v 0.810343 -0.106618 -0.892931
v 0.812161 0.078123 -0.878719
v 0.811252 -0.081867 -0.885825
v 0.811917 -0.014247 -0.880622
v 0.806684 -0.106618 -0.893056
v 0.800882 0.078123 -0.879102
v 0.803783 -0.081867 -0.886079
v 0.801659 -0.014247 -0.880971
v 0.681427 -0.106618 -1.039959
v 0.668830 0.078123 -1.031695
v 0.675128 -0.081867 -1.035828
v 0.670517 -0.014247 -1.032804
v 0.683299 -0.106618 -1.053188
v 0.673149 0.078123 -1.062225
v 0.678223 -0.081867 -1.057706
v 0.674508 -0.014247 -1.061014
v 0.679308 -0.106618 -1.044856
v 0.664559 0.078123 -1.041565
v 0.671933 -0.081867 -1.043211
v 0.666535 -0.014247 -1.042006
v 0.679821 -0.106618 -1.048481
v 0.666140 0.078123 -1.052740
v 0.672980 -0.081867 -1.050610
v 0.667972 -0.014247 -1.052169
v 0.977636 -0.106618 -1.043176
v 0.990233 0.078123 -1.051440
v 0.983935 -0.081867 -1.047307
v 0.988546 -0.014247 -1.050332
v 0.975764 -0.106618 -1.029948
v 0.985914 0.078123 -1.020910
v 0.980840 -0.081867 -1.025430
v 0.984555 -0.014247 -1.022122
v 0.979755 -0.106618 -1.038279
v 0.994504 0.078123 -1.041571
v 0.987130 -0.081867 -1.039925
v 0.992528 -0.014247 -1.041129
v 0.979242 -0.106618 -1.034654
v 0.992923 0.078123 -1.030396
v 0.986083 -0.081867 -1.032525
v 0.991090 -0.014247 -1.030967
v 0.843481 -0.106618 -1.187597
v 0.836343 0.078123 -1.199162
v 0.839913 -0.081867 -1.193380
v 0.837300 -0.014247 -1.197613
v 0.856834 -0.106618 -1.187143
v 0.867159 0.078123 -1.198114
v 0.861996 -0.081867 -1.192629
v 0.865775 -0.014247 -1.196645
v 0.848720 -0.106618 -1.190204
v 0.846902 0.078123 -1.204417
v 0.847811 -0.081867 -1.197311
v 0.847146 -0.014247 -1.202513
v 0.852379 -0.106618 -1.190080
v 0.858181 0.078123 -1.204033
v 0.855280 -0.081867 -1.197057
v 0.857404 -0.014247 -1.202164
vn 0.7144 0.0240 0.6993
vn 0.5647 0.0240 0.8250
vn 0.5353 0.0150 0.8445
vn 0.7261 0.0172 0.6874
vn 0.5911 0.5153 0.6205
vn 0.5085 0.5153 0.6899
vn 0.5645 0.1426 0.8131
vn 0.7027 0.1426 0.6971
vn -0.9315 0.0148 -0.3635
vn -0.9178 -0.0091 -0.3970
vn -0.9935 -0.0133 0.1129
vn -0.9911 0.0120 0.1325
vn -0.6602 0.0081 0.7511
vn -0.6610 -0.0158 0.7502
vn -0.2837 -0.0133 0.9588
vn -0.3026 0.0120 0.9530
vn 0.9298 -0.0003 0.3681
vn 0.9178 0.0243 0.3962
vn 0.7360 -0.0039 0.6769
vn 0.5934 0.5556 -0.5824
vn 0.2811 0.6059 -0.7443
vn -0.2188 0.5815 -0.7835
vn -0.5085 0.5153 -0.6899
vn -0.5911 0.5153 -0.6205
vn -0.7336 0.5815 -0.3516
vn -0.7818 0.6059 0.1475
vn -0.6766 0.5557 0.4832
vn -0.5934 0.5556 0.5824
vn -0.2811 0.6059 0.7443
vn 0.2188 0.5815 0.7835
vn 0.7336 0.5815 0.3516
vn 0.7818 0.6059 -0.1475
vn 0.6766 0.5557 -0.4832
vn 0.5137 0.0937 0.8528
vn 0.7507 0.0937 0.6540
vn -0.6802 0.1579 0.7158
vn -0.8231 0.1579 0.5455
vn -0.8700 0.1034 0.4820
vn -0.6258 0.1034 0.7731
vn -0.7144 0.0240 -0.6993
vn -0.5647 0.0240 -0.8250
vn -0.5509 0.0172 -0.8344
vn -0.7388 0.0150 -0.6738
vn 0.8231 0.1579 -0.5455
vn 0.6802 0.1579 -0.7158
vn -0.7027 0.1426 -0.6971
vn -0.5645 0.1426 -0.8131
vn -0.5137 0.0937 -0.8528
vn -0.7507 0.0937 -0.6540
vn 0.6826 0.0266 -0.7303
vn 0.8377 0.0266 -0.5454
vn 0.8555 0.0283 -0.5170
vn 0.6577 0.0283 -0.7528
vn 0.8700 0.1034 -0.4820
vn 0.6258 0.1034 -0.7731
vn -0.6826 0.0266 0.7303
vn -0.8377 0.0266 0.5454
vn -0.8543 0.0081 0.5197
vn 0.2316 -0.0091 0.9728
vn 0.1962 0.0148 0.9804
vn 0.2430 0.1685 0.9553
vn -0.3233 0.1784 0.9293
vn -0.8986 0.1685 -0.4052
vn -0.9714 0.1784 0.1570
vn 0.1877 0.1144 0.9755
vn -0.2640 0.1199 0.9570
vn -0.9281 0.1144 -0.3542
vn -0.9883 0.1199 0.0938
vn 0.2354 0.0305 0.9714
vn -0.3163 0.0323 0.9481
vn -0.9158 0.0305 -0.4005
vn -0.9886 0.0323 0.1469
vn 0.3233 0.1784 -0.9293
vn -0.2430 0.1685 -0.9553
vn 0.2640 0.1199 -0.9570
vn -0.1877 0.1144 -0.9755
vn 0.2813 0.0297 -0.9592
vn 0.3163 0.0323 -0.9481
vn -0.2308 0.0243 -0.9727
vn -0.2354 0.0305 -0.9714
vn 0.8986 0.1685 0.4052
vn 0.9714 0.1784 -0.1570
vn 0.9281 0.1144 0.3542
vn 0.9883 0.1199 -0.0938
vn 0.9158 0.0305 0.4005
vn 0.9934 0.0297 -0.1105
vn 0.9886 0.0323 -0.1469
vn 0.6620 0.0289 -0.7489
vn 0.8525 0.0289 -0.5219
vn -0.2011 -0.0003 -0.9796
vn -0.5389 -0.0039 -0.8424
vn 0.9897 0.0276 -0.1403
vn -0.8536 -0.0158 0.5207
vn 0.5536 -0.0064 0.8327
vn -0.7240 -0.0064 -0.6898
vn 0.3100 0.0276 -0.9503
vn 0.8765 -0.4682 -0.1120
vn 0.7390 -0.4962 -0.4558
vn 0.8434 -0.1340 -0.5202
vn 0.9490 -0.2909 -0.1213
vn 0.9887 -0.0812 -0.1264
vn 0.8483 -0.0813 -0.5233
vn 0.9917 -0.0218 -0.1267
vn 0.8509 -0.0218 -0.5248
vn 0.8509 -0.0218 -0.5249
vn 0.9917 -0.0218 -0.1268
vn 0.8251 -0.4489 0.3430
vn 0.8873 -0.2770 0.3689
vn 0.9206 -0.0770 0.3827
vn 0.9206 -0.0770 0.3828
vn 0.9232 -0.0207 0.3838
vn 0.6474 -0.4582 0.6090
vn 0.7230 -0.1211 0.6802
vn 0.7264 -0.0733 0.6834
vn 0.7282 -0.0197 0.6851
vn -0.5772 -0.4962 0.6486
vn -0.2625 -0.4682 0.8437
vn -0.2843 -0.2909 0.9136
vn -0.6588 -0.1340 0.7403
vn -0.2961 -0.0812 0.9517
vn -0.6626 -0.0813 0.7445
vn -0.6646 -0.0218 0.7469
vn -0.2970 -0.0218 0.9546
vn 0.1945 -0.4489 0.8721
vn 0.2092 -0.2770 0.9378
vn 0.2171 -0.0770 0.9731
vn 0.2177 -0.0207 0.9758
vn 0.4874 -0.4582 0.7433
vn 0.5443 -0.1211 0.8301
vn 0.5469 -0.0733 0.8340
vn 0.5482 -0.0197 0.8361
vn -0.6474 -0.4582 -0.6090
vn -0.8251 -0.4489 -0.3430
vn -0.8873 -0.2770 -0.3689
vn -0.7230 -0.1211 -0.6802
vn -0.9206 -0.0770 -0.3827
vn -0.9206 -0.0770 -0.3828
vn -0.7264 -0.0733 -0.6834
vn -0.7282 -0.0197 -0.6851
vn -0.9232 -0.0207 -0.3838
vn -0.8765 -0.4682 0.1120
vn -0.9490 -0.2909 0.1213
vn -0.9887 -0.0812 0.1264
vn -0.9917 -0.0218 0.1267
vn -0.7390 -0.4962 0.4558
vn -0.8434 -0.1340 0.5202
vn -0.8483 -0.0813 0.5233
vn -0.8509 -0.0218 0.5248
vn 0.5772 -0.4962 -0.6486
vn 0.2625 -0.4682 -0.8437
vn 0.2843 -0.2909 -0.9136
vn 0.6588 -0.1340 -0.7403
vn 0.2961 -0.0812 -0.9517
vn 0.6626 -0.0813 -0.7445
vn 0.6646 -0.0218 -0.7469
vn 0.2970 -0.0218 -0.9546
vn 0.2971 -0.0218 -0.9546
vn 0.6647 -0.0218 -0.7468
vn -0.1945 -0.4489 -0.8721
vn -0.2092 -0.2770 -0.9378
vn -0.2171 -0.0770 -0.9731
vn -0.2177 -0.0207 -0.9758
vn -0.4874 -0.4582 -0.7433
vn -0.5443 -0.1211 -0.8301
vn -0.5469 -0.0733 -0.8340
vn -0.5482 -0.0197 -0.8361
vt 0.873451 0.152199
vt 0.896465 0.152199
vt 0.896949 0.153777
vt 0.872967 0.153777
vt 0.876451 0.149219
vt 0.893464 0.149219
vt 0.895180 0.150912
vt 0.874735 0.150912
vt 0.900713 0.123437
vt 0.941023 0.123437
vt 0.941023 0.124729
vt 0.900713 0.124734
vt 0.900713 0.150012
vt 0.941023 0.150023
vt 0.941023 0.151314
vt 0.900713 0.151309
vt 0.871665 0.194087
vt 0.871670 0.153777
vt 0.872957 0.194087
vt 0.873761 0.129515
vt 0.874108 0.128170
vt 0.875106 0.127172
vt 0.876451 0.126825
vt 0.893464 0.126825
vt 0.894810 0.127172
vt 0.895808 0.128170
vt 0.896155 0.129515
vt 0.896155 0.146528
vt 0.895808 0.147873
vt 0.894810 0.148871
vt 0.875106 0.148871
vt 0.874108 0.147873
vt 0.873761 0.146528
vt 0.897849 0.148244
vt 0.897849 0.127799
vt 0.899135 0.126515
vt 0.899135 0.149528
vt 0.896465 0.123845
vt 0.873451 0.123845
vt 0.872967 0.122266
vt 0.896949 0.122266
vt 0.873761 0.146528
vt 0.872067 0.148244
vt 0.872067 0.127799
vt 0.895180 0.125131
vt 0.874735 0.125131
vt 0.870781 0.126515
vt 0.870781 0.149528
vt 0.869202 0.150012
vt 0.869202 0.126031
vt 0.900713 0.126031
vt 0.941023 0.152606
vt 0.900713 0.152606
vt 0.896514 0.150641
vt 0.897578 0.149578
vt 0.896514 0.125402
vt 0.897578 0.126465
vt 0.897776 0.151998
vt 0.898934 0.150840
vt 0.897777 0.124046
vt 0.898934 0.125203
vt 0.899089 0.152199
vt 0.899419 0.153349
vt 0.900285 0.152483
vt 0.899135 0.152152
vt 0.899036 0.150840
vt 0.900615 0.151309
vt 0.899419 0.122694
vt 0.899089 0.123845
vt 0.899135 0.123891
vt 0.900285 0.123560
vt 0.900615 0.124734
vt 0.899036 0.125203
vt 0.872338 0.126465
vt 0.873401 0.125402
vt 0.870982 0.125203
vt 0.872139 0.124046
vt 0.869630 0.123560
vt 0.870781 0.123891
vt 0.870827 0.123845
vt 0.870496 0.122694
vt 0.871670 0.122364
vt 0.872139 0.123944
vt 0.873401 0.150641
vt 0.872338 0.149578
vt 0.872139 0.151998
vt 0.870982 0.150840
vt 0.871670 0.153679
vt 0.872139 0.152100
vt 0.870496 0.153349
vt 0.870827 0.152199
vt 0.870781 0.152152
vt 0.869630 0.152483
vt 0.828892 0.126021
vt 0.828892 0.150023
vt 0.871670 0.122266
vt 0.871665 0.081956
vt 0.872957 0.081956
vt 0.870373 0.194087
vt 0.870373 0.153777
vt 0.941023 0.150022
vt 0.941023 0.126021
vt 0.896959 0.194087
vt 0.896959 0.081956
vt 0.869202 0.152606
vt 0.828892 0.152606
vt 0.899542 0.081956
vt 0.899542 0.122266
vt 0.870373 0.122266
vt 0.870373 0.081956
vt 0.828892 0.123437
vt 0.869202 0.123437
vt 0.899542 0.153777
vt 0.899542 0.194087
vt 0.872231 0.053283
vt 0.872059 0.053924
vt 0.871216 0.053813
vt 0.871475 0.052847
vt 0.870381 0.053674
vt 0.870704 0.052469
vt 0.827224 0.152489
vt 0.827224 0.150080
vt 0.872537 0.052976
vt 0.872101 0.052221
vt 0.870762 0.052368
vt 0.871622 0.051508
vt 0.871606 0.195755
vt 0.870432 0.195755
vt 0.873178 0.052805
vt 0.873068 0.051962
vt 0.871723 0.051449
vt 0.872928 0.051126
vt 0.872928 0.195755
vt 0.871723 0.195755
vt 0.897857 0.053924
vt 0.897685 0.053283
vt 0.898441 0.052847
vt 0.898700 0.053813
vt 0.899212 0.052469
vt 0.899535 0.053674
vt 0.942691 0.150051
vt 0.942691 0.151256
vt 0.897378 0.052976
vt 0.897814 0.052221
vt 0.898293 0.051508
vt 0.899153 0.052368
vt 0.942691 0.151373
vt 0.942691 0.152548
vt 0.896737 0.052805
vt 0.896848 0.051962
vt 0.896988 0.051126
vt 0.898192 0.051449
vt 0.899425 0.195755
vt 0.897016 0.195755
vt 0.896737 0.078602
vt 0.897378 0.078431
vt 0.897814 0.079186
vt 0.896848 0.079445
vt 0.898192 0.079958
vt 0.896988 0.080280
vt 0.897016 0.080288
vt 0.899425 0.080288
vt 0.897685 0.078124
vt 0.898441 0.078560
vt 0.899153 0.079039
vt 0.898293 0.079899
vt 0.942691 0.123495
vt 0.942691 0.124670
vt 0.897857 0.077483
vt 0.898700 0.077594
vt 0.899535 0.077733
vt 0.899212 0.078938
vt 0.942691 0.124787
vt 0.942691 0.125992
vt 0.872059 0.077483
vt 0.872231 0.078124
vt 0.871475 0.078560
vt 0.871216 0.077594
vt 0.870704 0.078938
vt 0.870381 0.077733
vt 0.827224 0.125963
vt 0.827224 0.123554
vt 0.872537 0.078431
vt 0.872101 0.079186
vt 0.871622 0.079899
vt 0.870762 0.079039
vt 0.870432 0.080288
vt 0.871606 0.080288
vt 0.873178 0.078602
vt 0.873068 0.079445
vt 0.872957 0.081122
vt 0.871723 0.081122
vt 0.942691 0.126050
vt 0.942691 0.149993
vt 0.899542 0.053732
vt 0.899542 0.077675
vt 0.896929 0.081122
vt 0.827224 0.149993
vt 0.827224 0.126050
vt 0.870373 0.077675
vt 0.870373 0.053732
vt 0.896929 0.195755
vt 0.872986 0.195755
vt 0.872986 0.051119
vt 0.896929 0.051119
s 1
usemtl Material
f 1837/2781/2249 1806/2782/2250 1798/2783/2251 1829/2784/2252
f 1825/2785/2253 1794/2786/2254 1802/2787/2255 1833/2788/2256
f 1815/2789/2257 1886/2790/2258 1882/2791/2259 1816/2792/2260
f 1797/2793/2261 1862/2794/2262 1870/2795/2263 1799/2796/2264
f 1902/2797/2265 1831/2798/2266 1829/2784/2252 1894/2799/2267
f 1841/2800/2268 1843/2801/2269 1844/2802/2270 1842/2803/2271 1809/2804/2272 1811/2805/2273 1812/2806/2274 1810/2807/2275 1793/2808/2276 1795/2809/2277 1796/2810/2278 1794/2786/2254 1825/2785/2253 1827/2811/2279 1828/2812/2280 1826/2813/2281
f 1833/2788/2256 1802/2787/2255 1806/2782/2282 1837/2781/2283
f 1801/2814/2284 1818/2815/2285 1822/2816/2286 1805/2817/2287
f 1821/2818/2288 1854/2819/2289 1846/2820/2290 1813/2821/2291
f 1841/2800/2268 1826/2822/2281 1834/2823/2292 1849/2824/2293
f 1817/2825/2294 1850/2826/2295 1854/2819/2296 1821/2818/2297
f 1853/2827/2298 1838/2828/2299 1830/2829/2300 1845/2830/2301
f 1849/2824/2293 1834/2823/2292 1838/2828/2302 1853/2827/2303
f 1793/2808/2276 1810/2807/2275 1818/2815/2285 1801/2814/2284
f 1809/2804/2272 1842/2803/2271 1850/2826/2295 1817/2825/2294
f 1805/2817/2304 1822/2816/2305 1814/2831/2306 1797/2793/2261
f 1799/2796/2264 1870/2795/2263 1866/2832/2307 1800/2833/2308
f 1802/2787/2255 1794/2786/2254 1796/2810/2278 1804/2834/2309
f 1804/2834/2309 1796/2810/2278 1795/2809/2277 1803/2835/2310
f 1803/2835/2310 1795/2809/2277 1793/2808/2276 1801/2814/2284
f 1809/2804/2272 1817/2825/2294 1819/2836/2311 1811/2805/2273
f 1811/2805/2273 1819/2836/2311 1820/2837/2312 1812/2806/2274
f 1812/2806/2274 1820/2837/2312 1818/2815/2285 1810/2807/2275
f 1806/2782/2282 1802/2787/2255 1804/2834/2309 1808/2838/2313
f 1808/2838/2313 1804/2834/2309 1803/2835/2310 1807/2839/2314
f 1807/2839/2314 1803/2835/2310 1801/2814/2284 1805/2817/2287
f 1817/2825/2294 1821/2818/2297 1823/2840/2315 1819/2836/2311
f 1819/2836/2311 1823/2840/2315 1824/2841/2316 1820/2837/2312
f 1820/2837/2312 1824/2841/2316 1822/2816/2286 1818/2815/2285
f 1798/2783/2251 1806/2782/2250 1808/2842/2317 1800/2843/2308
f 1800/2844/2308 1808/2845/2317 1807/2846/2318 1799/2847/2264
f 1799/2847/2264 1807/2846/2318 1805/2817/2304 1797/2793/2261
f 1821/2818/2288 1813/2821/2291 1815/2848/2257 1823/2849/2319
f 1823/2850/2319 1815/2851/2257 1816/2852/2260 1824/2853/2320
f 1824/2853/2320 1816/2852/2260 1814/2831/2306 1822/2816/2305
f 1841/2800/2268 1849/2824/2293 1851/2854/2321 1843/2801/2269
f 1843/2801/2269 1851/2854/2321 1852/2855/2322 1844/2802/2270
f 1844/2802/2270 1852/2855/2322 1850/2826/2295 1842/2803/2271
f 1849/2824/2293 1853/2827/2303 1855/2856/2323 1851/2854/2321
f 1851/2854/2321 1855/2856/2323 1856/2857/2324 1852/2855/2322
f 1852/2855/2322 1856/2857/2324 1854/2819/2296 1850/2826/2295
f 1853/2827/2298 1845/2830/2301 1847/2858/2325 1855/2859/2326
f 1855/2860/2326 1847/2861/2325 1848/2862/2327 1856/2863/2328
f 1856/2863/2328 1848/2862/2327 1846/2820/2290 1854/2819/2289
f 1825/2785/2253 1833/2788/2256 1835/2864/2329 1827/2811/2279
f 1827/2811/2279 1835/2864/2329 1836/2865/2330 1828/2812/2280
f 1828/2812/2280 1836/2865/2330 1834/2823/2292 1826/2822/2281
f 1833/2788/2256 1837/2781/2283 1839/2866/2331 1835/2864/2329
f 1835/2864/2329 1839/2866/2331 1840/2867/2332 1836/2865/2330
f 1836/2865/2330 1840/2867/2332 1838/2828/2302 1834/2823/2292
f 1837/2781/2249 1829/2784/2252 1831/2868/2266 1839/2869/2333
f 1839/2869/2333 1831/2868/2266 1832/2870/2334 1840/2871/2335
f 1840/2872/2335 1832/2873/2334 1830/2829/2300 1838/2828/2299
f 1910/2874/2336 1845/2830/2301 1830/2829/2300 1890/2875/2337
f 1848/2876/2327 1914/2877/2338 1906/2878/2339 1846/2820/2290
f 1898/2879/2340 1832/2880/2334 1831/2798/2266 1902/2797/2265
f 1862/2881/2262 1797/2793/2261 1814/2831/2306 1874/2882/2341
f 1816/2792/2260 1882/2791/2259 1874/2882/2341 1814/2831/2306
f 1894/2799/2267 1829/2784/2252 1798/2783/2251 1858/2883/2342
f 1878/2884/2343 1813/2821/2291 1846/2820/2290 1906/2878/2339
f 1890/2875/2337 1830/2829/2300 1832/2885/2334 1898/2886/2340
f 1813/2821/2291 1878/2884/2343 1886/2887/2258 1815/2888/2257
f 1847/2889/2325 1918/2890/2344 1914/2877/2338 1848/2876/2327
f 1845/2830/2301 1910/2874/2336 1918/2891/2344 1847/2892/2325
f 1800/2893/2308 1866/2894/2307 1858/2883/2342 1798/2783/2251
f 1897/2895/2345 1889/2896/2346 1891/2897/2347 1899/2898/2348
f 1899/2898/2349 1891/2897/2347 1892/2899/2350 1900/2900/2349
f 1900/2901/2351 1892/2902/2352 1890/2875/2353 1898/2886/2354
f 1901/2903/2355 1897/2895/2345 1899/2898/2348 1903/2904/2356
f 1903/2904/2357 1899/2898/2349 1900/2905/2349 1904/2906/2358
f 1904/2907/2359 1900/2908/2351 1898/2879/2354 1902/2797/2265
f 1893/2909/2360 1901/2903/2355 1903/2904/2356 1895/2910/2361
f 1895/2910/2361 1903/2904/2357 1904/2911/2358 1896/2912/2362
f 1896/2913/2363 1904/2914/2359 1902/2797/2265 1894/2799/2267
f 1861/2915/2364 1869/2916/2365 1871/2917/2366 1863/2918/2367
f 1863/2918/2367 1871/2917/2368 1872/2919/2368 1864/2920/2369
f 1864/2921/2370 1872/2922/2371 1870/2795/2263 1862/2794/2262
f 1869/2916/2365 1865/2923/2372 1867/2924/2373 1871/2917/2366
f 1871/2917/2368 1867/2924/2374 1868/2925/2374 1872/2926/2368
f 1872/2927/2371 1868/2928/2375 1866/2832/2307 1870/2795/2263
f 1865/2923/2372 1857/2929/2376 1859/2930/2377 1867/2924/2373
f 1867/2924/2374 1859/2930/2377 1860/2931/2378 1868/2932/2374
f 1868/2933/2375 1860/2934/2379 1858/2883/2342 1866/2894/2307
f 1877/2935/2380 1885/2936/2381 1887/2937/2382 1879/2938/2383
f 1879/2938/2383 1887/2937/2384 1888/2939/2385 1880/2940/2386
f 1880/2941/2387 1888/2942/2388 1886/2887/2258 1878/2884/2343
f 1885/2936/2381 1881/2943/2389 1883/2944/2390 1887/2937/2382
f 1887/2937/2384 1883/2944/2391 1884/2945/2391 1888/2946/2385
f 1888/2947/2388 1884/2948/2392 1882/2791/2259 1886/2790/2258
f 1881/2943/2389 1873/2949/2393 1875/2950/2394 1883/2944/2390
f 1883/2944/2391 1875/2950/2394 1876/2951/2395 1884/2952/2391
f 1884/2953/2392 1876/2954/2396 1874/2882/2341 1882/2791/2259
f 1909/2955/2397 1917/2956/2398 1919/2957/2399 1911/2958/2400
f 1911/2958/2400 1919/2957/2401 1920/2959/2401 1912/2960/2402
f 1912/2961/2403 1920/2962/2404 1918/2891/2405 1910/2874/2406
f 1917/2956/2398 1913/2963/2407 1915/2964/2408 1919/2957/2399
f 1919/2957/2401 1915/2964/2409 1916/2965/2409 1920/2966/2401
f 1920/2967/2404 1916/2968/2410 1914/2877/2338 1918/2890/2405
f 1913/2963/2407 1905/2969/2411 1907/2970/2412 1915/2964/2408
f 1915/2964/2409 1907/2970/2412 1908/2971/2413 1916/2972/2409
f 1916/2972/2410 1908/2971/2414 1906/2878/2339 1914/2877/2338
f 1862/2881/2262 1874/2882/2341 1876/2973/2396 1864/2974/2370
f 1864/2975/2369 1876/2976/2395 1875/2950/2394 1863/2918/2367
f 1863/2918/2367 1875/2950/2394 1873/2949/2393 1861/2915/2364
f 1878/2884/2343 1906/2878/2339 1908/2971/2414 1880/2977/2387
f 1880/2977/2386 1908/2971/2413 1907/2970/2412 1879/2938/2383
f 1879/2938/2383 1907/2970/2412 1905/2969/2411 1877/2935/2380
f 1910/2874/2406 1890/2875/2353 1892/2978/2352 1912/2979/2403
f 1912/2980/2402 1892/2981/2350 1891/2897/2347 1911/2958/2400
f 1911/2958/2400 1891/2897/2347 1889/2896/2346 1909/2955/2397
f 1894/2799/2267 1858/2883/2342 1860/2982/2379 1896/2983/2363
f 1896/2984/2362 1860/2985/2378 1859/2930/2377 1895/2910/2361
f 1895/2910/2361 1859/2930/2377 1857/2929/2376 1893/2909/2360
f 1873/2949/2393 1881/2943/2389 1885/2936/2381 1877/2935/2380 1905/2969/2411 1913/2963/2407 1917/2956/2398 1909/2955/2397 1889/2896/2346 1897/2895/2345 1901/2903/2355 1893/2909/2360 1857/2929/2376 1865/2923/2372 1869/2916/2365 1861/2915/2364
o Building.011
v -0.941767 3.179113 -0.898563
v -0.922173 3.179428 -0.904053
v -0.934937 3.179147 -0.896631
v -0.927765 3.179262 -0.898641
v -0.934865 2.966257 -0.877237
v -0.915976 2.966560 -0.882529
v -0.928281 2.966290 -0.875374
v -0.921367 2.966400 -0.877312
v -0.939246 3.150429 -0.886435
v -0.919812 3.150741 -0.891880
v -0.932472 3.150462 -0.884519
v -0.925359 3.150577 -0.886512
v -0.936680 3.072518 -0.878604
v -0.917571 3.072825 -0.883958
v -0.930020 3.072551 -0.876720
v -0.923025 3.072663 -0.878680
v -1.017783 3.179621 -0.964710
v -1.014403 3.179260 -0.944645
v -1.020297 3.179449 -0.957345
v -1.019060 3.179317 -0.950001
v -1.040511 2.966813 -0.961537
v -1.037252 2.966465 -0.942194
v -1.042935 2.966647 -0.954437
v -1.041742 2.966519 -0.947357
v -1.029885 3.150964 -0.961712
v -1.026532 3.150606 -0.941811
v -1.032379 3.150794 -0.954407
v -1.031152 3.150662 -0.947123
v -1.038231 3.073070 -0.960507
v -1.034935 3.072717 -0.940939
v -1.040684 3.072902 -0.953325
v -1.039477 3.072773 -0.946162
v -0.870910 3.181564 -0.984849
v -0.874290 3.181925 -1.004913
v -0.868396 3.181736 -0.992214
v -0.869633 3.181868 -0.999558
v -0.843715 2.969571 -0.996419
v -0.846974 2.969919 -1.015762
v -0.841291 2.969737 -1.003519
v -0.842484 2.969865 -1.010599
v -0.858210 3.153308 -0.988971
v -0.861562 3.153666 -1.008873
v -0.855716 3.153479 -0.996276
v -0.856943 3.153610 -1.003561
v -0.848228 3.075715 -0.993250
v -0.851525 3.076067 -1.012818
v -0.845776 3.075882 -1.000433
v -0.846983 3.076011 -1.007595
v -0.946926 3.182072 -1.050995
v -0.966520 3.181757 -1.045506
v -0.953756 3.182038 -1.052927
v -0.960927 3.181923 -1.050918
v -0.949362 2.970127 -1.080719
v -0.968251 2.969824 -1.075427
v -0.955946 2.970094 -1.082581
v -0.962860 2.969984 -1.080644
v -0.948849 3.153843 -1.064249
v -0.968282 3.153531 -1.058804
v -0.955622 3.153810 -1.066165
v -0.962736 3.153695 -1.064172
v -0.949779 3.076266 -1.075153
v -0.968888 3.075959 -1.069799
v -0.956440 3.076233 -1.077037
v -0.963434 3.076121 -1.075078
v -0.949606 -0.020943 -0.946514
v -0.941246 0.163685 -0.934000
v -0.944716 0.003768 -0.941592
v -0.941656 0.071346 -0.937011
v -0.962469 -0.021149 -0.942910
v -0.970933 0.163208 -0.925682
v -0.965989 0.003427 -0.935632
v -0.969087 0.070906 -0.929326
v -0.953810 -0.021068 -0.942445
v -0.949719 0.163434 -0.925799
v -0.951054 0.003580 -0.935458
v -0.949556 0.071112 -0.929365
v -0.957335 -0.021124 -0.941458
v -0.960585 0.163259 -0.922755
v -0.958249 0.003465 -0.933442
v -0.959438 0.070954 -0.926596
v -1.121161 -0.020828 -1.043588
v -1.132609 0.163536 -1.028253
v -1.126176 0.003751 -1.037258
v -1.130366 0.071233 -1.031645
v -1.123380 -0.020591 -1.056761
v -1.137730 0.164083 -1.058654
v -1.129845 0.004143 -1.059042
v -1.135098 0.071738 -1.059735
v -1.124663 -0.020785 -1.047614
v -1.139666 0.163622 -1.036368
v -1.131454 0.003816 -1.043327
v -1.136945 0.071313 -1.039211
v -1.125271 -0.020720 -1.051224
v -1.141540 0.163822 -1.047495
v -1.132695 0.003948 -1.050695
v -1.138650 0.071495 -1.049330
v -0.839828 -0.016039 -1.136206
v -0.832264 0.168986 -1.144239
v -0.835334 0.008871 -1.141558
v -0.832565 0.076595 -1.144498
v -0.837609 -0.016276 -1.123033
v -0.827143 0.168439 -1.113838
v -0.831664 0.008479 -1.119773
v -0.827833 0.076089 -1.116407
v -0.836326 -0.016082 -1.132180
v -0.825207 0.168900 -1.136124
v -0.830056 0.008806 -1.135488
v -0.825986 0.076514 -1.136932
v -0.835718 -0.016147 -1.128570
v -0.823333 0.168700 -1.124997
v -0.828814 0.008674 -1.128120
v -0.824281 0.076332 -1.126812
v -1.011384 -0.015924 -1.233280
v -1.023627 0.168837 -1.238492
v -1.016794 0.008854 -1.237223
v -1.021275 0.076481 -1.239131
v -0.998520 -0.015717 -1.236884
v -0.993940 0.169314 -1.246810
v -0.995520 0.009195 -1.243184
v -0.993844 0.076922 -1.246817
v -1.007179 -0.015799 -1.237348
v -1.015154 0.169089 -1.246693
v -1.010456 0.009042 -1.243357
v -1.013375 0.076715 -1.246778
v -1.003654 -0.015743 -1.238336
v -1.004288 0.169263 -1.249737
v -1.003261 0.009157 -1.245373
v -1.003493 0.076874 -1.249546
vn 0.8922 0.0245 0.4510
vn 0.7875 0.0201 0.6160
vn 0.7738 0.0004 0.6334
vn 0.9018 0.0059 0.4322
vn 0.7457 0.5149 0.4229
vn 0.6879 0.5125 0.5139
vn 0.7825 0.1388 0.6070
vn 0.8791 0.1429 0.4547
vn -0.9974 0.0297 -0.0650
vn -0.9937 0.0385 -0.1057
vn -0.9304 0.0209 0.3660
vn -0.8933 0.0150 0.4493
vn -0.3859 -0.0032 0.9225
vn -0.4186 -0.0269 0.9078
vn -0.0193 -0.0285 0.9994
vn 0.0397 -0.0034 0.9992
vn 0.9980 -0.0033 0.0624
vn 0.9945 0.0191 0.1031
vn 0.9052 -0.0154 0.4246
vn 0.3835 0.5741 -0.7234
vn 0.0363 0.6218 -0.7823
vn -0.4517 0.5902 -0.6691
vn -0.6988 0.5178 -0.4935
vn -0.7565 0.5154 -0.4025
vn -0.8117 0.5752 -0.1018
vn -0.7068 0.5909 0.3889
vn -0.5044 0.5371 0.6761
vn -0.3952 0.5369 0.7454
vn -0.0490 0.5896 0.8062
vn 0.4395 0.5726 0.6920
vn 0.7995 0.5876 0.1247
vn 0.6941 0.6205 -0.3650
vn 0.4928 0.5739 -0.6541
vn 0.7467 0.0885 0.6593
vn 0.9123 0.0954 0.3982
vn -0.4333 0.1358 0.8910
vn -0.6211 0.1361 0.7718
vn -0.6845 0.0820 0.7244
vn -0.3636 0.0813 0.9280
vn -0.8927 0.0235 -0.4500
vn -0.7880 0.0279 -0.6150
vn -0.7719 0.0404 -0.6344
vn -0.9045 0.0346 -0.4251
vn 0.6177 0.1796 -0.7656
vn 0.4300 0.1799 -0.8847
vn -0.8821 0.1422 -0.4491
vn -0.7855 0.1462 -0.6014
vn -0.7487 0.0988 -0.6556
vn -0.9143 0.0919 -0.3945
vn 0.4293 0.0490 -0.9018
vn 0.6331 0.0486 -0.7725
vn 0.6700 0.0431 -0.7411
vn 0.4192 0.0477 -0.9066
vn 0.6823 0.1249 -0.7203
vn 0.3614 0.1255 -0.9239
vn -0.4299 0.0043 0.9029
vn -0.6337 0.0047 0.7736
vn -0.6418 0.0011 0.7668
vn 0.4851 -0.0260 0.8740
vn 0.5133 -0.0017 0.8582
vn 0.5188 0.1574 0.8403
vn -0.0288 0.1586 0.9869
vn -0.9808 0.1604 -0.1111
vn -0.8801 0.1604 0.4468
vn 0.4729 0.1021 0.8752
vn 0.0367 0.1007 0.9942
vn -0.9930 0.1051 -0.0547
vn -0.9148 0.1026 0.3906
vn 0.5179 0.0191 0.8552
vn -0.0150 0.0124 0.9998
vn -0.9943 0.0222 -0.1042
vn -0.8981 0.0142 0.4395
vn 0.0250 0.1981 -0.9799
vn -0.5224 0.1795 -0.8336
vn -0.0392 0.1391 -0.9895
vn -0.4753 0.1267 -0.8707
vn 0.0223 0.0554 -0.9982
vn 0.0143 0.0522 -0.9985
vn -0.4880 0.0522 -0.8713
vn -0.5186 0.0420 -0.8540
vn 0.9772 0.1765 0.1178
vn 0.8764 0.1963 -0.4397
vn 0.9905 0.1237 0.0593
vn 0.9123 0.1372 -0.3858
vn 0.9937 0.0389 0.1054
vn 0.9216 0.0352 -0.3866
vn 0.8974 0.0504 -0.4382
vn 0.3878 0.0246 -0.9214
vn 0.6430 0.0196 -0.7656
vn -0.5150 0.0603 -0.8550
vn -0.7709 0.0522 -0.6348
vn 0.8954 0.0116 -0.4451
vn -0.6692 -0.0214 0.7428
vn 0.7715 -0.0213 0.6358
vn -0.9025 0.0461 -0.4282
vn -0.0613 0.0605 -0.9963
vn 0.8064 -0.4523 -0.3810
vn 0.5716 -0.4771 -0.6676
vn 0.6479 -0.1123 -0.7534
vn 0.8709 -0.2737 -0.4083
vn 0.9049 -0.0634 -0.4209
vn 0.6510 -0.0595 -0.7567
vn 0.9070 -0.0040 -0.4210
vn 0.6524 -0.0000 -0.7579
vn 0.8949 -0.4410 0.0686
vn 0.9601 -0.2685 0.0778
vn 0.9940 -0.0682 0.0849
vn 0.9962 -0.0119 0.0862
vn 0.8061 -0.4573 0.3756
vn 0.8961 -0.1201 0.4272
vn 0.8998 -0.0724 0.4302
vn 0.9015 -0.0188 0.4323
vn -0.3486 -0.5154 0.7828
vn 0.0100 -0.4855 0.8742
vn 0.0085 -0.3096 0.9508
vn -0.4025 -0.1561 0.9020
vn 0.0066 -0.1008 0.9949
vn -0.4054 -0.1035 0.9083
vn -0.4072 -0.0442 0.9123
vn 0.0060 -0.0415 0.9991
vn 0.4540 -0.4594 0.7635
vn 0.4861 -0.2882 0.8250
vn 0.5021 -0.0887 0.8602
vn 0.5029 -0.0325 0.8637
vn 0.6942 -0.4619 0.5520
vn 0.7712 -0.1253 0.6242
vn 0.7743 -0.0776 0.6280
vn 0.7757 -0.0240 0.6307
vn -0.7965 -0.4589 -0.3937
vn -0.8855 -0.4566 -0.0863
vn -0.9543 -0.2853 -0.0888
vn -0.8936 -0.1220 -0.4320
vn -0.9924 -0.0857 -0.0879
vn -0.9924 -0.0857 -0.0880
vn -0.8983 -0.0742 -0.4331
vn -0.9011 -0.0206 -0.4331
vn -0.9958 -0.0294 -0.0871
vn -0.7965 -0.4838 0.3625
vn -0.8647 -0.3079 0.3968
vn -0.9032 -0.0990 0.4177
vn -0.9066 -0.0397 0.4202
vn -0.5612 -0.5150 0.6480
vn -0.6451 -0.1556 0.7481
vn -0.6493 -0.1030 0.7535
vn -0.6520 -0.0437 0.7570
vn 0.3591 -0.4767 -0.8024
vn -0.0002 -0.4507 -0.8927
vn -0.0024 -0.2719 -0.9623
vn 0.4053 -0.1118 -0.9073
vn -0.0049 -0.0615 -0.9981
vn 0.4071 -0.0590 -0.9115
vn 0.4077 0.0005 -0.9131
vn -0.0055 -0.0021 -1.0000
vn -0.4446 -0.4383 -0.7812
vn -0.4802 -0.2656 -0.8360
vn -0.5005 -0.0652 -0.8633
vn -0.5025 -0.0089 -0.8645
vn -0.6846 -0.4542 -0.5701
vn -0.7686 -0.1168 -0.6289
vn -0.7728 -0.0690 -0.6309
vn -0.7752 -0.0154 -0.6315
vn -0.7753 -0.0154 -0.6314
vt 0.873451 0.152199
vt 0.896465 0.152199
vt 0.896949 0.153777
vt 0.872967 0.153777
vt 0.876451 0.149219
vt 0.893464 0.149219
vt 0.895180 0.150912
vt 0.874735 0.150912
vt 0.900713 0.123437
vt 0.941023 0.123437
vt 0.941023 0.124729
vt 0.900713 0.124734
vt 0.900713 0.150012
vt 0.941023 0.150023
vt 0.941023 0.151314
vt 0.900713 0.151309
vt 0.871665 0.194087
vt 0.871670 0.153777
vt 0.872957 0.194087
vt 0.873761 0.129515
vt 0.874108 0.128170
vt 0.875106 0.127172
vt 0.876451 0.126825
vt 0.893464 0.126825
vt 0.894810 0.127172
vt 0.895808 0.128170
vt 0.896155 0.129515
vt 0.896155 0.146528
vt 0.895808 0.147873
vt 0.894810 0.148871
vt 0.875106 0.148871
vt 0.874108 0.147873
vt 0.873761 0.146528
vt 0.897849 0.148244
vt 0.897849 0.127799
vt 0.899135 0.126515
vt 0.899135 0.149528
vt 0.896465 0.123845
vt 0.873451 0.123845
vt 0.872967 0.122266
vt 0.896949 0.122266
vt 0.873761 0.146528
vt 0.872067 0.148244
vt 0.872067 0.127799
vt 0.895180 0.125131
vt 0.874735 0.125131
vt 0.870781 0.126515
vt 0.870781 0.149528
vt 0.869202 0.150012
vt 0.869202 0.126031
vt 0.900713 0.126031
vt 0.941023 0.152606
vt 0.900713 0.152606
vt 0.896514 0.150641
vt 0.897578 0.149578
vt 0.896514 0.125402
vt 0.897578 0.126465
vt 0.897776 0.151998
vt 0.898934 0.150840
vt 0.897777 0.124046
vt 0.898934 0.125203
vt 0.899089 0.152199
vt 0.899419 0.153349
vt 0.900285 0.152483
vt 0.899135 0.152152
vt 0.899036 0.150840
vt 0.900615 0.151309
vt 0.899419 0.122694
vt 0.899089 0.123845
vt 0.899135 0.123891
vt 0.900285 0.123560
vt 0.900615 0.124734
vt 0.899036 0.125203
vt 0.872338 0.126465
vt 0.873401 0.125402
vt 0.870982 0.125203
vt 0.872139 0.124046
vt 0.869630 0.123560
vt 0.870781 0.123891
vt 0.870827 0.123845
vt 0.870496 0.122694
vt 0.871670 0.122364
vt 0.872139 0.123944
vt 0.873401 0.150641
vt 0.872338 0.149578
vt 0.872139 0.151998
vt 0.870982 0.150840
vt 0.871670 0.153679
vt 0.872139 0.152100
vt 0.870496 0.153349
vt 0.870827 0.152199
vt 0.870781 0.152152
vt 0.869630 0.152483
vt 0.828892 0.126021
vt 0.828892 0.150023
vt 0.871670 0.122266
vt 0.871665 0.081956
vt 0.872957 0.081956
vt 0.870373 0.194087
vt 0.870373 0.153777
vt 0.941023 0.150022
vt 0.941023 0.126021
vt 0.896959 0.194087
vt 0.896959 0.081956
vt 0.869202 0.152606
vt 0.828892 0.152606
vt 0.899542 0.081956
vt 0.899542 0.122266
vt 0.870373 0.122266
vt 0.870373 0.081956
vt 0.828892 0.123437
vt 0.869202 0.123437
vt 0.899542 0.153777
vt 0.899542 0.194087
vt 0.872231 0.053283
vt 0.872059 0.053924
vt 0.871216 0.053813
vt 0.871475 0.052847
vt 0.870381 0.053674
vt 0.870704 0.052469
vt 0.827224 0.152489
vt 0.827224 0.150080
vt 0.872537 0.052976
vt 0.872101 0.052221
vt 0.870762 0.052368
vt 0.871622 0.051508
vt 0.871606 0.195755
vt 0.870432 0.195755
vt 0.873178 0.052805
vt 0.873068 0.051962
vt 0.871723 0.051449
vt 0.872928 0.051126
vt 0.872928 0.195755
vt 0.871723 0.195755
vt 0.897857 0.053924
vt 0.897685 0.053283
vt 0.898441 0.052847
vt 0.898700 0.053813
vt 0.899212 0.052469
vt 0.899535 0.053674
vt 0.942691 0.150051
vt 0.942691 0.151256
vt 0.897378 0.052976
vt 0.897814 0.052221
vt 0.898293 0.051508
vt 0.899153 0.052368
vt 0.942691 0.151373
vt 0.942691 0.152548
vt 0.896737 0.052805
vt 0.896848 0.051962
vt 0.896988 0.051126
vt 0.898192 0.051449
vt 0.899425 0.195755
vt 0.897016 0.195755
vt 0.896737 0.078602
vt 0.897378 0.078431
vt 0.897814 0.079186
vt 0.896848 0.079445
vt 0.898192 0.079958
vt 0.896988 0.080280
vt 0.897016 0.080288
vt 0.899425 0.080288
vt 0.897685 0.078124
vt 0.898441 0.078560
vt 0.899153 0.079039
vt 0.898293 0.079899
vt 0.942691 0.123495
vt 0.942691 0.124670
vt 0.897857 0.077483
vt 0.898700 0.077594
vt 0.899535 0.077733
vt 0.899212 0.078938
vt 0.942691 0.124787
vt 0.942691 0.125992
vt 0.872059 0.077483
vt 0.872231 0.078124
vt 0.871475 0.078560
vt 0.871216 0.077594
vt 0.870704 0.078938
vt 0.870381 0.077733
vt 0.827224 0.125963
vt 0.827224 0.123554
vt 0.872537 0.078431
vt 0.872101 0.079186
vt 0.871622 0.079899
vt 0.870762 0.079039
vt 0.870432 0.080288
vt 0.871606 0.080288
vt 0.873178 0.078602
vt 0.873068 0.079445
vt 0.872957 0.081122
vt 0.871723 0.081122
vt 0.942691 0.126050
vt 0.942691 0.149993
vt 0.899542 0.053732
vt 0.899542 0.077675
vt 0.896929 0.081122
vt 0.827224 0.149993
vt 0.827224 0.126050
vt 0.870373 0.077675
vt 0.870373 0.053732
vt 0.896929 0.195755
vt 0.872986 0.195755
vt 0.872986 0.051119
vt 0.896929 0.051119
s 1
usemtl Material
f 1965/2986/2415 1934/2987/2416 1926/2988/2417 1957/2989/2418
f 1953/2990/2419 1922/2991/2420 1930/2992/2421 1961/2993/2422
f 1943/2994/2423 2014/2995/2424 2010/2996/2425 1944/2997/2426
f 1925/2998/2427 1990/2999/2428 1998/3000/2429 1927/3001/2430
f 2030/3002/2431 1959/3003/2432 1957/2989/2418 2022/3004/2433
f 1969/3005/2434 1971/3006/2435 1972/3007/2436 1970/3008/2437 1937/3009/2438 1939/3010/2439 1940/3011/2440 1938/3012/2441 1921/3013/2442 1923/3014/2443 1924/3015/2444 1922/2991/2420 1953/2990/2419 1955/3016/2445 1956/3017/2446 1954/3018/2447
f 1961/2993/2422 1930/2992/2421 1934/2987/2448 1965/2986/2449
f 1929/3019/2450 1946/3020/2451 1950/3021/2452 1933/3022/2453
f 1949/3023/2454 1982/3024/2455 1974/3025/2456 1941/3026/2457
f 1969/3005/2434 1954/3027/2447 1962/3028/2458 1977/3029/2459
f 1945/3030/2460 1978/3031/2461 1982/3024/2462 1949/3023/2463
f 1981/3032/2464 1966/3033/2465 1958/3034/2466 1973/3035/2467
f 1977/3029/2459 1962/3028/2458 1966/3033/2468 1981/3032/2469
f 1921/3013/2442 1938/3012/2441 1946/3020/2451 1929/3019/2450
f 1937/3009/2438 1970/3008/2437 1978/3031/2461 1945/3030/2460
f 1933/3022/2470 1950/3021/2471 1942/3036/2472 1925/2998/2427
f 1927/3001/2430 1998/3000/2429 1994/3037/2473 1928/3038/2474
f 1930/2992/2421 1922/2991/2420 1924/3015/2444 1932/3039/2475
f 1932/3039/2475 1924/3015/2444 1923/3014/2443 1931/3040/2476
f 1931/3040/2476 1923/3014/2443 1921/3013/2442 1929/3019/2450
f 1937/3009/2438 1945/3030/2460 1947/3041/2477 1939/3010/2439
f 1939/3010/2439 1947/3041/2477 1948/3042/2478 1940/3011/2440
f 1940/3011/2440 1948/3042/2478 1946/3020/2451 1938/3012/2441
f 1934/2987/2448 1930/2992/2421 1932/3039/2475 1936/3043/2479
f 1936/3043/2479 1932/3039/2475 1931/3040/2476 1935/3044/2480
f 1935/3044/2480 1931/3040/2476 1929/3019/2450 1933/3022/2453
f 1945/3030/2460 1949/3023/2463 1951/3045/2481 1947/3041/2477
f 1947/3041/2477 1951/3045/2481 1952/3046/2482 1948/3042/2478
f 1948/3042/2478 1952/3046/2482 1950/3021/2452 1946/3020/2451
f 1926/2988/2417 1934/2987/2416 1936/3047/2483 1928/3048/2474
f 1928/3049/2474 1936/3050/2483 1935/3051/2484 1927/3052/2430
f 1927/3052/2430 1935/3051/2484 1933/3022/2470 1925/2998/2427
f 1949/3023/2454 1941/3026/2457 1943/3053/2423 1951/3054/2485
f 1951/3055/2485 1943/3056/2423 1944/3057/2426 1952/3058/2486
f 1952/3058/2486 1944/3057/2426 1942/3036/2472 1950/3021/2471
f 1969/3005/2434 1977/3029/2459 1979/3059/2487 1971/3006/2435
f 1971/3006/2435 1979/3059/2487 1980/3060/2488 1972/3007/2436
f 1972/3007/2436 1980/3060/2488 1978/3031/2461 1970/3008/2437
f 1977/3029/2459 1981/3032/2469 1983/3061/2489 1979/3059/2487
f 1979/3059/2487 1983/3061/2489 1984/3062/2490 1980/3060/2488
f 1980/3060/2488 1984/3062/2490 1982/3024/2462 1978/3031/2461
f 1981/3032/2464 1973/3035/2467 1975/3063/2491 1983/3064/2492
f 1983/3065/2492 1975/3066/2491 1976/3067/2493 1984/3068/2494
f 1984/3068/2494 1976/3067/2493 1974/3025/2456 1982/3024/2455
f 1953/2990/2419 1961/2993/2422 1963/3069/2495 1955/3016/2445
f 1955/3016/2445 1963/3069/2495 1964/3070/2496 1956/3017/2446
f 1956/3017/2446 1964/3070/2496 1962/3028/2458 1954/3027/2447
f 1961/2993/2422 1965/2986/2449 1967/3071/2497 1963/3069/2495
f 1963/3069/2495 1967/3071/2497 1968/3072/2498 1964/3070/2496
f 1964/3070/2496 1968/3072/2498 1966/3033/2468 1962/3028/2458
f 1965/2986/2415 1957/2989/2418 1959/3073/2432 1967/3074/2499
f 1967/3074/2499 1959/3073/2432 1960/3075/2500 1968/3076/2501
f 1968/3077/2501 1960/3078/2500 1958/3034/2466 1966/3033/2465
f 2038/3079/2502 1973/3035/2467 1958/3034/2466 2018/3080/2503
f 1976/3081/2493 2042/3082/2504 2034/3083/2505 1974/3025/2456
f 2026/3084/2506 1960/3085/2500 1959/3003/2432 2030/3002/2431
f 1990/3086/2428 1925/2998/2427 1942/3036/2472 2002/3087/2507
f 1944/2997/2426 2010/2996/2425 2002/3087/2507 1942/3036/2472
f 2022/3004/2433 1957/2989/2418 1926/2988/2417 1986/3088/2508
f 2006/3089/2509 1941/3026/2457 1974/3025/2456 2034/3083/2505
f 2018/3080/2503 1958/3034/2466 1960/3090/2500 2026/3091/2506
f 1941/3026/2457 2006/3089/2509 2014/3092/2424 1943/3093/2423
f 1975/3094/2491 2046/3095/2510 2042/3082/2504 1976/3081/2493
f 1973/3035/2467 2038/3079/2502 2046/3096/2510 1975/3097/2491
f 1928/3098/2474 1994/3099/2473 1986/3088/2508 1926/2988/2417
f 2025/3100/2511 2017/3101/2512 2019/3102/2513 2027/3103/2514
f 2027/3103/2515 2019/3102/2513 2020/3104/2516 2028/3105/2515
f 2028/3106/2517 2020/3107/2518 2018/3080/2503 2026/3091/2506
f 2029/3108/2519 2025/3100/2511 2027/3103/2514 2031/3109/2520
f 2031/3109/2521 2027/3103/2515 2028/3110/2515 2032/3111/2521
f 2032/3112/2522 2028/3113/2517 2026/3084/2506 2030/3002/2431
f 2021/3114/2523 2029/3108/2519 2031/3109/2520 2023/3115/2524
f 2023/3115/2524 2031/3109/2521 2032/3116/2521 2024/3117/2525
f 2024/3118/2526 2032/3119/2522 2030/3002/2431 2022/3004/2433
f 1989/3120/2527 1997/3121/2528 1999/3122/2529 1991/3123/2530
f 1991/3123/2530 1999/3122/2531 2000/3124/2531 1992/3125/2532
f 1992/3126/2533 2000/3127/2534 1998/3000/2429 1990/2999/2428
f 1997/3121/2528 1993/3128/2535 1995/3129/2536 1999/3122/2529
f 1999/3122/2531 1995/3129/2537 1996/3130/2537 2000/3131/2531
f 2000/3132/2534 1996/3133/2538 1994/3037/2473 1998/3000/2429
f 1993/3128/2535 1985/3134/2539 1987/3135/2540 1995/3129/2536
f 1995/3129/2537 1987/3135/2540 1988/3136/2541 1996/3137/2537
f 1996/3138/2538 1988/3139/2542 1986/3088/2508 1994/3099/2473
f 2005/3140/2543 2013/3141/2544 2015/3142/2545 2007/3143/2546
f 2007/3143/2546 2015/3142/2547 2016/3144/2548 2008/3145/2549
f 2008/3146/2550 2016/3147/2551 2014/3092/2551 2006/3089/2550
f 2013/3141/2544 2009/3148/2552 2011/3149/2553 2015/3142/2545
f 2015/3142/2547 2011/3149/2554 2012/3150/2554 2016/3151/2548
f 2016/3152/2551 2012/3153/2555 2010/2996/2555 2014/2995/2551
f 2009/3148/2552 2001/3154/2556 2003/3155/2557 2011/3149/2553
f 2011/3149/2554 2003/3155/2557 2004/3156/2558 2012/3157/2554
f 2012/3158/2555 2004/3159/2559 2002/3087/2507 2010/2996/2555
f 2037/3160/2560 2045/3161/2561 2047/3162/2562 2039/3163/2563
f 2039/3163/2563 2047/3162/2564 2048/3164/2564 2040/3165/2565
f 2040/3166/2566 2048/3167/2567 2046/3096/2567 2038/3079/2502
f 2045/3161/2561 2041/3168/2568 2043/3169/2569 2047/3162/2562
f 2047/3162/2564 2043/3169/2570 2044/3170/2570 2048/3171/2564
f 2048/3172/2567 2044/3173/2571 2042/3082/2571 2046/3095/2567
f 2041/3168/2568 2033/3174/2572 2035/3175/2573 2043/3169/2569
f 2043/3169/2570 2035/3175/2573 2036/3176/2574 2044/3177/2570
f 2044/3177/2571 2036/3176/2575 2034/3083/2576 2042/3082/2571
f 1990/3086/2428 2002/3087/2507 2004/3178/2559 1992/3179/2533
f 1992/3180/2532 2004/3181/2558 2003/3155/2557 1991/3123/2530
f 1991/3123/2530 2003/3155/2557 2001/3154/2556 1989/3120/2527
f 2006/3089/2550 2034/3083/2576 2036/3176/2575 2008/3182/2550
f 2008/3182/2549 2036/3176/2574 2035/3175/2573 2007/3143/2546
f 2007/3143/2546 2035/3175/2573 2033/3174/2572 2005/3140/2543
f 2038/3079/2502 2018/3080/2503 2020/3183/2518 2040/3184/2566
f 2040/3185/2565 2020/3186/2516 2019/3102/2513 2039/3163/2563
f 2039/3163/2563 2019/3102/2513 2017/3101/2512 2037/3160/2560
f 2022/3004/2433 1986/3088/2508 1988/3187/2542 2024/3188/2526
f 2024/3189/2525 1988/3190/2541 1987/3135/2540 2023/3115/2524
f 2023/3115/2524 1987/3135/2540 1985/3134/2539 2021/3114/2523
f 2001/3154/2556 2009/3148/2552 2013/3141/2544 2005/3140/2543 2033/3174/2572 2041/3168/2568 2045/3161/2561 2037/3160/2560 2017/3101/2512 2025/3100/2511 2029/3108/2519 2021/3114/2523 1985/3134/2539 1993/3128/2535 1997/3121/2528 1989/3120/2527
o Building.012
v -0.943063 5.046842 -0.585042
v -0.923469 5.047156 -0.590532
v -0.936233 5.046875 -0.583111
v -0.929061 5.046990 -0.585120
v -0.936161 4.833986 -0.563716
v -0.917272 4.834290 -0.569008
v -0.929577 4.834019 -0.561854
v -0.922663 4.834129 -0.563791
v -0.940542 5.018158 -0.572914
v -0.921108 5.018470 -0.578359
v -0.933768 5.018191 -0.570998
v -0.926655 5.018306 -0.572991
v -0.937976 4.940248 -0.565083
v -0.918867 4.940554 -0.570437
v -0.931316 4.940280 -0.563199
v -0.924321 4.940392 -0.565159
v -1.019079 5.047350 -0.651189
v -1.015699 5.046989 -0.631124
v -1.021593 5.047178 -0.643824
v -1.020356 5.047046 -0.636480
v -1.041807 4.834541 -0.648016
v -1.038548 4.834193 -0.628673
v -1.044231 4.834376 -0.640916
v -1.043038 4.834249 -0.633836
v -1.031181 5.018693 -0.648191
v -1.027828 5.018335 -0.628290
v -1.033675 5.018522 -0.640887
v -1.032448 5.018392 -0.633602
v -1.039527 4.940799 -0.646986
v -1.036231 4.940446 -0.627418
v -1.041980 4.940631 -0.639804
v -1.040773 4.940502 -0.632641
v -0.872206 5.049293 -0.671328
v -0.875586 5.049654 -0.691392
v -0.869692 5.049465 -0.678693
v -0.870929 5.049597 -0.686037
v -0.845012 4.837300 -0.682898
v -0.848270 4.837648 -0.702241
v -0.842587 4.837466 -0.689998
v -0.843780 4.837594 -0.697078
v -0.859506 5.021037 -0.675451
v -0.862858 5.021395 -0.695352
v -0.857012 5.021208 -0.682755
v -0.858239 5.021338 -0.690040
v -0.849524 4.943443 -0.679729
v -0.852821 4.943796 -0.699297
v -0.847072 4.943611 -0.686912
v -0.848279 4.943740 -0.694074
v -0.948222 5.049801 -0.737474
v -0.967816 5.049486 -0.731985
v -0.955052 5.049767 -0.739406
v -0.962224 5.049652 -0.737397
v -0.950658 4.837856 -0.767198
v -0.969547 4.837553 -0.761906
v -0.957242 4.837823 -0.769060
v -0.964156 4.837712 -0.767123
v -0.950145 5.021572 -0.750728
v -0.969578 5.021260 -0.745283
v -0.956918 5.021539 -0.752644
v -0.964032 5.021424 -0.750651
v -0.951075 4.943995 -0.761632
v -0.970184 4.943688 -0.756278
v -0.957736 4.943962 -0.763516
v -0.964730 4.943850 -0.761557
v -0.950902 1.846786 -0.632993
v -0.942542 2.031414 -0.620479
v -0.946012 1.871497 -0.628071
v -0.942952 1.939075 -0.623491
v -0.963765 1.846580 -0.629389
v -0.972229 2.030937 -0.612161
v -0.967285 1.871155 -0.622111
v -0.970383 1.938635 -0.615805
v -0.955106 1.846661 -0.628924
v -0.951015 2.031163 -0.612279
v -0.952350 1.871309 -0.621937
v -0.950852 1.938841 -0.615844
v -0.958631 1.846605 -0.627937
v -0.961881 2.030988 -0.609234
v -0.959545 1.871194 -0.619921
v -0.960734 1.938682 -0.613076
v -1.122458 1.846901 -0.730067
v -1.133905 2.031265 -0.714732
v -1.127472 1.871480 -0.723737
v -1.131662 1.938962 -0.718124
v -1.124676 1.847138 -0.743240
v -1.139026 2.031812 -0.745133
v -1.131141 1.871872 -0.745522
v -1.136394 1.939467 -0.746215
v -1.125959 1.846944 -0.734093
v -1.140962 2.031351 -0.722847
v -1.132750 1.871544 -0.729806
v -1.138242 1.939042 -0.725690
v -1.126567 1.847009 -0.737703
v -1.142836 2.031551 -0.733974
v -1.133991 1.871677 -0.737174
v -1.139946 1.939224 -0.735810
v -0.841124 1.851690 -0.822685
v -0.833560 2.036715 -0.830718
v -0.836630 1.876600 -0.828037
v -0.833861 1.944324 -0.830977
v -0.838905 1.851453 -0.809512
v -0.828439 2.036168 -0.800317
v -0.832960 1.876208 -0.806252
v -0.829129 1.943818 -0.802886
v -0.837623 1.851647 -0.818659
v -0.826503 2.036629 -0.822603
v -0.831352 1.876535 -0.821967
v -0.827282 1.944243 -0.823411
v -0.837014 1.851582 -0.815049
v -0.824629 2.036429 -0.811476
v -0.830110 1.876403 -0.814599
v -0.825577 1.944061 -0.813291
v -1.012680 1.851805 -0.919759
v -1.024923 2.036566 -0.924971
v -1.018090 1.876583 -0.923702
v -1.022571 1.944210 -0.925610
v -0.999816 1.852011 -0.923363
v -0.995236 2.037043 -0.933289
v -0.996816 1.876924 -0.929663
v -0.995140 1.944651 -0.933296
v -1.008475 1.851930 -0.923828
v -1.016450 2.036818 -0.933172
v -1.011752 1.876771 -0.929837
v -1.014671 1.944444 -0.933257
v -1.004950 1.851986 -0.924815
v -1.005584 2.036992 -0.936216
v -1.004557 1.876886 -0.931852
v -1.004789 1.944603 -0.936025
vn 0.8922 0.0245 0.4510
vn 0.7875 0.0201 0.6160
vn 0.7738 0.0004 0.6334
vn 0.9018 0.0059 0.4322
vn 0.7457 0.5149 0.4229
vn 0.6879 0.5125 0.5139
vn 0.7825 0.1388 0.6070
vn 0.8791 0.1429 0.4547
vn -0.9974 0.0297 -0.0650
vn -0.9937 0.0385 -0.1057
vn -0.9304 0.0209 0.3660
vn -0.8933 0.0150 0.4493
vn -0.3859 -0.0032 0.9225
vn -0.4186 -0.0269 0.9078
vn -0.0193 -0.0285 0.9994
vn 0.0397 -0.0034 0.9992
vn 0.9980 -0.0033 0.0624
vn 0.9945 0.0191 0.1031
vn 0.9052 -0.0154 0.4246
vn 0.3835 0.5741 -0.7234
vn 0.0363 0.6218 -0.7823
vn -0.4517 0.5902 -0.6691
vn -0.6988 0.5178 -0.4935
vn -0.7565 0.5154 -0.4025
vn -0.8117 0.5752 -0.1018
vn -0.7068 0.5909 0.3889
vn -0.5044 0.5371 0.6761
vn -0.3952 0.5369 0.7454
vn -0.0490 0.5896 0.8062
vn 0.4395 0.5726 0.6920
vn 0.7995 0.5876 0.1247
vn 0.6941 0.6205 -0.3650
vn 0.4928 0.5739 -0.6541
vn 0.7467 0.0885 0.6593
vn 0.9123 0.0954 0.3982
vn -0.4333 0.1358 0.8910
vn -0.6211 0.1361 0.7718
vn -0.6845 0.0820 0.7244
vn -0.3636 0.0813 0.9280
vn -0.8927 0.0235 -0.4500
vn -0.7880 0.0279 -0.6150
vn -0.7719 0.0404 -0.6344
vn -0.9045 0.0346 -0.4251
vn 0.6177 0.1796 -0.7656
vn 0.4300 0.1799 -0.8847
vn -0.8821 0.1422 -0.4491
vn -0.7855 0.1462 -0.6014
vn -0.7487 0.0988 -0.6556
vn -0.9143 0.0919 -0.3945
vn 0.4293 0.0490 -0.9018
vn 0.6331 0.0486 -0.7725
vn 0.6700 0.0431 -0.7411
vn 0.4192 0.0477 -0.9066
vn 0.6823 0.1249 -0.7203
vn 0.3614 0.1255 -0.9239
vn -0.4299 0.0043 0.9029
vn -0.6337 0.0047 0.7736
vn -0.6418 0.0011 0.7668
vn 0.4851 -0.0260 0.8740
vn 0.5133 -0.0017 0.8582
vn 0.5188 0.1574 0.8403
vn -0.0288 0.1586 0.9869
vn -0.9808 0.1604 -0.1111
vn -0.8801 0.1604 0.4468
vn 0.4729 0.1021 0.8752
vn 0.0367 0.1007 0.9942
vn -0.9930 0.1051 -0.0547
vn -0.9148 0.1026 0.3906
vn 0.5179 0.0191 0.8552
vn -0.0150 0.0124 0.9998
vn -0.9943 0.0222 -0.1042
vn -0.8981 0.0142 0.4395
vn 0.0250 0.1981 -0.9799
vn -0.5224 0.1795 -0.8336
vn -0.0392 0.1391 -0.9895
vn -0.4753 0.1267 -0.8707
vn 0.0223 0.0554 -0.9982
vn 0.0143 0.0522 -0.9985
vn -0.4880 0.0522 -0.8713
vn -0.5186 0.0420 -0.8540
vn 0.9772 0.1765 0.1178
vn 0.8764 0.1963 -0.4397
vn 0.9905 0.1237 0.0593
vn 0.9123 0.1372 -0.3858
vn 0.9937 0.0389 0.1054
vn 0.9216 0.0352 -0.3866
vn 0.8974 0.0504 -0.4382
vn 0.3878 0.0246 -0.9214
vn 0.6430 0.0196 -0.7656
vn -0.5150 0.0603 -0.8550
vn -0.7709 0.0522 -0.6348
vn 0.8954 0.0116 -0.4451
vn -0.6692 -0.0214 0.7428
vn 0.7715 -0.0213 0.6358
vn -0.9025 0.0461 -0.4282
vn -0.0613 0.0605 -0.9963
vn 0.8064 -0.4523 -0.3810
vn 0.5716 -0.4771 -0.6676
vn 0.6479 -0.1123 -0.7534
vn 0.8709 -0.2737 -0.4083
vn 0.9049 -0.0634 -0.4209
vn 0.6510 -0.0595 -0.7567
vn 0.9070 -0.0040 -0.4210
vn 0.6524 -0.0000 -0.7579
vn 0.8949 -0.4410 0.0686
vn 0.9601 -0.2685 0.0778
vn 0.9940 -0.0682 0.0849
vn 0.9962 -0.0119 0.0862
vn 0.8061 -0.4573 0.3756
vn 0.8961 -0.1201 0.4272
vn 0.8998 -0.0724 0.4302
vn 0.9015 -0.0188 0.4323
vn -0.3486 -0.5154 0.7828
vn 0.0100 -0.4855 0.8742
vn 0.0085 -0.3096 0.9508
vn -0.4025 -0.1561 0.9020
vn 0.0066 -0.1008 0.9949
vn -0.4054 -0.1035 0.9083
vn -0.4072 -0.0442 0.9123
vn 0.0060 -0.0415 0.9991
vn 0.4540 -0.4594 0.7635
vn 0.4861 -0.2882 0.8250
vn 0.5021 -0.0887 0.8602
vn 0.5029 -0.0325 0.8637
vn 0.6942 -0.4619 0.5520
vn 0.7712 -0.1253 0.6242
vn 0.7743 -0.0776 0.6280
vn 0.7757 -0.0240 0.6307
vn -0.7965 -0.4589 -0.3937
vn -0.8855 -0.4566 -0.0863
vn -0.9543 -0.2853 -0.0888
vn -0.8936 -0.1220 -0.4320
vn -0.9924 -0.0857 -0.0879
vn -0.9924 -0.0857 -0.0880
vn -0.8983 -0.0742 -0.4331
vn -0.9011 -0.0206 -0.4331
vn -0.9958 -0.0294 -0.0871
vn -0.7965 -0.4838 0.3625
vn -0.8647 -0.3079 0.3968
vn -0.9032 -0.0990 0.4177
vn -0.9066 -0.0397 0.4202
vn -0.5612 -0.5150 0.6480
vn -0.6451 -0.1556 0.7481
vn -0.6493 -0.1030 0.7535
vn -0.6520 -0.0437 0.7570
vn 0.3591 -0.4767 -0.8024
vn -0.0002 -0.4507 -0.8927
vn -0.0024 -0.2719 -0.9623
vn 0.4053 -0.1118 -0.9073
vn -0.0049 -0.0615 -0.9981
vn 0.4071 -0.0590 -0.9115
vn 0.4077 0.0005 -0.9131
vn -0.0055 -0.0021 -1.0000
vn -0.4446 -0.4383 -0.7812
vn -0.4802 -0.2656 -0.8360
vn -0.5005 -0.0652 -0.8633
vn -0.5025 -0.0089 -0.8645
vn -0.6846 -0.4542 -0.5701
vn -0.7686 -0.1168 -0.6289
vn -0.7728 -0.0690 -0.6309
vn -0.7752 -0.0154 -0.6315
vn -0.7753 -0.0154 -0.6314
vt 0.873451 0.152199
vt 0.896465 0.152199
vt 0.896949 0.153777
vt 0.872967 0.153777
vt 0.876451 0.149219
vt 0.893464 0.149219
vt 0.895180 0.150912
vt 0.874735 0.150912
vt 0.900713 0.123437
vt 0.941023 0.123437
vt 0.941023 0.124729
vt 0.900713 0.124734
vt 0.900713 0.150012
vt 0.941023 0.150023
vt 0.941023 0.151314
vt 0.900713 0.151309
vt 0.871665 0.194087
vt 0.871670 0.153777
vt 0.872957 0.194087
vt 0.873761 0.129515
vt 0.874108 0.128170
vt 0.875106 0.127172
vt 0.876451 0.126825
vt 0.893464 0.126825
vt 0.894810 0.127172
vt 0.895808 0.128170
vt 0.896155 0.129515
vt 0.896155 0.146528
vt 0.895808 0.147873
vt 0.894810 0.148871
vt 0.875106 0.148871
vt 0.874108 0.147873
vt 0.873761 0.146528
vt 0.897849 0.148244
vt 0.897849 0.127799
vt 0.899135 0.126515
vt 0.899135 0.149528
vt 0.896465 0.123845
vt 0.873451 0.123845
vt 0.872967 0.122266
vt 0.896949 0.122266
vt 0.873761 0.146528
vt 0.872067 0.148244
vt 0.872067 0.127799
vt 0.895180 0.125131
vt 0.874735 0.125131
vt 0.870781 0.126515
vt 0.870781 0.149528
vt 0.869202 0.150012
vt 0.869202 0.126031
vt 0.900713 0.126031
vt 0.941023 0.152606
vt 0.900713 0.152606
vt 0.896514 0.150641
vt 0.897578 0.149578
vt 0.896514 0.125402
vt 0.897578 0.126465
vt 0.897776 0.151998
vt 0.898934 0.150840
vt 0.897777 0.124046
vt 0.898934 0.125203
vt 0.899089 0.152199
vt 0.899419 0.153349
vt 0.900285 0.152483
vt 0.899135 0.152152
vt 0.899036 0.150840
vt 0.900615 0.151309
vt 0.899419 0.122694
vt 0.899089 0.123845
vt 0.899135 0.123891
vt 0.900285 0.123560
vt 0.900615 0.124734
vt 0.899036 0.125203
vt 0.872338 0.126465
vt 0.873401 0.125402
vt 0.870982 0.125203
vt 0.872139 0.124046
vt 0.869630 0.123560
vt 0.870781 0.123891
vt 0.870827 0.123845
vt 0.870496 0.122694
vt 0.871670 0.122364
vt 0.872139 0.123944
vt 0.873401 0.150641
vt 0.872338 0.149578
vt 0.872139 0.151998
vt 0.870982 0.150840
vt 0.871670 0.153679
vt 0.872139 0.152100
vt 0.870496 0.153349
vt 0.870827 0.152199
vt 0.870781 0.152152
vt 0.869630 0.152483
vt 0.828892 0.126021
vt 0.828892 0.150023
vt 0.871670 0.122266
vt 0.871665 0.081956
vt 0.872957 0.081956
vt 0.870373 0.194087
vt 0.870373 0.153777
vt 0.941023 0.150022
vt 0.941023 0.126021
vt 0.896959 0.194087
vt 0.896959 0.081956
vt 0.869202 0.152606
vt 0.828892 0.152606
vt 0.899542 0.081956
vt 0.899542 0.122266
vt 0.870373 0.122266
vt 0.870373 0.081956
vt 0.828892 0.123437
vt 0.869202 0.123437
vt 0.899542 0.153777
vt 0.899542 0.194087
vt 0.872231 0.053283
vt 0.872059 0.053924
vt 0.871216 0.053813
vt 0.871475 0.052847
vt 0.870381 0.053674
vt 0.870704 0.052469
vt 0.827224 0.152489
vt 0.827224 0.150080
vt 0.872537 0.052976
vt 0.872101 0.052221
vt 0.870762 0.052368
vt 0.871622 0.051508
vt 0.871606 0.195755
vt 0.870432 0.195755
vt 0.873178 0.052805
vt 0.873068 0.051962
vt 0.871723 0.051449
vt 0.872928 0.051126
vt 0.872928 0.195755
vt 0.871723 0.195755
vt 0.897857 0.053924
vt 0.897685 0.053283
vt 0.898441 0.052847
vt 0.898700 0.053813
vt 0.899212 0.052469
vt 0.899535 0.053674
vt 0.942691 0.150051
vt 0.942691 0.151256
vt 0.897378 0.052976
vt 0.897814 0.052221
vt 0.898293 0.051508
vt 0.899153 0.052368
vt 0.942691 0.151373
vt 0.942691 0.152548
vt 0.896737 0.052805
vt 0.896848 0.051962
vt 0.896988 0.051126
vt 0.898192 0.051449
vt 0.899425 0.195755
vt 0.897016 0.195755
vt 0.896737 0.078602
vt 0.897378 0.078431
vt 0.897814 0.079186
vt 0.896848 0.079445
vt 0.898192 0.079958
vt 0.896988 0.080280
vt 0.897016 0.080288
vt 0.899425 0.080288
vt 0.897685 0.078124
vt 0.898441 0.078560
vt 0.899153 0.079039
vt 0.898293 0.079899
vt 0.942691 0.123495
vt 0.942691 0.124670
vt 0.897857 0.077483
vt 0.898700 0.077594
vt 0.899535 0.077733
vt 0.899212 0.078938
vt 0.942691 0.124787
vt 0.942691 0.125992
vt 0.872059 0.077483
vt 0.872231 0.078124
vt 0.871475 0.078560
vt 0.871216 0.077594
vt 0.870704 0.078938
vt 0.870381 0.077733
vt 0.827224 0.125963
vt 0.827224 0.123554
vt 0.872537 0.078431
vt 0.872101 0.079186
vt 0.871622 0.079899
vt 0.870762 0.079039
vt 0.870432 0.080288
vt 0.871606 0.080288
vt 0.873178 0.078602
vt 0.873068 0.079445
vt 0.872957 0.081122
vt 0.871723 0.081122
vt 0.942691 0.126050
vt 0.942691 0.149993
vt 0.899542 0.053732
vt 0.899542 0.077675
vt 0.896929 0.081122
vt 0.827224 0.149993
vt 0.827224 0.126050
vt 0.870373 0.077675
vt 0.870373 0.053732
vt 0.896929 0.195755
vt 0.872986 0.195755
vt 0.872986 0.051119
vt 0.896929 0.051119
s 1
usemtl Material
f 2093/3191/2577 2062/3192/2578 2054/3193/2579 2085/3194/2580
f 2081/3195/2581 2050/3196/2582 2058/3197/2583 2089/3198/2584
f 2071/3199/2585 2142/3200/2586 2138/3201/2587 2072/3202/2588
f 2053/3203/2589 2118/3204/2590 2126/3205/2591 2055/3206/2592
f 2158/3207/2593 2087/3208/2594 2085/3194/2580 2150/3209/2595
f 2097/3210/2596 2099/3211/2597 2100/3212/2598 2098/3213/2599 2065/3214/2600 2067/3215/2601 2068/3216/2602 2066/3217/2603 2049/3218/2604 2051/3219/2605 2052/3220/2606 2050/3196/2582 2081/3195/2581 2083/3221/2607 2084/3222/2608 2082/3223/2609
f 2089/3198/2584 2058/3197/2583 2062/3192/2610 2093/3191/2611
f 2057/3224/2612 2074/3225/2613 2078/3226/2614 2061/3227/2615
f 2077/3228/2616 2110/3229/2617 2102/3230/2618 2069/3231/2619
f 2097/3210/2596 2082/3232/2609 2090/3233/2620 2105/3234/2621
f 2073/3235/2622 2106/3236/2623 2110/3229/2624 2077/3228/2625
f 2109/3237/2626 2094/3238/2627 2086/3239/2628 2101/3240/2629
f 2105/3234/2621 2090/3233/2620 2094/3238/2630 2109/3237/2631
f 2049/3218/2604 2066/3217/2603 2074/3225/2613 2057/3224/2612
f 2065/3214/2600 2098/3213/2599 2106/3236/2623 2073/3235/2622
f 2061/3227/2632 2078/3226/2633 2070/3241/2634 2053/3203/2589
f 2055/3206/2592 2126/3205/2591 2122/3242/2635 2056/3243/2636
f 2058/3197/2583 2050/3196/2582 2052/3220/2606 2060/3244/2637
f 2060/3244/2637 2052/3220/2606 2051/3219/2605 2059/3245/2638
f 2059/3245/2638 2051/3219/2605 2049/3218/2604 2057/3224/2612
f 2065/3214/2600 2073/3235/2622 2075/3246/2639 2067/3215/2601
f 2067/3215/2601 2075/3246/2639 2076/3247/2640 2068/3216/2602
f 2068/3216/2602 2076/3247/2640 2074/3225/2613 2066/3217/2603
f 2062/3192/2610 2058/3197/2583 2060/3244/2637 2064/3248/2641
f 2064/3248/2641 2060/3244/2637 2059/3245/2638 2063/3249/2642
f 2063/3249/2642 2059/3245/2638 2057/3224/2612 2061/3227/2615
f 2073/3235/2622 2077/3228/2625 2079/3250/2643 2075/3246/2639
f 2075/3246/2639 2079/3250/2643 2080/3251/2644 2076/3247/2640
f 2076/3247/2640 2080/3251/2644 2078/3226/2614 2074/3225/2613
f 2054/3193/2579 2062/3192/2578 2064/3252/2645 2056/3253/2636
f 2056/3254/2636 2064/3255/2645 2063/3256/2646 2055/3257/2592
f 2055/3257/2592 2063/3256/2646 2061/3227/2632 2053/3203/2589
f 2077/3228/2616 2069/3231/2619 2071/3258/2585 2079/3259/2647
f 2079/3260/2647 2071/3261/2585 2072/3262/2588 2080/3263/2648
f 2080/3263/2648 2072/3262/2588 2070/3241/2634 2078/3226/2633
f 2097/3210/2596 2105/3234/2621 2107/3264/2649 2099/3211/2597
f 2099/3211/2597 2107/3264/2649 2108/3265/2650 2100/3212/2598
f 2100/3212/2598 2108/3265/2650 2106/3236/2623 2098/3213/2599
f 2105/3234/2621 2109/3237/2631 2111/3266/2651 2107/3264/2649
f 2107/3264/2649 2111/3266/2651 2112/3267/2652 2108/3265/2650
f 2108/3265/2650 2112/3267/2652 2110/3229/2624 2106/3236/2623
f 2109/3237/2626 2101/3240/2629 2103/3268/2653 2111/3269/2654
f 2111/3270/2654 2103/3271/2653 2104/3272/2655 2112/3273/2656
f 2112/3273/2656 2104/3272/2655 2102/3230/2618 2110/3229/2617
f 2081/3195/2581 2089/3198/2584 2091/3274/2657 2083/3221/2607
f 2083/3221/2607 2091/3274/2657 2092/3275/2658 2084/3222/2608
f 2084/3222/2608 2092/3275/2658 2090/3233/2620 2082/3232/2609
f 2089/3198/2584 2093/3191/2611 2095/3276/2659 2091/3274/2657
f 2091/3274/2657 2095/3276/2659 2096/3277/2660 2092/3275/2658
f 2092/3275/2658 2096/3277/2660 2094/3238/2630 2090/3233/2620
f 2093/3191/2577 2085/3194/2580 2087/3278/2594 2095/3279/2661
f 2095/3279/2661 2087/3278/2594 2088/3280/2662 2096/3281/2663
f 2096/3282/2663 2088/3283/2662 2086/3239/2628 2094/3238/2627
f 2166/3284/2664 2101/3240/2629 2086/3239/2628 2146/3285/2665
f 2104/3286/2655 2170/3287/2666 2162/3288/2667 2102/3230/2618
f 2154/3289/2668 2088/3290/2662 2087/3208/2594 2158/3207/2593
f 2118/3291/2590 2053/3203/2589 2070/3241/2634 2130/3292/2669
f 2072/3202/2588 2138/3201/2587 2130/3292/2669 2070/3241/2634
f 2150/3209/2595 2085/3194/2580 2054/3193/2579 2114/3293/2670
f 2134/3294/2671 2069/3231/2619 2102/3230/2618 2162/3288/2667
f 2146/3285/2665 2086/3239/2628 2088/3295/2662 2154/3296/2668
f 2069/3231/2619 2134/3294/2671 2142/3297/2586 2071/3298/2585
f 2103/3299/2653 2174/3300/2672 2170/3287/2666 2104/3286/2655
f 2101/3240/2629 2166/3284/2664 2174/3301/2672 2103/3302/2653
f 2056/3303/2636 2122/3304/2635 2114/3293/2670 2054/3193/2579
f 2153/3305/2673 2145/3306/2674 2147/3307/2675 2155/3308/2676
f 2155/3308/2677 2147/3307/2675 2148/3309/2678 2156/3310/2677
f 2156/3311/2679 2148/3312/2680 2146/3285/2665 2154/3296/2668
f 2157/3313/2681 2153/3305/2673 2155/3308/2676 2159/3314/2682
f 2159/3314/2683 2155/3308/2677 2156/3315/2677 2160/3316/2683
f 2160/3317/2684 2156/3318/2679 2154/3289/2668 2158/3207/2593
f 2149/3319/2685 2157/3313/2681 2159/3314/2682 2151/3320/2686
f 2151/3320/2686 2159/3314/2683 2160/3321/2683 2152/3322/2687
f 2152/3323/2688 2160/3324/2684 2158/3207/2593 2150/3209/2595
f 2117/3325/2689 2125/3326/2690 2127/3327/2691 2119/3328/2692
f 2119/3328/2692 2127/3327/2693 2128/3329/2693 2120/3330/2694
f 2120/3331/2695 2128/3332/2696 2126/3205/2591 2118/3204/2590
f 2125/3326/2690 2121/3333/2697 2123/3334/2698 2127/3327/2691
f 2127/3327/2693 2123/3334/2699 2124/3335/2699 2128/3336/2693
f 2128/3337/2696 2124/3338/2700 2122/3242/2635 2126/3205/2591
f 2121/3333/2697 2113/3339/2701 2115/3340/2702 2123/3334/2698
f 2123/3334/2699 2115/3340/2702 2116/3341/2703 2124/3342/2699
f 2124/3343/2700 2116/3344/2704 2114/3293/2670 2122/3304/2635
f 2133/3345/2705 2141/3346/2706 2143/3347/2707 2135/3348/2708
f 2135/3348/2708 2143/3347/2709 2144/3349/2710 2136/3350/2711
f 2136/3351/2712 2144/3352/2713 2142/3297/2713 2134/3294/2712
f 2141/3346/2706 2137/3353/2714 2139/3354/2715 2143/3347/2707
f 2143/3347/2709 2139/3354/2716 2140/3355/2716 2144/3356/2710
f 2144/3357/2713 2140/3358/2717 2138/3201/2717 2142/3200/2713
f 2137/3353/2714 2129/3359/2718 2131/3360/2719 2139/3354/2715
f 2139/3354/2716 2131/3360/2719 2132/3361/2720 2140/3362/2716
f 2140/3363/2717 2132/3364/2721 2130/3292/2669 2138/3201/2717
f 2165/3365/2722 2173/3366/2723 2175/3367/2724 2167/3368/2725
f 2167/3368/2725 2175/3367/2726 2176/3369/2726 2168/3370/2727
f 2168/3371/2728 2176/3372/2729 2174/3301/2729 2166/3284/2664
f 2173/3366/2723 2169/3373/2730 2171/3374/2731 2175/3367/2724
f 2175/3367/2726 2171/3374/2732 2172/3375/2732 2176/3376/2726
f 2176/3377/2729 2172/3378/2733 2170/3287/2733 2174/3300/2729
f 2169/3373/2730 2161/3379/2734 2163/3380/2735 2171/3374/2731
f 2171/3374/2732 2163/3380/2735 2164/3381/2736 2172/3382/2732
f 2172/3382/2733 2164/3381/2737 2162/3288/2738 2170/3287/2733
f 2118/3291/2590 2130/3292/2669 2132/3383/2721 2120/3384/2695
f 2120/3385/2694 2132/3386/2720 2131/3360/2719 2119/3328/2692
f 2119/3328/2692 2131/3360/2719 2129/3359/2718 2117/3325/2689
f 2134/3294/2712 2162/3288/2738 2164/3381/2737 2136/3387/2712
f 2136/3387/2711 2164/3381/2736 2163/3380/2735 2135/3348/2708
f 2135/3348/2708 2163/3380/2735 2161/3379/2734 2133/3345/2705
f 2166/3284/2664 2146/3285/2665 2148/3388/2680 2168/3389/2728
f 2168/3390/2727 2148/3391/2678 2147/3307/2675 2167/3368/2725
f 2167/3368/2725 2147/3307/2675 2145/3306/2674 2165/3365/2722
f 2150/3209/2595 2114/3293/2670 2116/3392/2704 2152/3393/2688
f 2152/3394/2687 2116/3395/2703 2115/3340/2702 2151/3320/2686
f 2151/3320/2686 2115/3340/2702 2113/3339/2701 2149/3319/2685
f 2129/3359/2718 2137/3353/2714 2141/3346/2706 2133/3345/2705 2161/3379/2734 2169/3373/2730 2173/3366/2723 2165/3365/2722 2145/3306/2674 2153/3305/2673 2157/3313/2681 2149/3319/2685 2113/3339/2701 2121/3333/2697 2125/3326/2690 2117/3325/2689
o Building.013
v -1.022447 6.211625 -0.284699
v -1.002854 6.211940 -0.290188
v -1.015618 6.211658 -0.282767
v -1.008446 6.211774 -0.284776
v -1.015545 5.998769 -0.263372
v -0.996656 5.999072 -0.268664
v -1.008961 5.998801 -0.261510
v -1.002047 5.998912 -0.263447
v -1.019926 6.182941 -0.272570
v -1.000493 6.183253 -0.278015
v -1.013153 6.182974 -0.270654
v -1.006039 6.183088 -0.272647
v -1.017361 6.105030 -0.264739
v -0.998252 6.105337 -0.270093
v -1.010700 6.105063 -0.262855
v -1.003706 6.105175 -0.264815
v -1.098463 6.212133 -0.350845
v -1.095083 6.211772 -0.330781
v -1.100978 6.211961 -0.343480
v -1.099741 6.211829 -0.336136
v -1.121191 5.999325 -0.347672
v -1.117933 5.998977 -0.328329
v -1.123616 5.999159 -0.340572
v -1.122423 5.999031 -0.333492
v -1.110565 6.183476 -0.347848
v -1.107213 6.183118 -0.327946
v -1.113059 6.183306 -0.340543
v -1.111832 6.183174 -0.333258
v -1.118912 6.105581 -0.346643
v -1.115615 6.105229 -0.327074
v -1.121364 6.105413 -0.339460
v -1.120158 6.105285 -0.332297
v -0.951591 6.214076 -0.370984
v -0.954971 6.214437 -0.391049
v -0.949076 6.214248 -0.378349
v -0.950313 6.214380 -0.385693
v -0.924396 6.002083 -0.382554
v -0.927655 6.002431 -0.401897
v -0.921972 6.002249 -0.389654
v -0.923165 6.002377 -0.396734
v -0.938890 6.185820 -0.375107
v -0.942243 6.186178 -0.395008
v -0.936396 6.185990 -0.382411
v -0.937624 6.186122 -0.389696
v -0.928909 6.108227 -0.379385
v -0.932205 6.108579 -0.398954
v -0.926456 6.108394 -0.386568
v -0.927663 6.108523 -0.393730
v -1.027607 6.214584 -0.437131
v -1.047200 6.214270 -0.431641
v -1.034436 6.214550 -0.439062
v -1.041608 6.214435 -0.437053
v -1.030042 6.002639 -0.466854
v -1.048931 6.002336 -0.461562
v -1.036626 6.002606 -0.468717
v -1.043540 6.002496 -0.466779
v -1.029529 6.186355 -0.450384
v -1.048963 6.186043 -0.444939
v -1.036303 6.186321 -0.452300
v -1.043416 6.186207 -0.450307
v -1.030460 6.108778 -0.461288
v -1.049569 6.108471 -0.455935
v -1.037120 6.108745 -0.463173
v -1.044115 6.108633 -0.461213
v -1.030286 3.011569 -0.332649
v -1.021926 3.196197 -0.320135
v -1.025396 3.036280 -0.327727
v -1.022336 3.103858 -0.323147
v -1.043150 3.011363 -0.329045
v -1.051613 3.195720 -0.311817
v -1.046670 3.035939 -0.321767
v -1.049767 3.103418 -0.315461
v -1.034490 3.011444 -0.328580
v -1.030399 3.195946 -0.311935
v -1.031734 3.036092 -0.321593
v -1.030237 3.103624 -0.315500
v -1.038015 3.011388 -0.327593
v -1.041266 3.195771 -0.308890
v -1.038929 3.035976 -0.319577
v -1.040119 3.103466 -0.312732
v -1.201842 3.011684 -0.429723
v -1.213290 3.196048 -0.414388
v -1.206856 3.036263 -0.423393
v -1.211046 3.103745 -0.417780
v -1.204061 3.011921 -0.442896
v -1.218411 3.196595 -0.444789
v -1.210526 3.036655 -0.445178
v -1.215778 3.104250 -0.445871
v -1.205343 3.011727 -0.433749
v -1.220346 3.196134 -0.422503
v -1.212134 3.036327 -0.429463
v -1.217626 3.103825 -0.425346
v -1.205951 3.011792 -0.437359
v -1.222221 3.196334 -0.433630
v -1.213376 3.036460 -0.436830
v -1.219331 3.104007 -0.435466
v -0.920508 3.016473 -0.522341
v -0.912944 3.201498 -0.530374
v -0.916014 3.041383 -0.527693
v -0.913246 3.109107 -0.530633
v -0.918289 3.016236 -0.509168
v -0.907823 3.200951 -0.499973
v -0.912345 3.040991 -0.505908
v -0.908514 3.108601 -0.502543
v -0.917007 3.016430 -0.518315
v -0.905888 3.201412 -0.522260
v -0.910736 3.041318 -0.521623
v -0.906666 3.109026 -0.523067
v -0.916399 3.016365 -0.514705
v -0.904013 3.201212 -0.511132
v -0.909495 3.041186 -0.514255
v -0.904961 3.108844 -0.512948
v -1.092064 3.016588 -0.619415
v -1.104308 3.201349 -0.624627
v -1.097474 3.041366 -0.623359
v -1.101956 3.108993 -0.625267
v -1.079201 3.016794 -0.623019
v -1.074621 3.201826 -0.632945
v -1.076201 3.041707 -0.629319
v -1.074525 3.109433 -0.632952
v -1.087860 3.016713 -0.623484
v -1.095835 3.201601 -0.632828
v -1.091136 3.041554 -0.629493
v -1.094055 3.109227 -0.632913
v -1.084335 3.016769 -0.624471
v -1.084968 3.201775 -0.635872
v -1.083941 3.041669 -0.631509
v -1.084173 3.109386 -0.635682
vn 0.8922 0.0245 0.4510
vn 0.7875 0.0201 0.6160
vn 0.7738 0.0004 0.6334
vn 0.9018 0.0059 0.4322
vn 0.7457 0.5149 0.4229
vn 0.6879 0.5125 0.5139
vn 0.7825 0.1388 0.6070
vn 0.8791 0.1429 0.4547
vn -0.9974 0.0297 -0.0650
vn -0.9937 0.0385 -0.1057
vn -0.9304 0.0209 0.3660
vn -0.8933 0.0150 0.4493
vn -0.3859 -0.0032 0.9225
vn -0.4186 -0.0269 0.9078
vn -0.0193 -0.0285 0.9994
vn 0.0397 -0.0034 0.9992
vn 0.9980 -0.0033 0.0624
vn 0.9945 0.0191 0.1031
vn 0.9052 -0.0154 0.4246
vn 0.3835 0.5741 -0.7234
vn 0.0363 0.6218 -0.7823
vn -0.4517 0.5902 -0.6691
vn -0.6988 0.5178 -0.4935
vn -0.7565 0.5154 -0.4025
vn -0.8117 0.5752 -0.1018
vn -0.7068 0.5909 0.3889
vn -0.5044 0.5371 0.6761
vn -0.3952 0.5369 0.7454
vn -0.0490 0.5896 0.8062
vn 0.4395 0.5726 0.6920
vn 0.7995 0.5876 0.1247
vn 0.6941 0.6205 -0.3650
vn 0.4928 0.5739 -0.6541
vn 0.7467 0.0885 0.6593
vn 0.9123 0.0954 0.3982
vn -0.4333 0.1358 0.8910
vn -0.6211 0.1361 0.7718
vn -0.6845 0.0820 0.7244
vn -0.3636 0.0813 0.9280
vn -0.8927 0.0235 -0.4500
vn -0.7880 0.0279 -0.6150
vn -0.7719 0.0404 -0.6344
vn -0.9045 0.0346 -0.4251
vn 0.6177 0.1796 -0.7656
vn 0.4300 0.1799 -0.8847
vn -0.8821 0.1422 -0.4491
vn -0.7855 0.1462 -0.6014
vn -0.7487 0.0988 -0.6556
vn -0.9143 0.0919 -0.3945
vn 0.4293 0.0490 -0.9018
vn 0.6331 0.0486 -0.7725
vn 0.6700 0.0431 -0.7411
vn 0.4192 0.0477 -0.9066
vn 0.6823 0.1249 -0.7203
vn 0.3614 0.1255 -0.9239
vn -0.4299 0.0043 0.9029
vn -0.6337 0.0047 0.7736
vn -0.6418 0.0011 0.7668
vn 0.4851 -0.0260 0.8740
vn 0.5133 -0.0017 0.8582
vn 0.5188 0.1574 0.8403
vn -0.0288 0.1586 0.9869
vn -0.9808 0.1604 -0.1111
vn -0.8801 0.1604 0.4468
vn 0.4729 0.1021 0.8752
vn 0.0367 0.1007 0.9942
vn -0.9930 0.1051 -0.0547
vn -0.9148 0.1026 0.3906
vn 0.5179 0.0191 0.8552
vn -0.0150 0.0124 0.9998
vn -0.9943 0.0222 -0.1042
vn -0.8981 0.0142 0.4395
vn 0.0250 0.1981 -0.9799
vn -0.5224 0.1795 -0.8336
vn -0.0392 0.1391 -0.9895
vn -0.4753 0.1267 -0.8707
vn 0.0223 0.0554 -0.9982
vn 0.0143 0.0522 -0.9985
vn -0.4880 0.0522 -0.8713
vn -0.5186 0.0420 -0.8540
vn 0.9772 0.1765 0.1178
vn 0.8764 0.1963 -0.4397
vn 0.9905 0.1237 0.0593
vn 0.9123 0.1372 -0.3858
vn 0.9937 0.0389 0.1054
vn 0.9216 0.0352 -0.3866
vn 0.8974 0.0504 -0.4382
vn 0.3878 0.0246 -0.9214
vn 0.6430 0.0196 -0.7656
vn -0.5150 0.0603 -0.8550
vn -0.7709 0.0522 -0.6348
vn 0.8954 0.0116 -0.4451
vn -0.6692 -0.0214 0.7428
vn 0.7715 -0.0213 0.6358
vn -0.9025 0.0461 -0.4282
vn -0.0613 0.0605 -0.9963
vn 0.8064 -0.4523 -0.3810
vn 0.5716 -0.4771 -0.6676
vn 0.6479 -0.1123 -0.7534
vn 0.8709 -0.2737 -0.4083
vn 0.9049 -0.0634 -0.4209
vn 0.6510 -0.0595 -0.7567
vn 0.9070 -0.0040 -0.4210
vn 0.6524 -0.0000 -0.7579
vn 0.8949 -0.4410 0.0686
vn 0.9601 -0.2685 0.0778
vn 0.9940 -0.0682 0.0849
vn 0.9962 -0.0119 0.0862
vn 0.8061 -0.4573 0.3756
vn 0.8961 -0.1201 0.4272
vn 0.8998 -0.0724 0.4302
vn 0.9015 -0.0188 0.4323
vn -0.3486 -0.5154 0.7828
vn 0.0100 -0.4855 0.8742
vn 0.0085 -0.3096 0.9508
vn -0.4025 -0.1561 0.9020
vn 0.0066 -0.1008 0.9949
vn -0.4054 -0.1035 0.9083
vn -0.4072 -0.0442 0.9123
vn 0.0060 -0.0415 0.9991
vn 0.4540 -0.4594 0.7635
vn 0.4861 -0.2882 0.8250
vn 0.5021 -0.0887 0.8602
vn 0.5029 -0.0325 0.8637
vn 0.6942 -0.4619 0.5520
vn 0.7712 -0.1253 0.6242
vn 0.7743 -0.0776 0.6280
vn 0.7757 -0.0240 0.6307
vn -0.7965 -0.4589 -0.3937
vn -0.8855 -0.4566 -0.0863
vn -0.9543 -0.2853 -0.0888
vn -0.8936 -0.1220 -0.4320
vn -0.9924 -0.0857 -0.0879
vn -0.9924 -0.0857 -0.0880
vn -0.8983 -0.0742 -0.4331
vn -0.9011 -0.0206 -0.4331
vn -0.9958 -0.0294 -0.0871
vn -0.7965 -0.4838 0.3625
vn -0.8647 -0.3079 0.3968
vn -0.9032 -0.0990 0.4177
vn -0.9066 -0.0397 0.4202
vn -0.5612 -0.5150 0.6480
vn -0.6451 -0.1556 0.7481
vn -0.6493 -0.1030 0.7535
vn -0.6520 -0.0437 0.7570
vn 0.3591 -0.4767 -0.8024
vn -0.0002 -0.4507 -0.8927
vn -0.0024 -0.2719 -0.9623
vn 0.4053 -0.1118 -0.9073
vn -0.0049 -0.0615 -0.9981
vn 0.4071 -0.0590 -0.9115
vn 0.4077 0.0005 -0.9131
vn -0.0055 -0.0021 -1.0000
vn -0.4446 -0.4383 -0.7812
vn -0.4802 -0.2656 -0.8360
vn -0.5005 -0.0652 -0.8633
vn -0.5025 -0.0089 -0.8645
vn -0.6846 -0.4542 -0.5701
vn -0.7686 -0.1168 -0.6289
vn -0.7728 -0.0690 -0.6309
vn -0.7752 -0.0154 -0.6315
vn -0.7753 -0.0154 -0.6314
vt 0.873451 0.152199
vt 0.896465 0.152199
vt 0.896949 0.153777
vt 0.872967 0.153777
vt 0.876451 0.149219
vt 0.893464 0.149219
vt 0.895180 0.150912
vt 0.874735 0.150912
vt 0.900713 0.123437
vt 0.941023 0.123437
vt 0.941023 0.124729
vt 0.900713 0.124734
vt 0.900713 0.150012
vt 0.941023 0.150023
vt 0.941023 0.151314
vt 0.900713 0.151309
vt 0.871665 0.194087
vt 0.871670 0.153777
vt 0.872957 0.194087
vt 0.873761 0.129515
vt 0.874108 0.128170
vt 0.875106 0.127172
vt 0.876451 0.126825
vt 0.893464 0.126825
vt 0.894810 0.127172
vt 0.895808 0.128170
vt 0.896155 0.129515
vt 0.896155 0.146528
vt 0.895808 0.147873
vt 0.894810 0.148871
vt 0.875106 0.148871
vt 0.874108 0.147873
vt 0.873761 0.146528
vt 0.897849 0.148244
vt 0.897849 0.127799
vt 0.899135 0.126515
vt 0.899135 0.149528
vt 0.896465 0.123845
vt 0.873451 0.123845
vt 0.872967 0.122266
vt 0.896949 0.122266
vt 0.873761 0.146528
vt 0.872067 0.148244
vt 0.872067 0.127799
vt 0.895180 0.125131
vt 0.874735 0.125131
vt 0.870781 0.126515
vt 0.870781 0.149528
vt 0.869202 0.150012
vt 0.869202 0.126031
vt 0.900713 0.126031
vt 0.941023 0.152606
vt 0.900713 0.152606
vt 0.896514 0.150641
vt 0.897578 0.149578
vt 0.896514 0.125402
vt 0.897578 0.126465
vt 0.897776 0.151998
vt 0.898934 0.150840
vt 0.897777 0.124046
vt 0.898934 0.125203
vt 0.899089 0.152199
vt 0.899419 0.153349
vt 0.900285 0.152483
vt 0.899135 0.152152
vt 0.899036 0.150840
vt 0.900615 0.151309
vt 0.899419 0.122694
vt 0.899089 0.123845
vt 0.899135 0.123891
vt 0.900285 0.123560
vt 0.900615 0.124734
vt 0.899036 0.125203
vt 0.872338 0.126465
vt 0.873401 0.125402
vt 0.870982 0.125203
vt 0.872139 0.124046
vt 0.869630 0.123560
vt 0.870781 0.123891
vt 0.870827 0.123845
vt 0.870496 0.122694
vt 0.871670 0.122364
vt 0.872139 0.123944
vt 0.873401 0.150641
vt 0.872338 0.149578
vt 0.872139 0.151998
vt 0.870982 0.150840
vt 0.871670 0.153679
vt 0.872139 0.152100
vt 0.870496 0.153349
vt 0.870827 0.152199
vt 0.870781 0.152152
vt 0.869630 0.152483
vt 0.828892 0.126021
vt 0.828892 0.150023
vt 0.871670 0.122266
vt 0.871665 0.081956
vt 0.872957 0.081956
vt 0.870373 0.194087
vt 0.870373 0.153777
vt 0.941023 0.150022
vt 0.941023 0.126021
vt 0.896959 0.194087
vt 0.896959 0.081956
vt 0.869202 0.152606
vt 0.828892 0.152606
vt 0.899542 0.081956
vt 0.899542 0.122266
vt 0.870373 0.122266
vt 0.870373 0.081956
vt 0.828892 0.123437
vt 0.869202 0.123437
vt 0.899542 0.153777
vt 0.899542 0.194087
vt 0.872231 0.053283
vt 0.872059 0.053924
vt 0.871216 0.053813
vt 0.871475 0.052847
vt 0.870381 0.053674
vt 0.870704 0.052469
vt 0.827224 0.152489
vt 0.827224 0.150080
vt 0.872537 0.052976
vt 0.872101 0.052221
vt 0.870762 0.052368
vt 0.871622 0.051508
vt 0.871606 0.195755
vt 0.870432 0.195755
vt 0.873178 0.052805
vt 0.873068 0.051962
vt 0.871723 0.051449
vt 0.872928 0.051126
vt 0.872928 0.195755
vt 0.871723 0.195755
vt 0.897857 0.053924
vt 0.897685 0.053283
vt 0.898441 0.052847
vt 0.898700 0.053813
vt 0.899212 0.052469
vt 0.899535 0.053674
vt 0.942691 0.150051
vt 0.942691 0.151256
vt 0.897378 0.052976
vt 0.897814 0.052221
vt 0.898293 0.051508
vt 0.899153 0.052368
vt 0.942691 0.151373
vt 0.942691 0.152548
vt 0.896737 0.052805
vt 0.896848 0.051962
vt 0.896988 0.051126
vt 0.898192 0.051449
vt 0.899425 0.195755
vt 0.897016 0.195755
vt 0.896737 0.078602
vt 0.897378 0.078431
vt 0.897814 0.079186
vt 0.896848 0.079445
vt 0.898192 0.079958
vt 0.896988 0.080280
vt 0.897016 0.080288
vt 0.899425 0.080288
vt 0.897685 0.078124
vt 0.898441 0.078560
vt 0.899153 0.079039
vt 0.898293 0.079899
vt 0.942691 0.123495
vt 0.942691 0.124670
vt 0.897857 0.077483
vt 0.898700 0.077594
vt 0.899535 0.077733
vt 0.899212 0.078938
vt 0.942691 0.124787
vt 0.942691 0.125992
vt 0.872059 0.077483
vt 0.872231 0.078124
vt 0.871475 0.078560
vt 0.871216 0.077594
vt 0.870704 0.078938
vt 0.870381 0.077733
vt 0.827224 0.125963
vt 0.827224 0.123554
vt 0.872537 0.078431
vt 0.872101 0.079186
vt 0.871622 0.079899
vt 0.870762 0.079039
vt 0.870432 0.080288
vt 0.871606 0.080288
vt 0.873178 0.078602
vt 0.873068 0.079445
vt 0.872957 0.081122
vt 0.871723 0.081122
vt 0.942691 0.126050
vt 0.942691 0.149993
vt 0.899542 0.053732
vt 0.899542 0.077675
vt 0.896929 0.081122
vt 0.827224 0.149993
vt 0.827224 0.126050
vt 0.870373 0.077675
vt 0.870373 0.053732
vt 0.896929 0.195755
vt 0.872986 0.195755
vt 0.872986 0.051119
vt 0.896929 0.051119
s 1
usemtl Material
f 2221/3396/2739 2190/3397/2740 2182/3398/2741 2213/3399/2742
f 2209/3400/2743 2178/3401/2744 2186/3402/2745 2217/3403/2746
f 2199/3404/2747 2270/3405/2748 2266/3406/2749 2200/3407/2750
f 2181/3408/2751 2246/3409/2752 2254/3410/2753 2183/3411/2754
f 2286/3412/2755 2215/3413/2756 2213/3399/2742 2278/3414/2757
f 2225/3415/2758 2227/3416/2759 2228/3417/2760 2226/3418/2761 2193/3419/2762 2195/3420/2763 2196/3421/2764 2194/3422/2765 2177/3423/2766 2179/3424/2767 2180/3425/2768 2178/3401/2744 2209/3400/2743 2211/3426/2769 2212/3427/2770 2210/3428/2771
f 2217/3403/2746 2186/3402/2745 2190/3397/2772 2221/3396/2773
f 2185/3429/2774 2202/3430/2775 2206/3431/2776 2189/3432/2777
f 2205/3433/2778 2238/3434/2779 2230/3435/2780 2197/3436/2781
f 2225/3415/2758 2210/3437/2771 2218/3438/2782 2233/3439/2783
f 2201/3440/2784 2234/3441/2785 2238/3434/2786 2205/3433/2787
f 2237/3442/2788 2222/3443/2789 2214/3444/2790 2229/3445/2791
f 2233/3439/2783 2218/3438/2782 2222/3443/2792 2237/3442/2793
f 2177/3423/2766 2194/3422/2765 2202/3430/2775 2185/3429/2774
f 2193/3419/2762 2226/3418/2761 2234/3441/2785 2201/3440/2784
f 2189/3432/2794 2206/3431/2795 2198/3446/2796 2181/3408/2751
f 2183/3411/2754 2254/3410/2753 2250/3447/2797 2184/3448/2798
f 2186/3402/2745 2178/3401/2744 2180/3425/2768 2188/3449/2799
f 2188/3449/2799 2180/3425/2768 2179/3424/2767 2187/3450/2800
f 2187/3450/2800 2179/3424/2767 2177/3423/2766 2185/3429/2774
f 2193/3419/2762 2201/3440/2784 2203/3451/2801 2195/3420/2763
f 2195/3420/2763 2203/3451/2801 2204/3452/2802 2196/3421/2764
f 2196/3421/2764 2204/3452/2802 2202/3430/2775 2194/3422/2765
f 2190/3397/2772 2186/3402/2745 2188/3449/2799 2192/3453/2803
f 2192/3453/2803 2188/3449/2799 2187/3450/2800 2191/3454/2804
f 2191/3454/2804 2187/3450/2800 2185/3429/2774 2189/3432/2777
f 2201/3440/2784 2205/3433/2787 2207/3455/2805 2203/3451/2801
f 2203/3451/2801 2207/3455/2805 2208/3456/2806 2204/3452/2802
f 2204/3452/2802 2208/3456/2806 2206/3431/2776 2202/3430/2775
f 2182/3398/2741 2190/3397/2740 2192/3457/2807 2184/3458/2798
f 2184/3459/2798 2192/3460/2807 2191/3461/2808 2183/3462/2754
f 2183/3462/2754 2191/3461/2808 2189/3432/2794 2181/3408/2751
f 2205/3433/2778 2197/3436/2781 2199/3463/2747 2207/3464/2809
f 2207/3465/2809 2199/3466/2747 2200/3467/2750 2208/3468/2810
f 2208/3468/2810 2200/3467/2750 2198/3446/2796 2206/3431/2795
f 2225/3415/2758 2233/3439/2783 2235/3469/2811 2227/3416/2759
f 2227/3416/2759 2235/3469/2811 2236/3470/2812 2228/3417/2760
f 2228/3417/2760 2236/3470/2812 2234/3441/2785 2226/3418/2761
f 2233/3439/2783 2237/3442/2793 2239/3471/2813 2235/3469/2811
f 2235/3469/2811 2239/3471/2813 2240/3472/2814 2236/3470/2812
f 2236/3470/2812 2240/3472/2814 2238/3434/2786 2234/3441/2785
f 2237/3442/2788 2229/3445/2791 2231/3473/2815 2239/3474/2816
f 2239/3475/2816 2231/3476/2815 2232/3477/2817 2240/3478/2818
f 2240/3478/2818 2232/3477/2817 2230/3435/2780 2238/3434/2779
f 2209/3400/2743 2217/3403/2746 2219/3479/2819 2211/3426/2769
f 2211/3426/2769 2219/3479/2819 2220/3480/2820 2212/3427/2770
f 2212/3427/2770 2220/3480/2820 2218/3438/2782 2210/3437/2771
f 2217/3403/2746 2221/3396/2773 2223/3481/2821 2219/3479/2819
f 2219/3479/2819 2223/3481/2821 2224/3482/2822 2220/3480/2820
f 2220/3480/2820 2224/3482/2822 2222/3443/2792 2218/3438/2782
f 2221/3396/2739 2213/3399/2742 2215/3483/2756 2223/3484/2823
f 2223/3484/2823 2215/3483/2756 2216/3485/2824 2224/3486/2825
f 2224/3487/2825 2216/3488/2824 2214/3444/2790 2222/3443/2789
f 2294/3489/2826 2229/3445/2791 2214/3444/2790 2274/3490/2827
f 2232/3491/2817 2298/3492/2828 2290/3493/2829 2230/3435/2780
f 2282/3494/2830 2216/3495/2824 2215/3413/2756 2286/3412/2755
f 2246/3496/2752 2181/3408/2751 2198/3446/2796 2258/3497/2831
f 2200/3407/2750 2266/3406/2749 2258/3497/2831 2198/3446/2796
f 2278/3414/2757 2213/3399/2742 2182/3398/2741 2242/3498/2832
f 2262/3499/2833 2197/3436/2781 2230/3435/2780 2290/3493/2829
f 2274/3490/2827 2214/3444/2790 2216/3500/2824 2282/3501/2830
f 2197/3436/2781 2262/3499/2833 2270/3502/2748 2199/3503/2747
f 2231/3504/2815 2302/3505/2834 2298/3492/2828 2232/3491/2817
f 2229/3445/2791 2294/3489/2826 2302/3506/2834 2231/3507/2815
f 2184/3508/2798 2250/3509/2797 2242/3498/2832 2182/3398/2741
f 2281/3510/2835 2273/3511/2836 2275/3512/2837 2283/3513/2838
f 2283/3513/2839 2275/3512/2837 2276/3514/2840 2284/3515/2839
f 2284/3516/2841 2276/3517/2842 2274/3490/2827 2282/3501/2830
f 2285/3518/2843 2281/3510/2835 2283/3513/2838 2287/3519/2844
f 2287/3519/2845 2283/3513/2839 2284/3520/2839 2288/3521/2845
f 2288/3522/2846 2284/3523/2841 2282/3494/2830 2286/3412/2755
f 2277/3524/2847 2285/3518/2843 2287/3519/2844 2279/3525/2848
f 2279/3525/2848 2287/3519/2845 2288/3526/2845 2280/3527/2849
f 2280/3528/2850 2288/3529/2846 2286/3412/2755 2278/3414/2757
f 2245/3530/2851 2253/3531/2852 2255/3532/2853 2247/3533/2854
f 2247/3533/2854 2255/3532/2855 2256/3534/2855 2248/3535/2856
f 2248/3536/2857 2256/3537/2858 2254/3410/2753 2246/3409/2752
f 2253/3531/2852 2249/3538/2859 2251/3539/2860 2255/3532/2853
f 2255/3532/2855 2251/3539/2861 2252/3540/2861 2256/3541/2855
f 2256/3542/2858 2252/3543/2862 2250/3447/2797 2254/3410/2753
f 2249/3538/2859 2241/3544/2863 2243/3545/2864 2251/3539/2860
f 2251/3539/2861 2243/3545/2864 2244/3546/2865 2252/3547/2861
f 2252/3548/2862 2244/3549/2866 2242/3498/2832 2250/3509/2797
f 2261/3550/2867 2269/3551/2868 2271/3552/2869 2263/3553/2870
f 2263/3553/2870 2271/3552/2871 2272/3554/2872 2264/3555/2873
f 2264/3556/2874 2272/3557/2875 2270/3502/2875 2262/3499/2874
f 2269/3551/2868 2265/3558/2876 2267/3559/2877 2271/3552/2869
f 2271/3552/2871 2267/3559/2878 2268/3560/2878 2272/3561/2872
f 2272/3562/2875 2268/3563/2879 2266/3406/2879 2270/3405/2875
f 2265/3558/2876 2257/3564/2880 2259/3565/2881 2267/3559/2877
f 2267/3559/2878 2259/3565/2881 2260/3566/2882 2268/3567/2878
f 2268/3568/2879 2260/3569/2883 2258/3497/2831 2266/3406/2879
f 2293/3570/2884 2301/3571/2885 2303/3572/2886 2295/3573/2887
f 2295/3573/2887 2303/3572/2888 2304/3574/2888 2296/3575/2889
f 2296/3576/2890 2304/3577/2891 2302/3506/2891 2294/3489/2826
f 2301/3571/2885 2297/3578/2892 2299/3579/2893 2303/3572/2886
f 2303/3572/2888 2299/3579/2894 2300/3580/2894 2304/3581/2888
f 2304/3582/2891 2300/3583/2895 2298/3492/2895 2302/3505/2891
f 2297/3578/2892 2289/3584/2896 2291/3585/2897 2299/3579/2893
f 2299/3579/2894 2291/3585/2897 2292/3586/2898 2300/3587/2894
f 2300/3587/2895 2292/3586/2899 2290/3493/2900 2298/3492/2895
f 2246/3496/2752 2258/3497/2831 2260/3588/2883 2248/3589/2857
f 2248/3590/2856 2260/3591/2882 2259/3565/2881 2247/3533/2854
f 2247/3533/2854 2259/3565/2881 2257/3564/2880 2245/3530/2851
f 2262/3499/2874 2290/3493/2900 2292/3586/2899 2264/3592/2874
f 2264/3592/2873 2292/3586/2898 2291/3585/2897 2263/3553/2870
f 2263/3553/2870 2291/3585/2897 2289/3584/2896 2261/3550/2867
f 2294/3489/2826 2274/3490/2827 2276/3593/2842 2296/3594/2890
f 2296/3595/2889 2276/3596/2840 2275/3512/2837 2295/3573/2887
f 2295/3573/2887 2275/3512/2837 2273/3511/2836 2293/3570/2884
f 2278/3414/2757 2242/3498/2832 2244/3597/2866 2280/3598/2850
f 2280/3599/2849 2244/3600/2865 2243/3545/2864 2279/3525/2848
f 2279/3525/2848 2243/3545/2864 2241/3544/2863 2277/3524/2847
f 2257/3564/2880 2265/3558/2876 2269/3551/2868 2261/3550/2867 2289/3584/2896 2297/3578/2892 2301/3571/2885 2293/3570/2884 2273/3511/2836 2281/3510/2835 2285/3518/2843 2277/3524/2847 2241/3544/2863 2249/3538/2859 2253/3531/2852 2245/3530/2851
o Building.016
v 0.935206 3.165478 0.656163
v 0.920982 3.165792 0.670714
v 0.928325 3.165511 0.657904
v 0.923119 3.165627 0.663230
v 0.918565 2.952622 0.641144
v 0.904853 2.952925 0.655172
v 0.911932 2.952654 0.642823
v 0.906913 2.952765 0.647958
v 0.926959 3.136794 0.646919
v 0.912851 3.137106 0.661352
v 0.920134 3.136827 0.648647
v 0.914970 3.136941 0.653929
v 0.920821 3.058883 0.641420
v 0.906949 3.059190 0.655612
v 0.914111 3.058916 0.643119
v 0.909034 3.059028 0.648313
v 1.034111 3.165986 0.675439
v 1.021152 3.165625 0.659753
v 1.032606 3.165814 0.667804
v 1.027863 3.165682 0.662062
v 1.052208 2.953177 0.661327
v 1.039714 2.952829 0.646205
v 1.050757 2.953012 0.653966
v 1.046184 2.952884 0.648431
v 1.043093 3.137329 0.666792
v 1.030239 3.136971 0.651234
v 1.041600 3.137158 0.659219
v 1.036895 3.137027 0.653524
v 1.049719 3.059434 0.661575
v 1.037080 3.059082 0.646277
v 1.048251 3.059267 0.654129
v 1.043625 3.059138 0.648529
v 0.916985 3.167928 0.766316
v 0.929945 3.168289 0.782003
v 0.918490 3.168101 0.773952
v 0.923233 3.168233 0.779693
v 0.899219 2.955936 0.789933
v 0.911712 2.956284 0.805056
v 0.900670 2.956102 0.797294
v 0.905242 2.956229 0.802829
v 0.908048 3.139673 0.776237
v 0.920901 3.140031 0.791795
v 0.909540 3.139843 0.783810
v 0.914245 3.139975 0.789505
v 0.901543 3.062079 0.784933
v 0.914182 3.062432 0.800231
v 0.903010 3.062247 0.792379
v 0.907636 3.062376 0.797979
v 1.015890 3.168437 0.785593
v 1.030114 3.168122 0.771042
v 1.022771 3.168403 0.783851
v 1.027977 3.168288 0.778525
v 1.032861 2.956492 0.810116
v 1.046574 2.956188 0.796088
v 1.039494 2.956459 0.808437
v 1.044513 2.956348 0.803303
v 1.024182 3.140208 0.796109
v 1.038289 3.139896 0.781677
v 1.031006 3.140174 0.794382
v 1.036170 3.140060 0.789099
v 1.030440 3.062631 0.805088
v 1.044312 3.062324 0.790896
v 1.037150 3.062598 0.803389
v 1.042228 3.062485 0.798195
v 0.965970 -0.034578 0.693770
v 0.952473 0.150049 0.687112
v 0.959274 -0.009867 0.691952
v 0.954334 0.057711 0.689515
v 0.975308 -0.034785 0.684217
v 0.974024 0.149573 0.665065
v 0.974717 -0.010209 0.676153
v 0.974247 0.057271 0.669143
v 0.967577 -0.034703 0.688144
v 0.955711 0.149798 0.675774
v 0.961696 -0.010055 0.683471
v 0.957353 0.057477 0.678943
v 0.970135 -0.034759 0.685526
v 0.963599 0.149624 0.667704
v 0.966919 -0.010171 0.678127
v 0.964527 0.057318 0.671604
v 1.163079 -0.034463 0.692060
v 1.165325 0.149900 0.673056
v 1.164256 -0.009884 0.684071
v 1.165078 0.057598 0.677115
v 1.171587 -0.034226 0.702358
v 1.184961 0.150448 0.696823
v 1.178326 -0.009492 0.701102
v 1.183222 0.058103 0.699076
v 1.168124 -0.034420 0.693796
v 1.175493 0.149987 0.676555
v 1.171862 -0.009820 0.686688
v 1.174559 0.057678 0.680377
v 1.170455 -0.034355 0.696618
v 1.182681 0.150187 0.685254
v 1.176621 -0.009687 0.692448
v 1.181095 0.057860 0.688289
v 0.965745 -0.029674 0.912936
v 0.963211 0.155351 0.923675
v 0.964530 -0.004764 0.919818
v 0.963602 0.062960 0.923749
v 0.957237 -0.029911 0.902638
v 0.943576 0.154804 0.899908
v 0.950459 -0.005156 0.902787
v 0.945459 0.062454 0.901788
v 0.960700 -0.029717 0.911200
v 0.953043 0.155265 0.920176
v 0.956924 -0.004829 0.917201
v 0.954121 0.062879 0.920486
v 0.958369 -0.029782 0.908378
v 0.945856 0.155065 0.911477
v 0.952165 -0.004962 0.911441
v 0.947585 0.062697 0.912575
v 1.162854 -0.029559 0.911227
v 1.176064 0.155202 0.909619
v 1.169511 -0.004781 0.911937
v 1.174347 0.062846 0.911349
v 1.153516 -0.029353 0.920780
v 1.154513 0.155679 0.931666
v 1.154068 -0.004440 0.927736
v 1.154433 0.063286 0.931720
v 1.161247 -0.029435 0.916853
v 1.172826 0.155453 0.920957
v 1.167089 -0.004593 0.920418
v 1.171327 0.063080 0.921921
v 1.158689 -0.029378 0.919470
v 1.164938 0.155628 0.929027
v 1.161866 -0.004478 0.925762
v 1.164154 0.063239 0.929260
vn -0.9982 0.0245 0.0556
vn -0.9900 0.0201 -0.1397
vn -0.9868 0.0004 -0.1617
vn -0.9970 0.0059 0.0766
vn -0.8572 0.5149 0.0066
vn -0.8527 0.5125 -0.1011
vn -0.9811 0.1388 -0.1344
vn -0.9887 0.1429 0.0458
vn 0.8963 0.0297 -0.4424
vn 0.9134 0.0385 -0.4053
vn 0.6227 0.0209 -0.7822
vn 0.5490 0.0150 -0.8357
vn -0.1271 -0.0032 -0.9919
vn -0.0913 -0.0269 -0.9955
vn -0.4830 -0.0285 -0.8752
vn -0.5340 -0.0034 -0.8455
vn -0.8955 -0.0033 0.4450
vn -0.9128 0.0191 0.4080
vn -0.9963 -0.0154 0.0849
vn 0.0296 0.5741 0.8182
vn 0.3597 0.6218 0.6956
vn 0.7258 0.5902 0.3535
vn 0.8519 0.5178 0.0780
vn 0.8564 0.5154 -0.0297
vn 0.7538 0.5752 -0.3177
vn 0.4176 0.5909 -0.6902
vn 0.0988 0.5371 -0.8377
vn -0.0305 0.5369 -0.8431
vn -0.3606 0.5896 -0.7227
vn -0.7267 0.5726 -0.3796
vn -0.7547 0.5876 0.2917
vn -0.4186 0.6205 0.6631
vn -0.0997 0.5739 0.8128
vn -0.9763 0.0885 -0.1976
vn -0.9892 0.0954 0.1113
vn -0.0702 0.1358 -0.9882
vn 0.1519 0.1361 -0.9790
vn 0.2306 0.0820 -0.9696
vn -0.1492 0.0813 -0.9855
vn 0.9981 0.0235 -0.0566
vn 0.9900 0.0279 0.1386
vn 0.9857 0.0404 0.1635
vn 0.9959 0.0346 -0.0841
vn -0.1522 0.1796 0.9719
vn 0.0700 0.1799 0.9812
vn 0.9885 0.1422 -0.0522
vn 0.9809 0.1462 0.1281
vn 0.9761 0.0988 0.1934
vn 0.9890 0.0919 -0.1155
vn 0.0791 0.0490 0.9957
vn -0.1620 0.0486 0.9856
vn -0.2097 0.0431 0.9768
vn 0.0902 0.0477 0.9948
vn -0.2307 0.1249 0.9650
vn 0.1490 0.1255 0.9808
vn -0.0791 0.0043 -0.9969
vn 0.1620 0.0047 -0.9868
vn 0.1724 0.0011 -0.9850
vn -0.8572 -0.0260 -0.5144
vn -0.8737 -0.0017 -0.4865
vn -0.8695 0.1574 -0.4683
vn -0.4685 0.1586 -0.8691
vn 0.9049 0.1604 -0.3942
vn 0.5388 0.1604 -0.8270
vn -0.8471 0.1021 -0.5215
vn -0.5289 0.1007 -0.8427
vn 0.8873 0.1051 -0.4491
vn 0.5970 0.1026 -0.7957
vn -0.8761 0.0191 -0.4817
vn -0.4869 0.0124 -0.8733
vn 0.9132 0.0222 -0.4069
vn 0.5580 0.0142 -0.8297
vn 0.4683 0.1981 0.8611
vn 0.8692 0.1795 0.4607
vn 0.5287 0.1391 0.8373
vn 0.8469 0.1267 0.5164
vn 0.4798 0.0554 0.8756
vn 0.4869 0.0522 0.8719
vn 0.8583 0.0522 0.5105
vn 0.8761 0.0420 0.4803
vn -0.9052 0.1765 0.3866
vn -0.5391 0.1963 0.8190
vn -0.8875 0.1237 0.4440
vn -0.5972 0.1372 0.7903
vn -0.9132 0.0389 0.4056
vn -0.6048 0.0352 0.7956
vn -0.5581 0.0504 0.8282
vn 0.1249 0.0246 0.9919
vn -0.1741 0.0196 0.9845
vn 0.8736 0.0603 0.4830
vn 0.9850 0.0522 0.1643
vn -0.5529 0.0116 0.8332
vn 0.2081 -0.0214 -0.9779
vn -0.9861 -0.0213 -0.1649
vn 0.9957 0.0461 -0.0804
vn 0.5512 0.0605 0.8322
vn -0.5079 -0.4523 0.7332
vn -0.1612 -0.4771 0.8639
vn -0.1844 -0.1123 0.9764
vn -0.5500 -0.2737 0.7890
vn -0.5732 -0.0634 0.8170
vn -0.1854 -0.0595 0.9809
vn -0.5750 -0.0040 0.8181
vn -0.1861 -0.0000 0.9825
vn -0.8093 -0.4410 0.3880
vn -0.8704 -0.2685 0.4127
vn -0.9033 -0.0682 0.4235
vn -0.9059 -0.0119 0.4234
vn -0.8859 -0.4573 0.0777
vn -0.9897 -0.1201 0.0781
vn -0.9944 -0.0724 0.0774
vn -0.9969 -0.0188 0.0764
vn -0.0895 -0.5154 -0.8523
vn -0.4458 -0.4855 -0.7521
vn -0.4828 -0.3096 -0.8192
vn -0.1025 -0.1561 -0.9824
vn -0.5031 -0.1008 -0.8583
vn -0.1031 -0.1035 -0.9893
vn -0.1035 -0.0442 -0.9937
vn -0.5047 -0.0415 -0.8623
vn -0.7749 -0.4594 -0.4342
vn -0.8334 -0.2882 -0.4715
vn -0.8650 -0.0887 -0.4939
vn -0.8674 -0.0325 -0.4966
vn -0.8772 -0.4619 -0.1309
vn -0.9799 -0.1253 -0.1550
vn -0.9846 -0.0776 -0.1567
vn -0.9871 -0.0240 -0.1584
vn 0.8866 -0.4589 -0.0572
vn 0.8100 -0.4566 -0.3680
vn 0.8708 -0.2853 -0.4003
vn 0.9899 -0.1220 -0.0727
vn 0.9034 -0.0857 -0.4201
vn 0.9034 -0.0857 -0.4200
vn 0.9945 -0.0742 -0.0741
vn 0.9969 -0.0206 -0.0755
vn 0.9059 -0.0294 -0.4225
vn 0.5086 -0.4838 -0.7122
vn 0.5505 -0.3079 -0.7760
vn 0.5733 -0.0990 -0.8133
vn 0.5750 -0.0397 -0.8172
vn 0.1620 -0.5150 -0.8417
vn 0.1846 -0.1556 -0.9704
vn 0.1856 -0.1030 -0.9772
vn 0.1861 -0.0437 -0.9816
vn 0.0902 -0.4767 0.8744
vn 0.4465 -0.4507 0.7730
vn 0.4833 -0.2719 0.8322
vn 0.1027 -0.1118 0.9884
vn 0.5033 -0.0615 0.8619
vn 0.1032 -0.0590 0.9929
vn 0.1035 0.0005 0.9946
vn 0.5048 -0.0021 0.8632
vn 0.5047 -0.0021 0.8633
vn 0.7756 -0.4383 0.4543
vn 0.8339 -0.2656 0.4839
vn 0.8651 -0.0652 0.4974
vn 0.8674 -0.0089 0.4975
vn 0.8779 -0.4542 0.1514
vn 0.9801 -0.1168 0.1604
vn 0.9847 -0.0690 0.1600
vn 0.9871 -0.0154 0.1592
vt 0.873451 0.152199
vt 0.896465 0.152199
vt 0.896949 0.153777
vt 0.872967 0.153777
vt 0.876451 0.149219
vt 0.893464 0.149219
vt 0.895180 0.150912
vt 0.874735 0.150912
vt 0.900713 0.123437
vt 0.941023 0.123437
vt 0.941023 0.124729
vt 0.900713 0.124734
vt 0.900713 0.150012
vt 0.941023 0.150023
vt 0.941023 0.151314
vt 0.900713 0.151309
vt 0.871665 0.194087
vt 0.871670 0.153777
vt 0.872957 0.194087
vt 0.873761 0.129515
vt 0.874108 0.128170
vt 0.875106 0.127172
vt 0.876451 0.126825
vt 0.893464 0.126825
vt 0.894810 0.127172
vt 0.895808 0.128170
vt 0.896155 0.129515
vt 0.896155 0.146528
vt 0.895808 0.147873
vt 0.894810 0.148871
vt 0.875106 0.148871
vt 0.874108 0.147873
vt 0.873761 0.146528
vt 0.897849 0.148244
vt 0.897849 0.127799
vt 0.899135 0.126515
vt 0.899135 0.149528
vt 0.896465 0.123845
vt 0.873451 0.123845
vt 0.872967 0.122266
vt 0.896949 0.122266
vt 0.873761 0.146528
vt 0.872067 0.148244
vt 0.872067 0.127799
vt 0.895180 0.125131
vt 0.874735 0.125131
vt 0.870781 0.126515
vt 0.870781 0.149528
vt 0.869202 0.150012
vt 0.869202 0.126031
vt 0.900713 0.126031
vt 0.941023 0.152606
vt 0.900713 0.152606
vt 0.896514 0.150641
vt 0.897578 0.149578
vt 0.896514 0.125402
vt 0.897578 0.126465
vt 0.897776 0.151998
vt 0.898934 0.150840
vt 0.897777 0.124046
vt 0.898934 0.125203
vt 0.899089 0.152199
vt 0.899419 0.153349
vt 0.900285 0.152483
vt 0.899135 0.152152
vt 0.899036 0.150840
vt 0.900615 0.151309
vt 0.899419 0.122694
vt 0.899089 0.123845
vt 0.899135 0.123891
vt 0.900285 0.123560
vt 0.900615 0.124734
vt 0.899036 0.125203
vt 0.872338 0.126465
vt 0.873401 0.125402
vt 0.870982 0.125203
vt 0.872139 0.124046
vt 0.869630 0.123560
vt 0.870781 0.123891
vt 0.870827 0.123845
vt 0.870496 0.122694
vt 0.871670 0.122364
vt 0.872139 0.123944
vt 0.873401 0.150641
vt 0.872338 0.149578
vt 0.872139 0.151998
vt 0.870982 0.150840
vt 0.871670 0.153679
vt 0.872139 0.152100
vt 0.870496 0.153349
vt 0.870827 0.152199
vt 0.870781 0.152152
vt 0.869630 0.152483
vt 0.828892 0.126021
vt 0.828892 0.150023
vt 0.871670 0.122266
vt 0.871665 0.081956
vt 0.872957 0.081956
vt 0.870373 0.194087
vt 0.870373 0.153777
vt 0.941023 0.150022
vt 0.941023 0.126021
vt 0.896959 0.194087
vt 0.896959 0.081956
vt 0.869202 0.152606
vt 0.828892 0.152606
vt 0.899542 0.081956
vt 0.899542 0.122266
vt 0.870373 0.122266
vt 0.870373 0.081956
vt 0.828892 0.123437
vt 0.869202 0.123437
vt 0.899542 0.153777
vt 0.899542 0.194087
vt 0.872231 0.053283
vt 0.872059 0.053924
vt 0.871216 0.053813
vt 0.871475 0.052847
vt 0.870381 0.053674
vt 0.870704 0.052469
vt 0.827224 0.152489
vt 0.827224 0.150080
vt 0.872537 0.052976
vt 0.872101 0.052221
vt 0.870762 0.052368
vt 0.871622 0.051508
vt 0.871606 0.195755
vt 0.870432 0.195755
vt 0.873178 0.052805
vt 0.873068 0.051962
vt 0.871723 0.051449
vt 0.872928 0.051126
vt 0.872928 0.195755
vt 0.871723 0.195755
vt 0.897857 0.053924
vt 0.897685 0.053283
vt 0.898441 0.052847
vt 0.898700 0.053813
vt 0.899212 0.052469
vt 0.899535 0.053674
vt 0.942691 0.150051
vt 0.942691 0.151256
vt 0.897378 0.052976
vt 0.897814 0.052221
vt 0.898293 0.051508
vt 0.899153 0.052368
vt 0.942691 0.151373
vt 0.942691 0.152548
vt 0.896737 0.052805
vt 0.896848 0.051962
vt 0.896988 0.051126
vt 0.898192 0.051449
vt 0.899425 0.195755
vt 0.897016 0.195755
vt 0.896737 0.078602
vt 0.897378 0.078431
vt 0.897814 0.079186
vt 0.896848 0.079445
vt 0.898192 0.079958
vt 0.896988 0.080280
vt 0.897016 0.080288
vt 0.899425 0.080288
vt 0.897685 0.078124
vt 0.898441 0.078560
vt 0.899153 0.079039
vt 0.898293 0.079899
vt 0.942691 0.123495
vt 0.942691 0.124670
vt 0.897857 0.077483
vt 0.898700 0.077594
vt 0.899535 0.077733
vt 0.899212 0.078938
vt 0.942691 0.124787
vt 0.942691 0.125992
vt 0.872059 0.077483
vt 0.872231 0.078124
vt 0.871475 0.078560
vt 0.871216 0.077594
vt 0.870704 0.078938
vt 0.870381 0.077733
vt 0.827224 0.125963
vt 0.827224 0.123554
vt 0.872537 0.078431
vt 0.872101 0.079186
vt 0.871622 0.079899
vt 0.870762 0.079039
vt 0.870432 0.080288
vt 0.871606 0.080288
vt 0.873178 0.078602
vt 0.873068 0.079445
vt 0.872957 0.081122
vt 0.871723 0.081122
vt 0.942691 0.126050
vt 0.942691 0.149993
vt 0.899542 0.053732
vt 0.899542 0.077675
vt 0.896929 0.081122
vt 0.827224 0.149993
vt 0.827224 0.126050
vt 0.870373 0.077675
vt 0.870373 0.053732
vt 0.896929 0.195755
vt 0.872986 0.195755
vt 0.872986 0.051119
vt 0.896929 0.051119
s 1
usemtl Material
f 2349/3601/2901 2318/3602/2902 2310/3603/2903 2341/3604/2904
f 2337/3605/2905 2306/3606/2906 2314/3607/2907 2345/3608/2908
f 2327/3609/2909 2398/3610/2910 2394/3611/2911 2328/3612/2912
f 2309/3613/2913 2374/3614/2914 2382/3615/2915 2311/3616/2916
f 2414/3617/2917 2343/3618/2918 2341/3604/2904 2406/3619/2919
f 2353/3620/2920 2355/3621/2921 2356/3622/2922 2354/3623/2923 2321/3624/2924 2323/3625/2925 2324/3626/2926 2322/3627/2927 2305/3628/2928 2307/3629/2929 2308/3630/2930 2306/3606/2906 2337/3605/2905 2339/3631/2931 2340/3632/2932 2338/3633/2933
f 2345/3608/2908 2314/3607/2907 2318/3602/2934 2349/3601/2935
f 2313/3634/2936 2330/3635/2937 2334/3636/2938 2317/3637/2939
f 2333/3638/2940 2366/3639/2941 2358/3640/2942 2325/3641/2943
f 2353/3620/2920 2338/3642/2933 2346/3643/2944 2361/3644/2945
f 2329/3645/2946 2362/3646/2947 2366/3639/2948 2333/3638/2949
f 2365/3647/2950 2350/3648/2951 2342/3649/2952 2357/3650/2953
f 2361/3644/2945 2346/3643/2944 2350/3648/2954 2365/3647/2955
f 2305/3628/2928 2322/3627/2927 2330/3635/2937 2313/3634/2936
f 2321/3624/2924 2354/3623/2923 2362/3646/2947 2329/3645/2946
f 2317/3637/2956 2334/3636/2957 2326/3651/2958 2309/3613/2913
f 2311/3616/2916 2382/3615/2915 2378/3652/2959 2312/3653/2960
f 2314/3607/2907 2306/3606/2906 2308/3630/2930 2316/3654/2961
f 2316/3654/2961 2308/3630/2930 2307/3629/2929 2315/3655/2962
f 2315/3655/2962 2307/3629/2929 2305/3628/2928 2313/3634/2936
f 2321/3624/2924 2329/3645/2946 2331/3656/2963 2323/3625/2925
f 2323/3625/2925 2331/3656/2963 2332/3657/2964 2324/3626/2926
f 2324/3626/2926 2332/3657/2964 2330/3635/2937 2322/3627/2927
f 2318/3602/2934 2314/3607/2907 2316/3654/2961 2320/3658/2965
f 2320/3658/2965 2316/3654/2961 2315/3655/2962 2319/3659/2966
f 2319/3659/2966 2315/3655/2962 2313/3634/2936 2317/3637/2939
f 2329/3645/2946 2333/3638/2949 2335/3660/2967 2331/3656/2963
f 2331/3656/2963 2335/3660/2967 2336/3661/2968 2332/3657/2964
f 2332/3657/2964 2336/3661/2968 2334/3636/2938 2330/3635/2937
f 2310/3603/2903 2318/3602/2902 2320/3662/2969 2312/3663/2960
f 2312/3664/2960 2320/3665/2969 2319/3666/2970 2311/3667/2916
f 2311/3667/2916 2319/3666/2970 2317/3637/2956 2309/3613/2913
f 2333/3638/2940 2325/3641/2943 2327/3668/2909 2335/3669/2971
f 2335/3670/2971 2327/3671/2909 2328/3672/2912 2336/3673/2972
f 2336/3673/2972 2328/3672/2912 2326/3651/2958 2334/3636/2957
f 2353/3620/2920 2361/3644/2945 2363/3674/2973 2355/3621/2921
f 2355/3621/2921 2363/3674/2973 2364/3675/2974 2356/3622/2922
f 2356/3622/2922 2364/3675/2974 2362/3646/2947 2354/3623/2923
f 2361/3644/2945 2365/3647/2955 2367/3676/2975 2363/3674/2973
f 2363/3674/2973 2367/3676/2975 2368/3677/2976 2364/3675/2974
f 2364/3675/2974 2368/3677/2976 2366/3639/2948 2362/3646/2947
f 2365/3647/2950 2357/3650/2953 2359/3678/2977 2367/3679/2978
f 2367/3680/2978 2359/3681/2977 2360/3682/2979 2368/3683/2980
f 2368/3683/2980 2360/3682/2979 2358/3640/2942 2366/3639/2941
f 2337/3605/2905 2345/3608/2908 2347/3684/2981 2339/3631/2931
f 2339/3631/2931 2347/3684/2981 2348/3685/2982 2340/3632/2932
f 2340/3632/2932 2348/3685/2982 2346/3643/2944 2338/3642/2933
f 2345/3608/2908 2349/3601/2935 2351/3686/2983 2347/3684/2981
f 2347/3684/2981 2351/3686/2983 2352/3687/2984 2348/3685/2982
f 2348/3685/2982 2352/3687/2984 2350/3648/2954 2346/3643/2944
f 2349/3601/2901 2341/3604/2904 2343/3688/2918 2351/3689/2985
f 2351/3689/2985 2343/3688/2918 2344/3690/2986 2352/3691/2987
f 2352/3692/2987 2344/3693/2986 2342/3649/2952 2350/3648/2951
f 2422/3694/2988 2357/3650/2953 2342/3649/2952 2402/3695/2989
f 2360/3696/2979 2426/3697/2990 2418/3698/2991 2358/3640/2942
f 2410/3699/2992 2344/3700/2986 2343/3618/2918 2414/3617/2917
f 2374/3701/2914 2309/3613/2913 2326/3651/2958 2386/3702/2993
f 2328/3612/2912 2394/3611/2911 2386/3702/2993 2326/3651/2958
f 2406/3619/2919 2341/3604/2904 2310/3603/2903 2370/3703/2994
f 2390/3704/2995 2325/3641/2943 2358/3640/2942 2418/3698/2991
f 2402/3695/2989 2342/3649/2952 2344/3705/2986 2410/3706/2992
f 2325/3641/2943 2390/3704/2995 2398/3707/2910 2327/3708/2909
f 2359/3709/2977 2430/3710/2996 2426/3697/2990 2360/3696/2979
f 2357/3650/2953 2422/3694/2988 2430/3711/2996 2359/3712/2977
f 2312/3713/2960 2378/3714/2959 2370/3703/2994 2310/3603/2903
f 2409/3715/2997 2401/3716/2998 2403/3717/2999 2411/3718/3000
f 2411/3718/3001 2403/3717/2999 2404/3719/3002 2412/3720/3001
f 2412/3721/3003 2404/3722/3004 2402/3695/2989 2410/3706/2992
f 2413/3723/3005 2409/3715/2997 2411/3718/3000 2415/3724/3006
f 2415/3724/3007 2411/3718/3001 2412/3725/3001 2416/3726/3007
f 2416/3727/3008 2412/3728/3003 2410/3699/2992 2414/3617/2917
f 2405/3729/3009 2413/3723/3005 2415/3724/3006 2407/3730/3010
f 2407/3730/3010 2415/3724/3007 2416/3731/3007 2408/3732/3011
f 2408/3733/3012 2416/3734/3008 2414/3617/2917 2406/3619/2919
f 2373/3735/3013 2381/3736/3014 2383/3737/3015 2375/3738/3016
f 2375/3738/3016 2383/3737/3017 2384/3739/3017 2376/3740/3018
f 2376/3741/3019 2384/3742/3020 2382/3615/2915 2374/3614/2914
f 2381/3736/3014 2377/3743/3021 2379/3744/3022 2383/3737/3015
f 2383/3737/3017 2379/3744/3023 2380/3745/3023 2384/3746/3017
f 2384/3747/3020 2380/3748/3024 2378/3652/2959 2382/3615/2915
f 2377/3743/3021 2369/3749/3025 2371/3750/3026 2379/3744/3022
f 2379/3744/3023 2371/3750/3026 2372/3751/3027 2380/3752/3023
f 2380/3753/3024 2372/3754/3028 2370/3703/2994 2378/3714/2959
f 2389/3755/3029 2397/3756/3030 2399/3757/3031 2391/3758/3032
f 2391/3758/3032 2399/3757/3033 2400/3759/3034 2392/3760/3035
f 2392/3761/3036 2400/3762/3037 2398/3707/3037 2390/3704/3036
f 2397/3756/3030 2393/3763/3038 2395/3764/3039 2399/3757/3031
f 2399/3757/3033 2395/3764/3040 2396/3765/3040 2400/3766/3034
f 2400/3767/3037 2396/3768/3041 2394/3611/3041 2398/3610/3037
f 2393/3763/3038 2385/3769/3042 2387/3770/3043 2395/3764/3039
f 2395/3764/3040 2387/3770/3043 2388/3771/3044 2396/3772/3040
f 2396/3773/3041 2388/3774/3045 2386/3702/2993 2394/3611/3041
f 2421/3775/3046 2429/3776/3047 2431/3777/3048 2423/3778/3049
f 2423/3778/3049 2431/3777/3050 2432/3779/3050 2424/3780/3051
f 2424/3781/3052 2432/3782/3053 2430/3711/3054 2422/3694/2988
f 2429/3776/3047 2425/3783/3055 2427/3784/3056 2431/3777/3048
f 2431/3777/3050 2427/3784/3057 2428/3785/3057 2432/3786/3050
f 2432/3787/3053 2428/3788/3058 2426/3697/3058 2430/3710/3054
f 2425/3783/3055 2417/3789/3059 2419/3790/3060 2427/3784/3056
f 2427/3784/3057 2419/3790/3060 2420/3791/3061 2428/3792/3057
f 2428/3792/3058 2420/3791/3062 2418/3698/3062 2426/3697/3058
f 2374/3701/2914 2386/3702/2993 2388/3793/3045 2376/3794/3019
f 2376/3795/3018 2388/3796/3044 2387/3770/3043 2375/3738/3016
f 2375/3738/3016 2387/3770/3043 2385/3769/3042 2373/3735/3013
f 2390/3704/3036 2418/3698/3062 2420/3791/3062 2392/3797/3036
f 2392/3797/3035 2420/3791/3061 2419/3790/3060 2391/3758/3032
f 2391/3758/3032 2419/3790/3060 2417/3789/3059 2389/3755/3029
f 2422/3694/2988 2402/3695/2989 2404/3798/3004 2424/3799/3052
f 2424/3800/3051 2404/3801/3002 2403/3717/2999 2423/3778/3049
f 2423/3778/3049 2403/3717/2999 2401/3716/2998 2421/3775/3046
f 2406/3619/2919 2370/3703/2994 2372/3802/3028 2408/3803/3012
f 2408/3804/3011 2372/3805/3027 2371/3750/3026 2407/3730/3010
f 2407/3730/3010 2371/3750/3026 2369/3749/3025 2405/3729/3009
f 2385/3769/3042 2393/3763/3038 2397/3756/3030 2389/3755/3029 2417/3789/3059 2425/3783/3055 2429/3776/3047 2421/3775/3046 2401/3716/2998 2409/3715/2997 2413/3723/3005 2405/3729/3009 2369/3749/3025 2377/3743/3021 2381/3736/3014 2373/3735/3013
o Building.017
v 0.891814 4.988829 0.385171
v 0.877590 4.989143 0.399722
v 0.884933 4.988863 0.386913
v 0.879727 4.988977 0.392239
v 0.875173 4.775973 0.370153
v 0.861461 4.776277 0.384181
v 0.868540 4.776006 0.371832
v 0.863521 4.776116 0.376966
v 0.883567 4.960145 0.375928
v 0.869459 4.960457 0.390360
v 0.876742 4.960178 0.377655
v 0.871578 4.960293 0.382938
v 0.877429 4.882235 0.370429
v 0.863557 4.882541 0.384620
v 0.870719 4.882267 0.372127
v 0.865641 4.882380 0.377322
v 0.990719 4.989337 0.404447
v 0.977760 4.988976 0.388761
v 0.989214 4.989165 0.396812
v 0.984471 4.989033 0.391070
v 1.008816 4.776528 0.390336
v 0.996322 4.776180 0.375213
v 1.007365 4.776363 0.382975
v 1.002792 4.776236 0.377440
v 0.999701 4.960680 0.395801
v 0.986847 4.960322 0.380242
v 0.998208 4.960509 0.388227
v 0.993503 4.960379 0.382533
v 1.006327 4.882786 0.390584
v 0.993688 4.882433 0.375285
v 1.004859 4.882618 0.383137
v 1.000233 4.882489 0.377537
v 0.873593 4.991280 0.495325
v 0.886552 4.991641 0.511011
v 0.875098 4.991452 0.502960
v 0.879841 4.991584 0.508702
v 0.855827 4.779287 0.518942
v 0.868320 4.779635 0.534064
v 0.857277 4.779453 0.526303
v 0.861850 4.779581 0.531838
v 0.864656 4.963024 0.505245
v 0.877509 4.963382 0.520804
v 0.866148 4.963195 0.512818
v 0.870853 4.963326 0.518513
v 0.858150 4.885430 0.513941
v 0.870789 4.885783 0.529240
v 0.859618 4.885598 0.521388
v 0.864244 4.885727 0.526987
v 0.972498 4.991788 0.514601
v 0.986722 4.991473 0.500050
v 0.979379 4.991755 0.512859
v 0.984585 4.991639 0.507533
v 0.989469 4.779843 0.539125
v 1.003181 4.779540 0.525097
v 0.996102 4.779810 0.537446
v 1.001121 4.779699 0.532311
v 0.980790 4.963559 0.525118
v 0.994897 4.963247 0.510685
v 0.987614 4.963526 0.523390
v 0.992778 4.963411 0.518108
v 0.987048 4.885982 0.534096
v 1.000920 4.885675 0.519905
v 0.993758 4.885949 0.532397
v 0.998836 4.885837 0.527203
v 0.922578 1.788773 0.422778
v 0.909081 1.973401 0.416120
v 0.915882 1.813484 0.420960
v 0.910942 1.881062 0.418523
v 0.931916 1.788567 0.413225
v 0.930632 1.972924 0.394073
v 0.931325 1.813142 0.405162
v 0.930855 1.880622 0.398152
v 0.924185 1.788648 0.417152
v 0.912319 1.973149 0.404782
v 0.918304 1.813296 0.412479
v 0.913961 1.880828 0.407951
v 0.926743 1.788592 0.414534
v 0.920207 1.972975 0.396712
v 0.923527 1.813181 0.407136
v 0.921135 1.880669 0.400612
v 1.119686 1.788888 0.421068
v 1.121933 1.973252 0.402064
v 1.120864 1.813467 0.413079
v 1.121686 1.880949 0.406123
v 1.128195 1.789125 0.431367
v 1.141569 1.973799 0.425831
v 1.134934 1.813859 0.430111
v 1.139830 1.881454 0.428084
v 1.124732 1.788931 0.422805
v 1.132102 1.973338 0.405563
v 1.128470 1.813532 0.415697
v 1.131167 1.881029 0.409386
v 1.127063 1.788996 0.425627
v 1.139289 1.973538 0.414263
v 1.133229 1.813664 0.421457
v 1.137703 1.881211 0.417297
v 0.922353 1.793677 0.641945
v 0.919819 1.978702 0.652683
v 0.921138 1.818587 0.648827
v 0.920210 1.886311 0.652757
v 0.913845 1.793440 0.631646
v 0.900184 1.978155 0.628916
v 0.907067 1.818195 0.631795
v 0.902067 1.885805 0.630796
v 0.917308 1.793634 0.640209
v 0.909651 1.978616 0.649184
v 0.913532 1.818522 0.646209
v 0.910729 1.886230 0.649495
v 0.914977 1.793569 0.637387
v 0.902464 1.978416 0.640485
v 0.908773 1.818390 0.640449
v 0.904193 1.886048 0.641583
v 1.119462 1.793792 0.640235
v 1.132672 1.978553 0.638628
v 1.126119 1.818570 0.640945
v 1.130955 1.886197 0.640357
v 1.110124 1.793998 0.649788
v 1.111121 1.979030 0.660674
v 1.110676 1.818911 0.656744
v 1.111041 1.886638 0.660729
v 1.117855 1.793917 0.645861
v 1.129434 1.978805 0.649966
v 1.123697 1.818758 0.649427
v 1.127935 1.886431 0.650929
v 1.115296 1.793973 0.648479
v 1.121546 1.978979 0.658036
v 1.118474 1.818873 0.654770
v 1.120762 1.886590 0.658268
vn -0.9982 0.0245 0.0556
vn -0.9900 0.0201 -0.1397
vn -0.9868 0.0004 -0.1617
vn -0.9970 0.0059 0.0766
vn -0.8572 0.5149 0.0066
vn -0.8527 0.5125 -0.1011
vn -0.9811 0.1388 -0.1344
vn -0.9887 0.1429 0.0458
vn 0.8963 0.0297 -0.4424
vn 0.9134 0.0385 -0.4053
vn 0.6227 0.0209 -0.7822
vn 0.5490 0.0150 -0.8357
vn -0.1271 -0.0032 -0.9919
vn -0.0913 -0.0269 -0.9955
vn -0.4830 -0.0285 -0.8752
vn -0.5340 -0.0034 -0.8455
vn -0.8955 -0.0033 0.4450
vn -0.9128 0.0191 0.4080
vn -0.9963 -0.0154 0.0849
vn 0.0296 0.5741 0.8182
vn 0.3597 0.6218 0.6956
vn 0.7258 0.5902 0.3535
vn 0.8519 0.5178 0.0780
vn 0.8564 0.5154 -0.0297
vn 0.7538 0.5752 -0.3177
vn 0.4176 0.5909 -0.6902
vn 0.0988 0.5371 -0.8377
vn -0.0305 0.5369 -0.8431
vn -0.3606 0.5896 -0.7227
vn -0.7267 0.5726 -0.3796
vn -0.7547 0.5876 0.2917
vn -0.4186 0.6205 0.6631
vn -0.0997 0.5739 0.8128
vn -0.9763 0.0885 -0.1976
vn -0.9892 0.0954 0.1113
vn -0.0702 0.1358 -0.9882
vn 0.1519 0.1361 -0.9790
vn 0.2306 0.0820 -0.9696
vn -0.1492 0.0813 -0.9855
vn 0.9981 0.0235 -0.0566
vn 0.9900 0.0279 0.1386
vn 0.9857 0.0404 0.1635
vn 0.9959 0.0346 -0.0841
vn -0.1522 0.1796 0.9719
vn 0.0700 0.1799 0.9812
vn 0.9885 0.1422 -0.0522
vn 0.9809 0.1462 0.1281
vn 0.9761 0.0988 0.1934
vn 0.9890 0.0919 -0.1155
vn 0.0791 0.0490 0.9957
vn -0.1620 0.0486 0.9856
vn -0.2097 0.0431 0.9768
vn 0.0902 0.0477 0.9948
vn -0.2307 0.1249 0.9650
vn 0.1490 0.1255 0.9808
vn -0.0791 0.0043 -0.9969
vn 0.1620 0.0047 -0.9868
vn 0.1724 0.0011 -0.9850
vn -0.8572 -0.0260 -0.5144
vn -0.8737 -0.0017 -0.4865
vn -0.8695 0.1574 -0.4683
vn -0.4685 0.1586 -0.8691
vn 0.9049 0.1604 -0.3942
vn 0.5388 0.1604 -0.8270
vn -0.8471 0.1021 -0.5215
vn -0.5289 0.1007 -0.8427
vn 0.8873 0.1051 -0.4491
vn 0.5970 0.1026 -0.7957
vn -0.8761 0.0191 -0.4817
vn -0.4869 0.0124 -0.8733
vn 0.9132 0.0222 -0.4069
vn 0.5580 0.0142 -0.8297
vn 0.4683 0.1981 0.8611
vn 0.8692 0.1795 0.4607
vn 0.5287 0.1391 0.8373
vn 0.8469 0.1267 0.5164
vn 0.4798 0.0554 0.8756
vn 0.4869 0.0522 0.8719
vn 0.8583 0.0522 0.5105
vn 0.8761 0.0420 0.4803
vn -0.9052 0.1765 0.3866
vn -0.5391 0.1963 0.8190
vn -0.8875 0.1237 0.4440
vn -0.5972 0.1372 0.7903
vn -0.9132 0.0389 0.4056
vn -0.6048 0.0352 0.7956
vn -0.5581 0.0504 0.8282
vn 0.1249 0.0246 0.9919
vn -0.1741 0.0196 0.9845
vn 0.8736 0.0603 0.4830
vn 0.9850 0.0522 0.1643
vn -0.5529 0.0116 0.8332
vn 0.2081 -0.0214 -0.9779
vn -0.9861 -0.0213 -0.1649
vn 0.9957 0.0461 -0.0804
vn 0.5512 0.0605 0.8322
vn -0.5079 -0.4523 0.7332
vn -0.1612 -0.4771 0.8639
vn -0.1844 -0.1123 0.9764
vn -0.5500 -0.2737 0.7890
vn -0.5732 -0.0634 0.8170
vn -0.1854 -0.0595 0.9809
vn -0.5750 -0.0040 0.8181
vn -0.1861 -0.0000 0.9825
vn -0.8093 -0.4410 0.3880
vn -0.8704 -0.2685 0.4127
vn -0.9033 -0.0682 0.4235
vn -0.9059 -0.0119 0.4234
vn -0.8859 -0.4573 0.0777
vn -0.9897 -0.1201 0.0781
vn -0.9944 -0.0724 0.0774
vn -0.9969 -0.0188 0.0764
vn -0.0895 -0.5154 -0.8523
vn -0.4458 -0.4855 -0.7521
vn -0.4828 -0.3096 -0.8192
vn -0.1025 -0.1561 -0.9824
vn -0.5031 -0.1008 -0.8583
vn -0.1031 -0.1035 -0.9893
vn -0.1035 -0.0442 -0.9937
vn -0.5047 -0.0415 -0.8623
vn -0.7749 -0.4594 -0.4342
vn -0.8334 -0.2882 -0.4715
vn -0.8650 -0.0887 -0.4939
vn -0.8674 -0.0325 -0.4966
vn -0.8772 -0.4619 -0.1309
vn -0.9799 -0.1253 -0.1550
vn -0.9846 -0.0776 -0.1567
vn -0.9871 -0.0240 -0.1584
vn 0.8866 -0.4589 -0.0572
vn 0.8100 -0.4566 -0.3680
vn 0.8708 -0.2853 -0.4003
vn 0.9899 -0.1220 -0.0727
vn 0.9034 -0.0857 -0.4201
vn 0.9034 -0.0857 -0.4200
vn 0.9945 -0.0742 -0.0741
vn 0.9969 -0.0206 -0.0755
vn 0.9059 -0.0294 -0.4225
vn 0.5086 -0.4838 -0.7122
vn 0.5505 -0.3079 -0.7760
vn 0.5733 -0.0990 -0.8133
vn 0.5750 -0.0397 -0.8172
vn 0.1620 -0.5150 -0.8417
vn 0.1846 -0.1556 -0.9704
vn 0.1856 -0.1030 -0.9772
vn 0.1861 -0.0437 -0.9816
vn 0.0902 -0.4767 0.8744
vn 0.4465 -0.4507 0.7730
vn 0.4833 -0.2719 0.8322
vn 0.1027 -0.1118 0.9884
vn 0.5033 -0.0615 0.8619
vn 0.1032 -0.0590 0.9929
vn 0.1035 0.0005 0.9946
vn 0.5048 -0.0021 0.8632
vn 0.5047 -0.0021 0.8633
vn 0.7756 -0.4383 0.4543
vn 0.8339 -0.2656 0.4839
vn 0.8651 -0.0652 0.4974
vn 0.8674 -0.0089 0.4975
vn 0.8779 -0.4542 0.1514
vn 0.9801 -0.1168 0.1604
vn 0.9847 -0.0690 0.1600
vn 0.9871 -0.0154 0.1592
vt 0.873451 0.152199
vt 0.896465 0.152199
vt 0.896949 0.153777
vt 0.872967 0.153777
vt 0.876451 0.149219
vt 0.893464 0.149219
vt 0.895180 0.150912
vt 0.874735 0.150912
vt 0.900713 0.123437
vt 0.941023 0.123437
vt 0.941023 0.124729
vt 0.900713 0.124734
vt 0.900713 0.150012
vt 0.941023 0.150023
vt 0.941023 0.151314
vt 0.900713 0.151309
vt 0.871665 0.194087
vt 0.871670 0.153777
vt 0.872957 0.194087
vt 0.873761 0.129515
vt 0.874108 0.128170
vt 0.875106 0.127172
vt 0.876451 0.126825
vt 0.893464 0.126825
vt 0.894810 0.127172
vt 0.895808 0.128170
vt 0.896155 0.129515
vt 0.896155 0.146528
vt 0.895808 0.147873
vt 0.894810 0.148871
vt 0.875106 0.148871
vt 0.874108 0.147873
vt 0.873761 0.146528
vt 0.897849 0.148244
vt 0.897849 0.127799
vt 0.899135 0.126515
vt 0.899135 0.149528
vt 0.896465 0.123845
vt 0.873451 0.123845
vt 0.872967 0.122266
vt 0.896949 0.122266
vt 0.873761 0.146528
vt 0.872067 0.148244
vt 0.872067 0.127799
vt 0.895180 0.125131
vt 0.874735 0.125131
vt 0.870781 0.126515
vt 0.870781 0.149528
vt 0.869202 0.150012
vt 0.869202 0.126031
vt 0.900713 0.126031
vt 0.941023 0.152606
vt 0.900713 0.152606
vt 0.896514 0.150641
vt 0.897578 0.149578
vt 0.896514 0.125402
vt 0.897578 0.126465
vt 0.897776 0.151998
vt 0.898934 0.150840
vt 0.897777 0.124046
vt 0.898934 0.125203
vt 0.899089 0.152199
vt 0.899419 0.153349
vt 0.900285 0.152483
vt 0.899135 0.152152
vt 0.899036 0.150840
vt 0.900615 0.151309
vt 0.899419 0.122694
vt 0.899089 0.123845
vt 0.899135 0.123891
vt 0.900285 0.123560
vt 0.900615 0.124734
vt 0.899036 0.125203
vt 0.872338 0.126465
vt 0.873401 0.125402
vt 0.870982 0.125203
vt 0.872139 0.124046
vt 0.869630 0.123560
vt 0.870781 0.123891
vt 0.870827 0.123845
vt 0.870496 0.122694
vt 0.871670 0.122364
vt 0.872139 0.123944
vt 0.873401 0.150641
vt 0.872338 0.149578
vt 0.872139 0.151998
vt 0.870982 0.150840
vt 0.871670 0.153679
vt 0.872139 0.152100
vt 0.870496 0.153349
vt 0.870827 0.152199
vt 0.870781 0.152152
vt 0.869630 0.152483
vt 0.828892 0.126021
vt 0.828892 0.150023
vt 0.871670 0.122266
vt 0.871665 0.081956
vt 0.872957 0.081956
vt 0.870373 0.194087
vt 0.870373 0.153777
vt 0.941023 0.150022
vt 0.941023 0.126021
vt 0.896959 0.194087
vt 0.896959 0.081956
vt 0.869202 0.152606
vt 0.828892 0.152606
vt 0.899542 0.081956
vt 0.899542 0.122266
vt 0.870373 0.122266
vt 0.870373 0.081956
vt 0.828892 0.123437
vt 0.869202 0.123437
vt 0.899542 0.153777
vt 0.899542 0.194087
vt 0.872231 0.053283
vt 0.872059 0.053924
vt 0.871216 0.053813
vt 0.871475 0.052847
vt 0.870381 0.053674
vt 0.870704 0.052469
vt 0.827224 0.152489
vt 0.827224 0.150080
vt 0.872537 0.052976
vt 0.872101 0.052221
vt 0.870762 0.052368
vt 0.871622 0.051508
vt 0.871606 0.195755
vt 0.870432 0.195755
vt 0.873178 0.052805
vt 0.873068 0.051962
vt 0.871723 0.051449
vt 0.872928 0.051126
vt 0.872928 0.195755
vt 0.871723 0.195755
vt 0.897857 0.053924
vt 0.897685 0.053283
vt 0.898441 0.052847
vt 0.898700 0.053813
vt 0.899212 0.052469
vt 0.899535 0.053674
vt 0.942691 0.150051
vt 0.942691 0.151256
vt 0.897378 0.052976
vt 0.897814 0.052221
vt 0.898293 0.051508
vt 0.899153 0.052368
vt 0.942691 0.151373
vt 0.942691 0.152548
vt 0.896737 0.052805
vt 0.896848 0.051962
vt 0.896988 0.051126
vt 0.898192 0.051449
vt 0.899425 0.195755
vt 0.897016 0.195755
vt 0.896737 0.078602
vt 0.897378 0.078431
vt 0.897814 0.079186
vt 0.896848 0.079445
vt 0.898192 0.079958
vt 0.896988 0.080280
vt 0.897016 0.080288
vt 0.899425 0.080288
vt 0.897685 0.078124
vt 0.898441 0.078560
vt 0.899153 0.079039
vt 0.898293 0.079899
vt 0.942691 0.123495
vt 0.942691 0.124670
vt 0.897857 0.077483
vt 0.898700 0.077594
vt 0.899535 0.077733
vt 0.899212 0.078938
vt 0.942691 0.124787
vt 0.942691 0.125992
vt 0.872059 0.077483
vt 0.872231 0.078124
vt 0.871475 0.078560
vt 0.871216 0.077594
vt 0.870704 0.078938
vt 0.870381 0.077733
vt 0.827224 0.125963
vt 0.827224 0.123554
vt 0.872537 0.078431
vt 0.872101 0.079186
vt 0.871622 0.079899
vt 0.870762 0.079039
vt 0.870432 0.080288
vt 0.871606 0.080288
vt 0.873178 0.078602
vt 0.873068 0.079445
vt 0.872957 0.081122
vt 0.871723 0.081122
vt 0.942691 0.126050
vt 0.942691 0.149993
vt 0.899542 0.053732
vt 0.899542 0.077675
vt 0.896929 0.081122
vt 0.827224 0.149993
vt 0.827224 0.126050
vt 0.870373 0.077675
vt 0.870373 0.053732
vt 0.896929 0.195755
vt 0.872986 0.195755
vt 0.872986 0.051119
vt 0.896929 0.051119
s 1
usemtl Material
f 2477/3806/3063 2446/3807/3064 2438/3808/3065 2469/3809/3066
f 2465/3810/3067 2434/3811/3068 2442/3812/3069 2473/3813/3070
f 2455/3814/3071 2526/3815/3072 2522/3816/3073 2456/3817/3074
f 2437/3818/3075 2502/3819/3076 2510/3820/3077 2439/3821/3078
f 2542/3822/3079 2471/3823/3080 2469/3809/3066 2534/3824/3081
f 2481/3825/3082 2483/3826/3083 2484/3827/3084 2482/3828/3085 2449/3829/3086 2451/3830/3087 2452/3831/3088 2450/3832/3089 2433/3833/3090 2435/3834/3091 2436/3835/3092 2434/3811/3068 2465/3810/3067 2467/3836/3093 2468/3837/3094 2466/3838/3095
f 2473/3813/3070 2442/3812/3069 2446/3807/3096 2477/3806/3097
f 2441/3839/3098 2458/3840/3099 2462/3841/3100 2445/3842/3101
f 2461/3843/3102 2494/3844/3103 2486/3845/3104 2453/3846/3105
f 2481/3825/3082 2466/3847/3095 2474/3848/3106 2489/3849/3107
f 2457/3850/3108 2490/3851/3109 2494/3844/3110 2461/3843/3111
f 2493/3852/3112 2478/3853/3113 2470/3854/3114 2485/3855/3115
f 2489/3849/3107 2474/3848/3106 2478/3853/3116 2493/3852/3117
f 2433/3833/3090 2450/3832/3089 2458/3840/3099 2441/3839/3098
f 2449/3829/3086 2482/3828/3085 2490/3851/3109 2457/3850/3108
f 2445/3842/3118 2462/3841/3119 2454/3856/3120 2437/3818/3075
f 2439/3821/3078 2510/3820/3077 2506/3857/3121 2440/3858/3122
f 2442/3812/3069 2434/3811/3068 2436/3835/3092 2444/3859/3123
f 2444/3859/3123 2436/3835/3092 2435/3834/3091 2443/3860/3124
f 2443/3860/3124 2435/3834/3091 2433/3833/3090 2441/3839/3098
f 2449/3829/3086 2457/3850/3108 2459/3861/3125 2451/3830/3087
f 2451/3830/3087 2459/3861/3125 2460/3862/3126 2452/3831/3088
f 2452/3831/3088 2460/3862/3126 2458/3840/3099 2450/3832/3089
f 2446/3807/3096 2442/3812/3069 2444/3859/3123 2448/3863/3127
f 2448/3863/3127 2444/3859/3123 2443/3860/3124 2447/3864/3128
f 2447/3864/3128 2443/3860/3124 2441/3839/3098 2445/3842/3101
f 2457/3850/3108 2461/3843/3111 2463/3865/3129 2459/3861/3125
f 2459/3861/3125 2463/3865/3129 2464/3866/3130 2460/3862/3126
f 2460/3862/3126 2464/3866/3130 2462/3841/3100 2458/3840/3099
f 2438/3808/3065 2446/3807/3064 2448/3867/3131 2440/3868/3122
f 2440/3869/3122 2448/3870/3131 2447/3871/3132 2439/3872/3078
f 2439/3872/3078 2447/3871/3132 2445/3842/3118 2437/3818/3075
f 2461/3843/3102 2453/3846/3105 2455/3873/3071 2463/3874/3133
f 2463/3875/3133 2455/3876/3071 2456/3877/3074 2464/3878/3134
f 2464/3878/3134 2456/3877/3074 2454/3856/3120 2462/3841/3119
f 2481/3825/3082 2489/3849/3107 2491/3879/3135 2483/3826/3083
f 2483/3826/3083 2491/3879/3135 2492/3880/3136 2484/3827/3084
f 2484/3827/3084 2492/3880/3136 2490/3851/3109 2482/3828/3085
f 2489/3849/3107 2493/3852/3117 2495/3881/3137 2491/3879/3135
f 2491/3879/3135 2495/3881/3137 2496/3882/3138 2492/3880/3136
f 2492/3880/3136 2496/3882/3138 2494/3844/3110 2490/3851/3109
f 2493/3852/3112 2485/3855/3115 2487/3883/3139 2495/3884/3140
f 2495/3885/3140 2487/3886/3139 2488/3887/3141 2496/3888/3142
f 2496/3888/3142 2488/3887/3141 2486/3845/3104 2494/3844/3103
f 2465/3810/3067 2473/3813/3070 2475/3889/3143 2467/3836/3093
f 2467/3836/3093 2475/3889/3143 2476/3890/3144 2468/3837/3094
f 2468/3837/3094 2476/3890/3144 2474/3848/3106 2466/3847/3095
f 2473/3813/3070 2477/3806/3097 2479/3891/3145 2475/3889/3143
f 2475/3889/3143 2479/3891/3145 2480/3892/3146 2476/3890/3144
f 2476/3890/3144 2480/3892/3146 2478/3853/3116 2474/3848/3106
f 2477/3806/3063 2469/3809/3066 2471/3893/3080 2479/3894/3147
f 2479/3894/3147 2471/3893/3080 2472/3895/3148 2480/3896/3149
f 2480/3897/3149 2472/3898/3148 2470/3854/3114 2478/3853/3113
f 2550/3899/3150 2485/3855/3115 2470/3854/3114 2530/3900/3151
f 2488/3901/3141 2554/3902/3152 2546/3903/3153 2486/3845/3104
f 2538/3904/3154 2472/3905/3148 2471/3823/3080 2542/3822/3079
f 2502/3906/3076 2437/3818/3075 2454/3856/3120 2514/3907/3155
f 2456/3817/3074 2522/3816/3073 2514/3907/3155 2454/3856/3120
f 2534/3824/3081 2469/3809/3066 2438/3808/3065 2498/3908/3156
f 2518/3909/3157 2453/3846/3105 2486/3845/3104 2546/3903/3153
f 2530/3900/3151 2470/3854/3114 2472/3910/3148 2538/3911/3154
f 2453/3846/3105 2518/3909/3157 2526/3912/3072 2455/3913/3071
f 2487/3914/3139 2558/3915/3158 2554/3902/3152 2488/3901/3141
f 2485/3855/3115 2550/3899/3150 2558/3916/3158 2487/3917/3139
f 2440/3918/3122 2506/3919/3121 2498/3908/3156 2438/3808/3065
f 2537/3920/3159 2529/3921/3160 2531/3922/3161 2539/3923/3162
f 2539/3923/3163 2531/3922/3161 2532/3924/3164 2540/3925/3163
f 2540/3926/3165 2532/3927/3166 2530/3900/3151 2538/3911/3154
f 2541/3928/3167 2537/3920/3159 2539/3923/3162 2543/3929/3168
f 2543/3929/3169 2539/3923/3163 2540/3930/3163 2544/3931/3169
f 2544/3932/3170 2540/3933/3165 2538/3904/3154 2542/3822/3079
f 2533/3934/3171 2541/3928/3167 2543/3929/3168 2535/3935/3172
f 2535/3935/3172 2543/3929/3169 2544/3936/3169 2536/3937/3173
f 2536/3938/3174 2544/3939/3170 2542/3822/3079 2534/3824/3081
f 2501/3940/3175 2509/3941/3176 2511/3942/3177 2503/3943/3178
f 2503/3943/3178 2511/3942/3179 2512/3944/3179 2504/3945/3180
f 2504/3946/3181 2512/3947/3182 2510/3820/3077 2502/3819/3076
f 2509/3941/3176 2505/3948/3183 2507/3949/3184 2511/3942/3177
f 2511/3942/3179 2507/3949/3185 2508/3950/3185 2512/3951/3179
f 2512/3952/3182 2508/3953/3186 2506/3857/3121 2510/3820/3077
f 2505/3948/3183 2497/3954/3187 2499/3955/3188 2507/3949/3184
f 2507/3949/3185 2499/3955/3188 2500/3956/3189 2508/3957/3185
f 2508/3958/3186 2500/3959/3190 2498/3908/3156 2506/3919/3121
f 2517/3960/3191 2525/3961/3192 2527/3962/3193 2519/3963/3194
f 2519/3963/3194 2527/3962/3195 2528/3964/3196 2520/3965/3197
f 2520/3966/3198 2528/3967/3199 2526/3912/3199 2518/3909/3198
f 2525/3961/3192 2521/3968/3200 2523/3969/3201 2527/3962/3193
f 2527/3962/3195 2523/3969/3202 2524/3970/3202 2528/3971/3196
f 2528/3972/3199 2524/3973/3203 2522/3816/3203 2526/3815/3199
f 2521/3968/3200 2513/3974/3204 2515/3975/3205 2523/3969/3201
f 2523/3969/3202 2515/3975/3205 2516/3976/3206 2524/3977/3202
f 2524/3978/3203 2516/3979/3207 2514/3907/3155 2522/3816/3203
f 2549/3980/3208 2557/3981/3209 2559/3982/3210 2551/3983/3211
f 2551/3983/3211 2559/3982/3212 2560/3984/3212 2552/3985/3213
f 2552/3986/3214 2560/3987/3215 2558/3916/3216 2550/3899/3150
f 2557/3981/3209 2553/3988/3217 2555/3989/3218 2559/3982/3210
f 2559/3982/3212 2555/3989/3219 2556/3990/3219 2560/3991/3212
f 2560/3992/3215 2556/3993/3220 2554/3902/3220 2558/3915/3216
f 2553/3988/3217 2545/3994/3221 2547/3995/3222 2555/3989/3218
f 2555/3989/3219 2547/3995/3222 2548/3996/3223 2556/3997/3219
f 2556/3997/3220 2548/3996/3224 2546/3903/3224 2554/3902/3220
f 2502/3906/3076 2514/3907/3155 2516/3998/3207 2504/3999/3181
f 2504/4000/3180 2516/4001/3206 2515/3975/3205 2503/3943/3178
f 2503/3943/3178 2515/3975/3205 2513/3974/3204 2501/3940/3175
f 2518/3909/3198 2546/3903/3224 2548/3996/3224 2520/4002/3198
f 2520/4002/3197 2548/3996/3223 2547/3995/3222 2519/3963/3194
f 2519/3963/3194 2547/3995/3222 2545/3994/3221 2517/3960/3191
f 2550/3899/3150 2530/3900/3151 2532/4003/3166 2552/4004/3214
f 2552/4005/3213 2532/4006/3164 2531/3922/3161 2551/3983/3211
f 2551/3983/3211 2531/3922/3161 2529/3921/3160 2549/3980/3208
f 2534/3824/3081 2498/3908/3156 2500/4007/3190 2536/4008/3174
f 2536/4009/3173 2500/4010/3189 2499/3955/3188 2535/3935/3172
f 2535/3935/3172 2499/3955/3188 2497/3954/3187 2533/3934/3171
f 2513/3974/3204 2521/3968/3200 2525/3961/3192 2517/3960/3191 2545/3994/3221 2553/3988/3217 2557/3981/3209 2549/3980/3208 2529/3921/3160 2537/3920/3159 2541/3928/3167 2533/3934/3171 2497/3954/3187 2505/3948/3183 2509/3941/3176 2501/3940/3175
